"ListTitle","ListId","FieldTitle","InternalName","StaticName","TypeDisplayName","TypeAsString","FieldTypeKind","Required","Hidden","ReadOnlyField","Indexed","Group","Choices","LookupList","LookupField","DefaultValue","Description"
"Admin Documents","9de03526-7b4f-4863-a6e7-1bdf1331bea0","Content Type ID","ContentTypeId","ContentTypeId","Content Type Id","ContentTypeId","ContentTypeId","False","True","True","False","Custom Columns","",,,,""
"Admin Documents","9de03526-7b4f-4863-a6e7-1bdf1331bea0","Approver Comments","_ModerationComments","_ModerationComments","Multiple lines of text","Note","Note","False","True","True","False","Custom Columns","",,,,""
"Admin Documents","9de03526-7b4f-4863-a6e7-1bdf1331bea0","Name","FileLeafRef","FileLeafRef","File","File","File","True","False","False","False","Custom Columns","",,,,""
"Admin Documents","9de03526-7b4f-4863-a6e7-1bdf1331bea0","Document Modified By","Modified_x0020_By","Modified_x0020_By","Single line of text","Text","Text","False","True","True","False","Custom Columns","",,,,""
"Admin Documents","9de03526-7b4f-4863-a6e7-1bdf1331bea0","Document Created By","Created_x0020_By","Created_x0020_By","Single line of text","Text","Text","False","True","True","False","Custom Columns","",,,,""
"Admin Documents","9de03526-7b4f-4863-a6e7-1bdf1331bea0","File Type","File_x0020_Type","File_x0020_Type","Single line of text","Text","Text","False","True","True","False","Custom Columns","",,,,""
"Admin Documents","9de03526-7b4f-4863-a6e7-1bdf1331bea0","HTML File Type","HTML_x0020_File_x0020_Type","HTML_x0020_File_x0020_Type","Single line of text","Text","Text","False","True","True","False","Custom Columns","",,,,""
"Admin Documents","9de03526-7b4f-4863-a6e7-1bdf1331bea0","Source URL","_SourceUrl","_SourceUrl","Single line of text","Text","Text","False","True","False","False","Custom Columns","",,,,""
"Admin Documents","9de03526-7b4f-4863-a6e7-1bdf1331bea0","Shared File Index","_SharedFileIndex","_SharedFileIndex","Single line of text","Text","Text","False","True","False","False","Custom Columns","",,,,""
"Admin Documents","9de03526-7b4f-4863-a6e7-1bdf1331bea0","Color","_ColorHex","_ColorHex","Single line of text","Text","Text","False","True","True","False","Custom Columns","",,,,""
"Admin Documents","9de03526-7b4f-4863-a6e7-1bdf1331bea0","Color Tag","_ColorTag","_ColorTag","Single line of text","Text","Text","False","False","True","False","Custom Columns","",,,,""
"Admin Documents","9de03526-7b4f-4863-a6e7-1bdf1331bea0","Emoji","_Emoji","_Emoji","Single line of text","Text","Text","False","True","True","False","Custom Columns","",,,,""
"Admin Documents","9de03526-7b4f-4863-a6e7-1bdf1331bea0","Media Generated Metadata","MediaGeneratedMetadata","MediaGeneratedMetadata","Multiple lines of text","Note","Note","False","True","True","False","Custom Columns","",,,,""
"Admin Documents","9de03526-7b4f-4863-a6e7-1bdf1331bea0","Media User Metadata","MediaUserMetadata","MediaUserMetadata","Multiple lines of text","Note","Note","False","True","True","False","Custom Columns","",,,,""
"Admin Documents","9de03526-7b4f-4863-a6e7-1bdf1331bea0","Media file metadata","ExtractedMetadataComputed","ExtractedMetadataComputed","Computed","Computed","Computed","False","True","True","False","Custom Columns","",,,,""
"Admin Documents","9de03526-7b4f-4863-a6e7-1bdf1331bea0","Compliance Asset Id","ComplianceAssetId","ComplianceAssetId","Single line of text","Text","Text","False","False","True","False","Custom Columns","",,,,""
"Admin Documents","9de03526-7b4f-4863-a6e7-1bdf1331bea0","Title","Title","Title","Single line of text","Text","Text","False","False","False","False","Custom Columns","",,,,""
"Admin Documents","9de03526-7b4f-4863-a6e7-1bdf1331bea0","Template Link","TemplateUrl","TemplateUrl","Single line of text","Text","Text","False","True","False","False","Custom Columns","",,,,""
"Admin Documents","9de03526-7b4f-4863-a6e7-1bdf1331bea0","HTML File Link","xd_ProgID","xd_ProgID","Single line of text","Text","Text","False","True","False","False","Custom Columns","",,,,""
"Admin Documents","9de03526-7b4f-4863-a6e7-1bdf1331bea0","Is Signed","xd_Signature","xd_Signature","Yes/No","Boolean","Boolean","False","True","True","False","_Hidden","",,,,""
"Admin Documents","9de03526-7b4f-4863-a6e7-1bdf1331bea0","Effective Sensitivity","_EffectiveIpLabelDisplayName","_EffectiveIpLabelDisplayName","Computed","Computed","Computed","False","True","True","False","Custom Columns","",,,,""
"Admin Documents","9de03526-7b4f-4863-a6e7-1bdf1331bea0","Shortcut URL","_ShortcutUrl","_ShortcutUrl","Hyperlink or Picture","URL","URL","False","True","False","False","Custom Columns","",,,,""
"Admin Documents","9de03526-7b4f-4863-a6e7-1bdf1331bea0","Shortcut Site Id","_ShortcutSiteId","_ShortcutSiteId","Guid","Guid","Guid","False","True","False","False","Custom Columns","",,,,""
"Admin Documents","9de03526-7b4f-4863-a6e7-1bdf1331bea0","Shortcut Web Id","_ShortcutWebId","_ShortcutWebId","Guid","Guid","Guid","False","True","False","False","Custom Columns","",,,,""
"Admin Documents","9de03526-7b4f-4863-a6e7-1bdf1331bea0","Shortcut Unique Id","_ShortcutUniqueId","_ShortcutUniqueId","Guid","Guid","Guid","False","True","False","False","Custom Columns","",,,,""
"Admin Documents","9de03526-7b4f-4863-a6e7-1bdf1331bea0","Description","_ExtendedDescription","_ExtendedDescription","Multiple lines of text","Note","Note","False","False","False","False","Custom Columns","",,,,""
"Admin Documents","9de03526-7b4f-4863-a6e7-1bdf1331bea0","Trigger Flow Info","TriggerFlowInfo","TriggerFlowInfo","Single line of text","Text","Text","False","True","True","False","Custom Columns","",,,,""
"Admin Documents","9de03526-7b4f-4863-a6e7-1bdf1331bea0","MediaServiceMetadata","MediaServiceMetadata","MediaServiceMetadata","Multiple lines of text","Note","Note","False","True","True","False","_Hidden","",,,,""
"Admin Documents","9de03526-7b4f-4863-a6e7-1bdf1331bea0","MediaServiceFastMetadata","MediaServiceFastMetadata","MediaServiceFastMetadata","Multiple lines of text","Note","Note","False","True","True","False","_Hidden","",,,,""
"Admin Documents","9de03526-7b4f-4863-a6e7-1bdf1331bea0","MediaServiceSearchProperties","MediaServiceSearchProperties","MediaServiceSearchProperties","Multiple lines of text","Note","Note","False","True","True","False","_Hidden","",,,,""
"Admin Documents","9de03526-7b4f-4863-a6e7-1bdf1331bea0","ID","ID","ID","Counter","Counter","Counter","False","False","True","False","Custom Columns","",,,,""
"Admin Documents","9de03526-7b4f-4863-a6e7-1bdf1331bea0","Content Type","ContentType","ContentType","Computed","Computed","Computed","False","False","False","False","_Hidden","",,,,""
"Admin Documents","9de03526-7b4f-4863-a6e7-1bdf1331bea0","Created","Created","Created","Date and Time","DateTime","DateTime","False","False","True","False","Custom Columns","",,,,""
"Admin Documents","9de03526-7b4f-4863-a6e7-1bdf1331bea0","Created By","Author","Author","Person or Group","User","User","False","False","True","False","Custom Columns","","{05970f80-1382-466a-ab40-156b3e727c70}","",,""
"Admin Documents","9de03526-7b4f-4863-a6e7-1bdf1331bea0","Modified","Modified","Modified","Date and Time","DateTime","DateTime","False","False","True","False","Custom Columns","",,,,""
"Admin Documents","9de03526-7b4f-4863-a6e7-1bdf1331bea0","Modified By","Editor","Editor","Person or Group","User","User","False","False","True","False","Custom Columns","","{05970f80-1382-466a-ab40-156b3e727c70}","",,""
"Admin Documents","9de03526-7b4f-4863-a6e7-1bdf1331bea0","Has Copy Destinations","_HasCopyDestinations","_HasCopyDestinations","Yes/No","Boolean","Boolean","False","True","True","False","Custom Columns","",,,,""
"Admin Documents","9de03526-7b4f-4863-a6e7-1bdf1331bea0","Copy Source","_CopySource","_CopySource","Single line of text","Text","Text","False","False","True","False","Custom Columns","",,,,""
"Admin Documents","9de03526-7b4f-4863-a6e7-1bdf1331bea0","Approval Status","_ModerationStatus","_ModerationStatus","Moderation Status","ModStat","ModStat","False","True","True","False","Custom Columns","0;#Approved | 1;#Rejected | 2;#Pending | 3;#Draft | 4;#Scheduled",,,"0",""
"Admin Documents","9de03526-7b4f-4863-a6e7-1bdf1331bea0","URL Path","FileRef","FileRef","Lookup","Lookup","Lookup","False","True","True","False","Custom Columns","","","FullUrl",,""
"Admin Documents","9de03526-7b4f-4863-a6e7-1bdf1331bea0","Path","FileDirRef","FileDirRef","Lookup","Lookup","Lookup","False","True","True","False","Custom Columns","","","DirName",,""
"Admin Documents","9de03526-7b4f-4863-a6e7-1bdf1331bea0","Modified","Last_x0020_Modified","Last_x0020_Modified","Lookup","Lookup","Lookup","False","True","True","False","Custom Columns","","","TimeLastModified",,""
"Admin Documents","9de03526-7b4f-4863-a6e7-1bdf1331bea0","Created","Created_x0020_Date","Created_x0020_Date","Lookup","Lookup","Lookup","False","True","True","False","Custom Columns","","","TimeCreated",,""
"Admin Documents","9de03526-7b4f-4863-a6e7-1bdf1331bea0","File Size","File_x0020_Size","File_x0020_Size","Lookup","Lookup","Lookup","False","True","True","False","Custom Columns","","","SizeInKB",,""
"Admin Documents","9de03526-7b4f-4863-a6e7-1bdf1331bea0","Item Type","FSObjType","FSObjType","Lookup","Lookup","Lookup","False","True","True","False","Custom Columns","","","FSType",,""
"Admin Documents","9de03526-7b4f-4863-a6e7-1bdf1331bea0","Sort Type","SortBehavior","SortBehavior","Lookup","Lookup","Lookup","False","True","True","False","Custom Columns","","","SortBehavior",,""
"Admin Documents","9de03526-7b4f-4863-a6e7-1bdf1331bea0","Effective Permissions Mask","PermMask","PermMask","Computed","Computed","Computed","False","True","True","False","Custom Columns","",,,,""
"Admin Documents","9de03526-7b4f-4863-a6e7-1bdf1331bea0","Principal Count","PrincipalCount","PrincipalCount","Computed","Computed","Computed","False","True","True","False","Custom Columns","",,,,""
"Admin Documents","9de03526-7b4f-4863-a6e7-1bdf1331bea0","ID of the User who has the item Checked Out","CheckedOutUserId","CheckedOutUserId","Lookup","Lookup","Lookup","False","True","True","False","Custom Columns","","","CheckoutUserId",,""
"Admin Documents","9de03526-7b4f-4863-a6e7-1bdf1331bea0","Is Checked out to local","IsCheckedoutToLocal","IsCheckedoutToLocal","Lookup","Lookup","Lookup","False","True","True","False","Custom Columns","","","IsCheckoutToLocal",,""
"Admin Documents","9de03526-7b4f-4863-a6e7-1bdf1331bea0","Checked Out To","CheckoutUser","CheckoutUser","Person or Group","User","User","False","False","True","False","Custom Columns","","{05970f80-1382-466a-ab40-156b3e727c70}","",,""
"Admin Documents","9de03526-7b4f-4863-a6e7-1bdf1331bea0","Unique Id","UniqueId","UniqueId","Lookup","Lookup","Lookup","False","True","True","False","Custom Columns","","","UniqueId",,""
"Admin Documents","9de03526-7b4f-4863-a6e7-1bdf1331bea0","Document Parent Identifier","ParentUniqueId","ParentUniqueId","Lookup","Lookup","Lookup","False","True","True","False","Custom Columns","","","ParentUniqueId",,""
"Admin Documents","9de03526-7b4f-4863-a6e7-1bdf1331bea0","Client Id","SyncClientId","SyncClientId","Lookup","Lookup","Lookup","False","True","True","False","Custom Columns","","","SyncClientId",,""
"Admin Documents","9de03526-7b4f-4863-a6e7-1bdf1331bea0","ProgId","ProgId","ProgId","Lookup","Lookup","Lookup","False","True","True","False","Custom Columns","","","ProgId",,""
"Admin Documents","9de03526-7b4f-4863-a6e7-1bdf1331bea0","ScopeId","ScopeId","ScopeId","Lookup","Lookup","Lookup","False","True","True","False","Custom Columns","","","ScopeId",,""
"Admin Documents","9de03526-7b4f-4863-a6e7-1bdf1331bea0","Virus Status","VirusStatus","VirusStatus","Lookup","Lookup","Lookup","False","True","True","False","Custom Columns","","","Size",,""
"Admin Documents","9de03526-7b4f-4863-a6e7-1bdf1331bea0","Checked Out To","CheckedOutTitle","CheckedOutTitle","Lookup","Lookup","Lookup","False","True","True","False","Custom Columns","","","CheckedOutTitle",,""
"Admin Documents","9de03526-7b4f-4863-a6e7-1bdf1331bea0","Check In Comment","_CheckinComment","_CheckinComment","Lookup","Lookup","Lookup","False","False","True","False","Custom Columns","","","CheckinComment",,""
"Admin Documents","9de03526-7b4f-4863-a6e7-1bdf1331bea0","Checked Out To","LinkCheckedOutTitle","LinkCheckedOutTitle","Computed","Computed","Computed","False","True","True","False","Custom Columns","",,,,""
"Admin Documents","9de03526-7b4f-4863-a6e7-1bdf1331bea0","Edit Menu Table Start","_EditMenuTableStart","_EditMenuTableStart","Computed","Computed","Computed","False","True","True","False","Custom Columns","",,,,""
"Admin Documents","9de03526-7b4f-4863-a6e7-1bdf1331bea0","Edit Menu Table Start","_EditMenuTableStart2","_EditMenuTableStart2","Computed","Computed","Computed","False","True","True","False","Custom Columns","",,,,""
"Admin Documents","9de03526-7b4f-4863-a6e7-1bdf1331bea0","Edit Menu Table End","_EditMenuTableEnd","_EditMenuTableEnd","Computed","Computed","Computed","False","True","True","False","Custom Columns","",,,,""
"Admin Documents","9de03526-7b4f-4863-a6e7-1bdf1331bea0","Name","LinkFilenameNoMenu","LinkFilenameNoMenu","Computed","Computed","Computed","False","False","True","False","Custom Columns","",,,,""
"Admin Documents","9de03526-7b4f-4863-a6e7-1bdf1331bea0","Name","LinkFilename","LinkFilename","Computed","Computed","Computed","False","False","True","False","Custom Columns","",,,,""
"Admin Documents","9de03526-7b4f-4863-a6e7-1bdf1331bea0","Name","LinkFilename2","LinkFilename2","Computed","Computed","Computed","False","True","True","False","Custom Columns","",,,,""
"Admin Documents","9de03526-7b4f-4863-a6e7-1bdf1331bea0","Type","DocIcon","DocIcon","Computed","Computed","Computed","False","False","True","False","Custom Columns","",,,,""
"Admin Documents","9de03526-7b4f-4863-a6e7-1bdf1331bea0","Server Relative URL","ServerUrl","ServerUrl","Computed","Computed","Computed","False","True","True","False","Custom Columns","",,,,""
"Admin Documents","9de03526-7b4f-4863-a6e7-1bdf1331bea0","Encoded Absolute URL","EncodedAbsUrl","EncodedAbsUrl","Computed","Computed","Computed","False","True","True","False","Custom Columns","",,,,""
"Admin Documents","9de03526-7b4f-4863-a6e7-1bdf1331bea0","Name","BaseName","BaseName","Computed","Computed","Computed","False","True","True","False","Custom Columns","",,,,""
"Admin Documents","9de03526-7b4f-4863-a6e7-1bdf1331bea0","File Size","FileSizeDisplay","FileSizeDisplay","Computed","Computed","Computed","False","False","True","False","Custom Columns","",,,,""
"Admin Documents","9de03526-7b4f-4863-a6e7-1bdf1331bea0","Property Bag","MetaInfo","MetaInfo","Lookup","Lookup","Lookup","False","True","False","False","Custom Columns","","","MetaInfo",,""
"Admin Documents","9de03526-7b4f-4863-a6e7-1bdf1331bea0","Level","_Level","_Level","Integer","Integer","Integer","False","True","True","False","Custom Columns","",,,,""
"Admin Documents","9de03526-7b4f-4863-a6e7-1bdf1331bea0","Is Current Version","_IsCurrentVersion","_IsCurrentVersion","Yes/No","Boolean","Boolean","False","True","True","False","Custom Columns","",,,,""
"Admin Documents","9de03526-7b4f-4863-a6e7-1bdf1331bea0","Item Child Count","ItemChildCount","ItemChildCount","Lookup","Lookup","Lookup","False","False","True","False","Custom Columns","","","ItemChildCount",,""
"Admin Documents","9de03526-7b4f-4863-a6e7-1bdf1331bea0","Folder Child Count","FolderChildCount","FolderChildCount","Lookup","Lookup","Lookup","False","False","True","False","Custom Columns","","","FolderChildCount",,""
"Admin Documents","9de03526-7b4f-4863-a6e7-1bdf1331bea0","Restricted","Restricted","Restricted","Lookup","Lookup","Lookup","False","True","True","False","Custom Columns","","","Restricted",,""
"Admin Documents","9de03526-7b4f-4863-a6e7-1bdf1331bea0","Originator Id","OriginatorId","OriginatorId","Lookup","Lookup","Lookup","False","True","True","False","Custom Columns","","","OriginatorId",,""
"Admin Documents","9de03526-7b4f-4863-a6e7-1bdf1331bea0","NoExecute","NoExecute","NoExecute","Lookup","Lookup","Lookup","False","True","True","False","Custom Columns","","","DocFlags",,""
"Admin Documents","9de03526-7b4f-4863-a6e7-1bdf1331bea0","Content Version","ContentVersion","ContentVersion","Lookup","Lookup","Lookup","False","True","True","False","Custom Columns","","","ContentVersion",,""
"Admin Documents","9de03526-7b4f-4863-a6e7-1bdf1331bea0","Label setting","_ComplianceFlags","_ComplianceFlags","Lookup","Lookup","Lookup","False","False","True","False","Custom Columns","","","ComplianceFlags",,""
"Admin Documents","9de03526-7b4f-4863-a6e7-1bdf1331bea0","Retention label","_ComplianceTag","_ComplianceTag","Lookup","Lookup","Lookup","False","False","True","False","Custom Columns","","","ComplianceTag",,""
"Admin Documents","9de03526-7b4f-4863-a6e7-1bdf1331bea0","Retention label Applied","_ComplianceTagWrittenTime","_ComplianceTagWrittenTime","Lookup","Lookup","Lookup","False","False","True","False","Custom Columns","","","ComplianceTagWrittenTime",,""
"Admin Documents","9de03526-7b4f-4863-a6e7-1bdf1331bea0","Label applied by","_ComplianceTagUserId","_ComplianceTagUserId","Lookup","Lookup","Lookup","False","False","True","False","Custom Columns","","","ComplianceTagUserId",,""
"Admin Documents","9de03526-7b4f-4863-a6e7-1bdf1331bea0","Item is a Record","_IsRecord","_IsRecord","Computed","Computed","Computed","False","False","True","False","Custom Columns","",,,,""
"Admin Documents","9de03526-7b4f-4863-a6e7-1bdf1331bea0","BLOB Sequence Number","BSN","BSN","Lookup","Lookup","Lookup","False","True","True","False","Custom Columns","","","BSN",,""
"Admin Documents","9de03526-7b4f-4863-a6e7-1bdf1331bea0","List Schema Version","_ListSchemaVersion","_ListSchemaVersion","Lookup","Lookup","Lookup","False","True","True","False","Custom Columns","","","ListSchemaVersion",,""
"Admin Documents","9de03526-7b4f-4863-a6e7-1bdf1331bea0","Dirty","_Dirty","_Dirty","Lookup","Lookup","Lookup","False","True","True","False","Custom Columns","","","Dirty",,""
"Admin Documents","9de03526-7b4f-4863-a6e7-1bdf1331bea0","Parsable","_Parsable","_Parsable","Lookup","Lookup","Lookup","False","True","True","False","Custom Columns","","","DocFlags",,""
"Admin Documents","9de03526-7b4f-4863-a6e7-1bdf1331bea0","StubFile","_StubFile","_StubFile","Lookup","Lookup","Lookup","False","True","True","False","Custom Columns","","","DocFlags",,""
"Admin Documents","9de03526-7b4f-4863-a6e7-1bdf1331bea0","HasEncryptedContent","_HasEncryptedContent","_HasEncryptedContent","Lookup","Lookup","Lookup","False","True","True","False","Custom Columns","","","DocFlags",,""
"Admin Documents","9de03526-7b4f-4863-a6e7-1bdf1331bea0","HasUserDefinedProtection","_HasUserDefinedProtection","_HasUserDefinedProtection","Lookup","Lookup","Lookup","False","True","True","False","Custom Columns","","","DocFlags",,""
"Admin Documents","9de03526-7b4f-4863-a6e7-1bdf1331bea0","Access Policy","AccessPolicy","AccessPolicy","Lookup","Lookup","Lookup","False","True","True","False","Custom Columns","","","AccessPolicy",,""
"Admin Documents","9de03526-7b4f-4863-a6e7-1bdf1331bea0","VirusStatus","_VirusStatus","_VirusStatus","Lookup","Lookup","Lookup","False","True","True","False","Custom Columns","","","VirusStatus",,""
"Admin Documents","9de03526-7b4f-4863-a6e7-1bdf1331bea0","VirusVendorID","_VirusVendorID","_VirusVendorID","Lookup","Lookup","Lookup","False","True","True","False","Custom Columns","","","VirusVendorID",,""
"Admin Documents","9de03526-7b4f-4863-a6e7-1bdf1331bea0","VirusInfo","_VirusInfo","_VirusInfo","Lookup","Lookup","Lookup","False","True","True","False","Custom Columns","","","VirusInfo",,""
"Admin Documents","9de03526-7b4f-4863-a6e7-1bdf1331bea0","RansomwareAnomalyMetaInfo","_RansomwareAnomalyMetaInfo","_RansomwareAnomalyMetaInfo","Lookup","Lookup","Lookup","False","True","True","False","Custom Columns","","","RansomwareAnomalyMetaInfo",,""
"Admin Documents","9de03526-7b4f-4863-a6e7-1bdf1331bea0","Comment settings","_CommentFlags","_CommentFlags","Lookup","Lookup","Lookup","False","True","True","False","Custom Columns","","","CommentFlags",,""
"Admin Documents","9de03526-7b4f-4863-a6e7-1bdf1331bea0","Comment count","_CommentCount","_CommentCount","Lookup","Lookup","Lookup","False","False","True","False","Custom Columns","","","CommentCount",,""
"Admin Documents","9de03526-7b4f-4863-a6e7-1bdf1331bea0","Like count","_LikeCount","_LikeCount","Lookup","Lookup","Lookup","False","False","True","False","Custom Columns","","","LikeCount",,""
"Admin Documents","9de03526-7b4f-4863-a6e7-1bdf1331bea0","Rights Management Template Id","_RmsTemplateId","_RmsTemplateId","Lookup","Lookup","Lookup","False","True","True","False","Custom Columns","","","RmsTemplateId",,""
"Admin Documents","9de03526-7b4f-4863-a6e7-1bdf1331bea0","Sensitivity Label Id","_IpLabelId","_IpLabelId","Lookup","Lookup","Lookup","False","True","True","False","Custom Columns","","","IpLabelId",,""
"Admin Documents","9de03526-7b4f-4863-a6e7-1bdf1331bea0","Sensitivity","_DisplayName","_DisplayName","Lookup","Lookup","Lookup","False","False","True","False","Custom Columns","","","DisplayName",,""
"Admin Documents","9de03526-7b4f-4863-a6e7-1bdf1331bea0","Sensitivity Label Assignment Method","_IpLabelAssignmentMethod","_IpLabelAssignmentMethod","Lookup","Lookup","Lookup","False","True","True","False","Custom Columns","","","IpLabelAssignmentMethod",,""
"Admin Documents","9de03526-7b4f-4863-a6e7-1bdf1331bea0","A2OD Mount Count","A2ODMountCount","A2ODMountCount","Lookup","Lookup","Lookup","False","True","True","False","Custom Columns","","","A2ODMountCount",,""
"Admin Documents","9de03526-7b4f-4863-a6e7-1bdf1331bea0","Expiration Date","_ExpirationDate","_ExpirationDate","Lookup","Lookup","Lookup","False","True","True","False","Custom Columns","","","ExpirationDate",,""
"Admin Documents","9de03526-7b4f-4863-a6e7-1bdf1331bea0","IpLabelHash","_IpLabelHash","_IpLabelHash","Lookup","Lookup","Lookup","False","True","True","False","Custom Columns","","","IpLabelHash",,""
"Admin Documents","9de03526-7b4f-4863-a6e7-1bdf1331bea0","IpLabelPromotionCtagVersion","_IpLabelPromotionCtagVersion","_IpLabelPromotionCtagVersion","Lookup","Lookup","Lookup","False","True","True","False","Custom Columns","","","IpLabelPromotionCtagVersion",,""
"Admin Documents","9de03526-7b4f-4863-a6e7-1bdf1331bea0","Draft Owner Id","_DraftOwnerId","_DraftOwnerId","Lookup","Lookup","Lookup","False","True","True","False","Custom Columns","","","DraftOwnerId",,""
"Admin Documents","9de03526-7b4f-4863-a6e7-1bdf1331bea0","Sensitivity Label Metadata","_IpLabelMetaInfo","_IpLabelMetaInfo","Lookup","Lookup","Lookup","False","True","True","False","Custom Columns","","","IpLabelMetaInfo",,""
"Admin Documents","9de03526-7b4f-4863-a6e7-1bdf1331bea0","AdditionalStreamSize","_AdditionalStreamSize","_AdditionalStreamSize","Lookup","Lookup","Lookup","False","True","True","False","Custom Columns","","","AdditionalStreamSize",,""
"Admin Documents","9de03526-7b4f-4863-a6e7-1bdf1331bea0","StreamScenarioIds","_StreamScenarioIds","_StreamScenarioIds","Lookup","Lookup","Lookup","False","True","True","False","Custom Columns","","","StreamScenarioIds",,""
"Admin Documents","9de03526-7b4f-4863-a6e7-1bdf1331bea0","Archive Status","_FileArchiveStatus","_FileArchiveStatus","Lookup","Lookup","Lookup","False","True","True","False","Custom Columns","","","FileArchiveStatus",,""
"Admin Documents","9de03526-7b4f-4863-a6e7-1bdf1331bea0","Media file metadata","_ExtractedMetadata","_ExtractedMetadata","Lookup","Lookup","Lookup","False","True","True","False","Custom Columns","","","ExtractedMetadata",,""
"Admin Documents","9de03526-7b4f-4863-a6e7-1bdf1331bea0","Archive State Last Modified Time","_FileArchiveTimeLastModified","_FileArchiveTimeLastModified","Lookup","Lookup","Lookup","False","True","True","False","Custom Columns","","","FileArchiveTimeLastModified",,""
"Admin Documents","9de03526-7b4f-4863-a6e7-1bdf1331bea0","Main Link settings","MainLinkSettings","MainLinkSettings","Computed","Computed","Computed","False","True","True","False","Custom Columns","",,,,""
"Admin Documents","9de03526-7b4f-4863-a6e7-1bdf1331bea0","App Created By","AppAuthor","AppAuthor","Lookup","Lookup","Lookup","False","False","True","False","Custom Columns","","AppPrincipals","Title",,""
"Admin Documents","9de03526-7b4f-4863-a6e7-1bdf1331bea0","App Modified By","AppEditor","AppEditor","Lookup","Lookup","Lookup","False","False","True","False","Custom Columns","","AppPrincipals","Title",,""
"Admin Documents","9de03526-7b4f-4863-a6e7-1bdf1331bea0","Total Size","SMTotalSize","SMTotalSize","Lookup","Lookup","Lookup","False","True","True","False","Custom Columns","","","SMTotalSize",,""
"Admin Documents","9de03526-7b4f-4863-a6e7-1bdf1331bea0","Last Modified Date","SMLastModifiedDate","SMLastModifiedDate","Lookup","Lookup","Lookup","False","True","True","False","Custom Columns","","","SMLastModifiedDate",,""
"Admin Documents","9de03526-7b4f-4863-a6e7-1bdf1331bea0","Total File Stream Size","SMTotalFileStreamSize","SMTotalFileStreamSize","Lookup","Lookup","Lookup","False","True","True","False","Custom Columns","","","SMTotalFileStreamSize",,""
"Admin Documents","9de03526-7b4f-4863-a6e7-1bdf1331bea0","Total File Count","SMTotalFileCount","SMTotalFileCount","Lookup","Lookup","Lookup","False","True","True","False","Custom Columns","","","SMTotalFileCount",,""
"Admin Documents","9de03526-7b4f-4863-a6e7-1bdf1331bea0","Select","SelectTitle","SelectTitle","Computed","Computed","Computed","False","True","True","False","Custom Columns","",,,,""
"Admin Documents","9de03526-7b4f-4863-a6e7-1bdf1331bea0","Select","SelectFilename","SelectFilename","Computed","Computed","Computed","False","True","True","False","Custom Columns","",,,,""
"Admin Documents","9de03526-7b4f-4863-a6e7-1bdf1331bea0","Edit","Edit","Edit","Computed","Computed","Computed","False","False","True","False","Custom Columns","",,,,""
"Admin Documents","9de03526-7b4f-4863-a6e7-1bdf1331bea0","owshiddenversion","owshiddenversion","owshiddenversion","Integer","Integer","Integer","False","True","True","False","Custom Columns","",,,,""
"Admin Documents","9de03526-7b4f-4863-a6e7-1bdf1331bea0","UI Version","_UIVersion","_UIVersion","Integer","Integer","Integer","False","True","True","False","Custom Columns","",,,,""
"Admin Documents","9de03526-7b4f-4863-a6e7-1bdf1331bea0","Version","_UIVersionString","_UIVersionString","Single line of text","Text","Text","False","False","True","False","Custom Columns","",,,,""
"Admin Documents","9de03526-7b4f-4863-a6e7-1bdf1331bea0","Instance ID","InstanceID","InstanceID","Integer","Integer","Integer","False","True","True","False","Custom Columns","",,,,""
"Admin Documents","9de03526-7b4f-4863-a6e7-1bdf1331bea0","Order","Order","Order","Number","Number","Number","False","True","False","False","Custom Columns","",,,,""
"Admin Documents","9de03526-7b4f-4863-a6e7-1bdf1331bea0","GUID","GUID","GUID","Guid","Guid","Guid","False","True","True","False","Custom Columns","",,,,""
"Admin Documents","9de03526-7b4f-4863-a6e7-1bdf1331bea0","Workflow Version","WorkflowVersion","WorkflowVersion","Integer","Integer","Integer","False","True","True","False","Custom Columns","",,,,""
"Admin Documents","9de03526-7b4f-4863-a6e7-1bdf1331bea0","Workflow Instance ID","WorkflowInstanceID","WorkflowInstanceID","Guid","Guid","Guid","False","True","True","False","Custom Columns","",,,,""
"Admin Documents","9de03526-7b4f-4863-a6e7-1bdf1331bea0","Source Version (Converted Document)","ParentVersionString","ParentVersionString","Lookup","Lookup","Lookup","False","False","True","False","Custom Columns","","","ParentVersionString",,""
"Admin Documents","9de03526-7b4f-4863-a6e7-1bdf1331bea0","Source Name (Converted Document)","ParentLeafName","ParentLeafName","Lookup","Lookup","Lookup","False","False","True","False","Custom Columns","","","ParentLeafName",,""
"Admin Documents","9de03526-7b4f-4863-a6e7-1bdf1331bea0","Document Concurrency Number","DocConcurrencyNumber","DocConcurrencyNumber","Lookup","Lookup","Lookup","False","True","True","False","Custom Columns","","","DocConcurrencyNumber",,""
"Admin Documents","9de03526-7b4f-4863-a6e7-1bdf1331bea0","Document Stream Hash","StreamHash","StreamHash","Lookup","Lookup","Lookup","False","True","True","False","Custom Columns","","","StreamHash",,""
"Admin Documents","9de03526-7b4f-4863-a6e7-1bdf1331bea0","Merge","Combine","Combine","Computed","Computed","Computed","False","True","True","False","Custom Columns","",,,,""
"Admin Documents","9de03526-7b4f-4863-a6e7-1bdf1331bea0","Relink","RepairDocument","RepairDocument","Computed","Computed","Computed","False","True","True","False","Custom Columns","",,,,""
"Admin Documents","9de03526-7b4f-4863-a6e7-1bdf1331bea0","Actions Disabled by Policy","PolicyDisabledUICapabilities","PolicyDisabledUICapabilities","Computed","Computed","Computed","False","True","True","False","Custom Columns","",,,,""
"Admin Documents","9de03526-7b4f-4863-a6e7-1bdf1331bea0","Effective Sensitivity Label Id","_EffectiveIpLabelId","_EffectiveIpLabelId","Computed","Computed","Computed","False","True","True","False","Custom Columns","",,,,""
"Company List","6079c6aa-d657-42a8-9a7b-9c8e074386b4","Content Type ID","ContentTypeId","ContentTypeId","Content Type Id","ContentTypeId","ContentTypeId","False","True","True","False","Custom Columns","",,,,""
"Company List","6079c6aa-d657-42a8-9a7b-9c8e074386b4","Title","Title","Title","Single line of text","Text","Text","False","False","False","False","Custom Columns","",,,,""
"Company List","6079c6aa-d657-42a8-9a7b-9c8e074386b4","Approver Comments","_ModerationComments","_ModerationComments","Multiple lines of text","Note","Note","False","True","True","False","Custom Columns","",,,,""
"Company List","6079c6aa-d657-42a8-9a7b-9c8e074386b4","Title","LinkTitle","LinkTitle","Computed","Computed","Computed","False","False","True","False","Custom Columns","",,,,""
"Company List","6079c6aa-d657-42a8-9a7b-9c8e074386b4","File Type","File_x0020_Type","File_x0020_Type","Single line of text","Text","Text","False","True","True","False","Custom Columns","",,,,""
"Company List","6079c6aa-d657-42a8-9a7b-9c8e074386b4","Color","_ColorHex","_ColorHex","Single line of text","Text","Text","False","True","True","False","Custom Columns","",,,,""
"Company List","6079c6aa-d657-42a8-9a7b-9c8e074386b4","Color Tag","_ColorTag","_ColorTag","Single line of text","Text","Text","False","False","True","False","Custom Columns","",,,,""
"Company List","6079c6aa-d657-42a8-9a7b-9c8e074386b4","Emoji","_Emoji","_Emoji","Single line of text","Text","Text","False","True","True","False","Custom Columns","",,,,""
"Company List","6079c6aa-d657-42a8-9a7b-9c8e074386b4","Compliance Asset Id","ComplianceAssetId","ComplianceAssetId","Single line of text","Text","Text","False","False","True","False","Custom Columns","",,,,""
"Company List","6079c6aa-d657-42a8-9a7b-9c8e074386b4","Company Number","CompanyNumber","CompanyNumber","Single line of text","Text","Text","False","False","False","False","Custom Columns","",,,,""
"Company List","6079c6aa-d657-42a8-9a7b-9c8e074386b4","Company Name","CompanyName","CompanyName","Single line of text","Text","Text","True","False","False","False","Custom Columns","",,,,""
"Company List","6079c6aa-d657-42a8-9a7b-9c8e074386b4","Registered Address","RegisteredAddress","RegisteredAddress","Single line of text","Text","Text","True","False","False","False","Custom Columns","",,,,""
"Company List","6079c6aa-d657-42a8-9a7b-9c8e074386b4","Company Reg Number","CompanyRegNumber","CompanyRegNumber","Single line of text","Text","Text","False","False","False","False","Custom Columns","",,,,""
"Company List","6079c6aa-d657-42a8-9a7b-9c8e074386b4","VAT No","VATNo","VATNo","Single line of text","Text","Text","False","False","False","False","Custom Columns","",,,,""
"Company List","6079c6aa-d657-42a8-9a7b-9c8e074386b4","Tel No","TelNo","TelNo","Single line of text","Text","Text","False","False","False","False","Custom Columns","",,,,""
"Company List","6079c6aa-d657-42a8-9a7b-9c8e074386b4","Email","Email","Email","Single line of text","Text","Text","True","False","False","False","Custom Columns","",,,,""
"Company List","6079c6aa-d657-42a8-9a7b-9c8e074386b4","Accounts Contact Name","AccountsContactName","AccountsContactName","Single line of text","Text","Text","False","False","False","False","Custom Columns","",,,,""
"Company List","6079c6aa-d657-42a8-9a7b-9c8e074386b4","Accounts address","Accountsaddress","Accountsaddress","Single line of text","Text","Text","False","False","False","False","Custom Columns","",,,,""
"Company List","6079c6aa-d657-42a8-9a7b-9c8e074386b4","Accounts Contact number","AccountsContactnumber","AccountsContactnumber","Single line of text","Text","Text","False","False","False","False","Custom Columns","",,,,""
"Company List","6079c6aa-d657-42a8-9a7b-9c8e074386b4","Accounts email","Accountsemail","Accountsemail","Single line of text","Text","Text","False","False","False","False","Custom Columns","",,,,""
"Company List","6079c6aa-d657-42a8-9a7b-9c8e074386b4","Notes prices agreed","Notespricesagreed","Notespricesagreed","Single line of text","Text","Text","False","False","False","False","Custom Columns","",,,,""
"Company List","6079c6aa-d657-42a8-9a7b-9c8e074386b4","Company Size","CompanySize","CompanySize","Choice","Choice","Choice","True","False","False","False","Custom Columns","Small | Medium | Large | Enterprise",,,,""
"Company List","6079c6aa-d657-42a8-9a7b-9c8e074386b4","Max TM","Max_x0020_TM","Max_x0020_TM","Calculated","Calculated","Calculated","False","False","True","False","Custom Columns","",,,,""
"Company List","6079c6aa-d657-42a8-9a7b-9c8e074386b4","Max Sup","Max_x0020_Sup","Max_x0020_Sup","Calculated","Calculated","Calculated","False","False","True","False","Custom Columns","",,,,""
"Company List","6079c6aa-d657-42a8-9a7b-9c8e074386b4","Main Contact","MainContact","MainContact","Single line of text","Text","Text","False","False","False","False","Custom Columns","",,,,""
"Company List","6079c6aa-d657-42a8-9a7b-9c8e074386b4","Max Departments","Max_x0020_Departments","Max_x0020_Departments","Calculated","Calculated","Calculated","False","False","True","False","Custom Columns","",,,,""
"Company List","6079c6aa-d657-42a8-9a7b-9c8e074386b4","Company Logo","CompanyLogo","CompanyLogo","Thumbnail","Thumbnail","Thumbnail","False","False","False","False","Custom Columns","",,,,""
"Company List","6079c6aa-d657-42a8-9a7b-9c8e074386b4","Status","Status","Status","Choice","Choice","Choice","False","False","False","False","Custom Columns","Active | Inactive",,,"Active",""
"Company List","6079c6aa-d657-42a8-9a7b-9c8e074386b4","Company Status","Company_x0020_Status","CompanyStatus","Choice","Choice","Choice","False","False","False","False","PAVE Schema","Active | Inactive",,,,""
"Company List","6079c6aa-d657-42a8-9a7b-9c8e074386b4","Main Contact Name","Main_x0020_Contact_x0020_Name","MainContactName","Single line of text","Text","Text","False","False","False","False","PAVE Schema","",,,,""
"Company List","6079c6aa-d657-42a8-9a7b-9c8e074386b4","Main Contact Email","Main_x0020_Contact_x0020_Email","MainContactEmail","Single line of text","Text","Text","False","False","False","False","PAVE Schema","",,,,""
"Company List","6079c6aa-d657-42a8-9a7b-9c8e074386b4","Phone Number","Phone_x0020_Number","PhoneNumber","Single line of text","Text","Text","False","False","False","False","PAVE Schema","",,,,""
"Company List","6079c6aa-d657-42a8-9a7b-9c8e074386b4","Address","Address","CompanyAddress","Multiple lines of text","Note","Note","False","False","False","False","PAVE Schema","",,,,""
"Company List","6079c6aa-d657-42a8-9a7b-9c8e074386b4","Notes","Notes","CompanyNotes","Multiple lines of text","Note","Note","False","False","False","False","PAVE Schema","",,,,""
"Company List","6079c6aa-d657-42a8-9a7b-9c8e074386b4","ID","ID","ID","Counter","Counter","Counter","False","False","True","False","Custom Columns","",,,,""
"Company List","6079c6aa-d657-42a8-9a7b-9c8e074386b4","Content Type","ContentType","ContentType","Computed","Computed","Computed","False","False","False","False","_Hidden","",,,,""
"Company List","6079c6aa-d657-42a8-9a7b-9c8e074386b4","Modified","Modified","Modified","Date and Time","DateTime","DateTime","False","False","True","False","Custom Columns","",,,,""
"Company List","6079c6aa-d657-42a8-9a7b-9c8e074386b4","Created","Created","Created","Date and Time","DateTime","DateTime","False","False","True","False","Custom Columns","",,,,""
"Company List","6079c6aa-d657-42a8-9a7b-9c8e074386b4","Created By","Author","Author","Person or Group","User","User","False","False","True","False","Custom Columns","","{05970f80-1382-466a-ab40-156b3e727c70}","",,""
"Company List","6079c6aa-d657-42a8-9a7b-9c8e074386b4","Modified By","Editor","Editor","Person or Group","User","User","False","False","True","False","Custom Columns","","{05970f80-1382-466a-ab40-156b3e727c70}","",,""
"Company List","6079c6aa-d657-42a8-9a7b-9c8e074386b4","Has Copy Destinations","_HasCopyDestinations","_HasCopyDestinations","Yes/No","Boolean","Boolean","False","True","True","False","Custom Columns","",,,,""
"Company List","6079c6aa-d657-42a8-9a7b-9c8e074386b4","Copy Source","_CopySource","_CopySource","Single line of text","Text","Text","False","True","True","False","Custom Columns","",,,,""
"Company List","6079c6aa-d657-42a8-9a7b-9c8e074386b4","owshiddenversion","owshiddenversion","owshiddenversion","Integer","Integer","Integer","False","True","True","False","Custom Columns","",,,,""
"Company List","6079c6aa-d657-42a8-9a7b-9c8e074386b4","Workflow Version","WorkflowVersion","WorkflowVersion","Integer","Integer","Integer","False","True","True","False","Custom Columns","",,,,""
"Company List","6079c6aa-d657-42a8-9a7b-9c8e074386b4","UI Version","_UIVersion","_UIVersion","Integer","Integer","Integer","False","True","True","False","Custom Columns","",,,,""
"Company List","6079c6aa-d657-42a8-9a7b-9c8e074386b4","Version","_UIVersionString","_UIVersionString","Single line of text","Text","Text","False","False","True","False","Custom Columns","",,,,""
"Company List","6079c6aa-d657-42a8-9a7b-9c8e074386b4","Attachments","Attachments","Attachments","Attachments","Attachments","Attachments","False","False","False","False","Custom Columns","",,,,""
"Company List","6079c6aa-d657-42a8-9a7b-9c8e074386b4","Approval Status","_ModerationStatus","_ModerationStatus","Moderation Status","ModStat","ModStat","False","True","True","False","Custom Columns","0;#Approved | 1;#Rejected | 2;#Pending | 3;#Draft | 4;#Scheduled",,,"0",""
"Company List","6079c6aa-d657-42a8-9a7b-9c8e074386b4","Edit","Edit","Edit","Computed","Computed","Computed","False","False","True","False","Custom Columns","",,,,""
"Company List","6079c6aa-d657-42a8-9a7b-9c8e074386b4","Title","LinkTitleNoMenu","LinkTitleNoMenu","Computed","Computed","Computed","False","False","True","False","Custom Columns","",,,,""
"Company List","6079c6aa-d657-42a8-9a7b-9c8e074386b4","Title","LinkTitle2","LinkTitle2","Computed","Computed","Computed","False","True","True","False","Custom Columns","",,,,""
"Company List","6079c6aa-d657-42a8-9a7b-9c8e074386b4","Select","SelectTitle","SelectTitle","Computed","Computed","Computed","False","True","True","False","Custom Columns","",,,,""
"Company List","6079c6aa-d657-42a8-9a7b-9c8e074386b4","Instance ID","InstanceID","InstanceID","Integer","Integer","Integer","False","True","True","False","Custom Columns","",,,,""
"Company List","6079c6aa-d657-42a8-9a7b-9c8e074386b4","Order","Order","Order","Number","Number","Number","False","True","False","False","Custom Columns","",,,,""
"Company List","6079c6aa-d657-42a8-9a7b-9c8e074386b4","GUID","GUID","GUID","Guid","Guid","Guid","False","True","True","False","Custom Columns","",,,,""
"Company List","6079c6aa-d657-42a8-9a7b-9c8e074386b4","Workflow Instance ID","WorkflowInstanceID","WorkflowInstanceID","Guid","Guid","Guid","False","True","True","False","Custom Columns","",,,,""
"Company List","6079c6aa-d657-42a8-9a7b-9c8e074386b4","URL Path","FileRef","FileRef","Lookup","Lookup","Lookup","False","True","True","False","Custom Columns","","","FullUrl",,""
"Company List","6079c6aa-d657-42a8-9a7b-9c8e074386b4","Path","FileDirRef","FileDirRef","Lookup","Lookup","Lookup","False","True","True","False","Custom Columns","","","DirName",,""
"Company List","6079c6aa-d657-42a8-9a7b-9c8e074386b4","Modified","Last_x0020_Modified","Last_x0020_Modified","Lookup","Lookup","Lookup","False","True","True","False","Custom Columns","","","TimeLastModified",,""
"Company List","6079c6aa-d657-42a8-9a7b-9c8e074386b4","Created","Created_x0020_Date","Created_x0020_Date","Lookup","Lookup","Lookup","False","True","True","False","Custom Columns","","","TimeCreated",,""
"Company List","6079c6aa-d657-42a8-9a7b-9c8e074386b4","Item Type","FSObjType","FSObjType","Lookup","Lookup","Lookup","False","True","True","False","Custom Columns","","","FSType",,""
"Company List","6079c6aa-d657-42a8-9a7b-9c8e074386b4","Sort Type","SortBehavior","SortBehavior","Lookup","Lookup","Lookup","False","True","True","False","Custom Columns","","","SortBehavior",,""
"Company List","6079c6aa-d657-42a8-9a7b-9c8e074386b4","Effective Permissions Mask","PermMask","PermMask","Computed","Computed","Computed","False","True","True","False","Custom Columns","",,,,""
"Company List","6079c6aa-d657-42a8-9a7b-9c8e074386b4","Principal Count","PrincipalCount","PrincipalCount","Computed","Computed","Computed","False","True","True","False","Custom Columns","",,,,""
"Company List","6079c6aa-d657-42a8-9a7b-9c8e074386b4","Name","FileLeafRef","FileLeafRef","File","File","File","False","True","False","False","Custom Columns","",,,,""
"Company List","6079c6aa-d657-42a8-9a7b-9c8e074386b4","Unique Id","UniqueId","UniqueId","Lookup","Lookup","Lookup","False","True","True","False","Custom Columns","","","UniqueId",,""
"Company List","6079c6aa-d657-42a8-9a7b-9c8e074386b4","Document Parent Identifier","ParentUniqueId","ParentUniqueId","Lookup","Lookup","Lookup","False","True","True","False","Custom Columns","","","ParentUniqueId",,""
"Company List","6079c6aa-d657-42a8-9a7b-9c8e074386b4","Client Id","SyncClientId","SyncClientId","Lookup","Lookup","Lookup","False","True","True","False","Custom Columns","","","SyncClientId",,""
"Company List","6079c6aa-d657-42a8-9a7b-9c8e074386b4","ProgId","ProgId","ProgId","Lookup","Lookup","Lookup","False","True","True","False","Custom Columns","","","ProgId",,""
"Company List","6079c6aa-d657-42a8-9a7b-9c8e074386b4","ScopeId","ScopeId","ScopeId","Lookup","Lookup","Lookup","False","True","True","False","Custom Columns","","","ScopeId",,""
"Company List","6079c6aa-d657-42a8-9a7b-9c8e074386b4","HTML File Type","HTML_x0020_File_x0020_Type","HTML_x0020_File_x0020_Type","Computed","Computed","Computed","False","True","True","False","Custom Columns","",,,,""
"Company List","6079c6aa-d657-42a8-9a7b-9c8e074386b4","Edit Menu Table Start","_EditMenuTableStart","_EditMenuTableStart","Computed","Computed","Computed","False","True","True","False","Custom Columns","",,,,""
"Company List","6079c6aa-d657-42a8-9a7b-9c8e074386b4","Edit Menu Table Start","_EditMenuTableStart2","_EditMenuTableStart2","Computed","Computed","Computed","False","True","True","False","Custom Columns","",,,,""
"Company List","6079c6aa-d657-42a8-9a7b-9c8e074386b4","Edit Menu Table End","_EditMenuTableEnd","_EditMenuTableEnd","Computed","Computed","Computed","False","True","True","False","Custom Columns","",,,,""
"Company List","6079c6aa-d657-42a8-9a7b-9c8e074386b4","Name","LinkFilenameNoMenu","LinkFilenameNoMenu","Computed","Computed","Computed","False","True","True","False","Custom Columns","",,,,""
"Company List","6079c6aa-d657-42a8-9a7b-9c8e074386b4","Name","LinkFilename","LinkFilename","Computed","Computed","Computed","False","True","True","False","Custom Columns","",,,,""
"Company List","6079c6aa-d657-42a8-9a7b-9c8e074386b4","Name","LinkFilename2","LinkFilename2","Computed","Computed","Computed","False","True","True","False","Custom Columns","",,,,""
"Company List","6079c6aa-d657-42a8-9a7b-9c8e074386b4","Type","DocIcon","DocIcon","Computed","Computed","Computed","False","False","True","False","Custom Columns","",,,,""
"Company List","6079c6aa-d657-42a8-9a7b-9c8e074386b4","Server Relative URL","ServerUrl","ServerUrl","Computed","Computed","Computed","False","True","True","False","Custom Columns","",,,,""
"Company List","6079c6aa-d657-42a8-9a7b-9c8e074386b4","Encoded Absolute URL","EncodedAbsUrl","EncodedAbsUrl","Computed","Computed","Computed","False","True","True","False","Custom Columns","",,,,""
"Company List","6079c6aa-d657-42a8-9a7b-9c8e074386b4","File Name","BaseName","BaseName","Computed","Computed","Computed","False","True","True","False","Custom Columns","",,,,""
"Company List","6079c6aa-d657-42a8-9a7b-9c8e074386b4","Property Bag","MetaInfo","MetaInfo","Lookup","Lookup","Lookup","False","True","False","False","Custom Columns","","","MetaInfo",,""
"Company List","6079c6aa-d657-42a8-9a7b-9c8e074386b4","Level","_Level","_Level","Integer","Integer","Integer","False","True","True","False","Custom Columns","",,,,""
"Company List","6079c6aa-d657-42a8-9a7b-9c8e074386b4","Is Current Version","_IsCurrentVersion","_IsCurrentVersion","Yes/No","Boolean","Boolean","False","True","True","False","Custom Columns","",,,,""
"Company List","6079c6aa-d657-42a8-9a7b-9c8e074386b4","Item Child Count","ItemChildCount","ItemChildCount","Lookup","Lookup","Lookup","False","False","True","False","Custom Columns","","","ItemChildCount",,""
"Company List","6079c6aa-d657-42a8-9a7b-9c8e074386b4","Folder Child Count","FolderChildCount","FolderChildCount","Lookup","Lookup","Lookup","False","False","True","False","Custom Columns","","","FolderChildCount",,""
"Company List","6079c6aa-d657-42a8-9a7b-9c8e074386b4","Restricted","Restricted","Restricted","Lookup","Lookup","Lookup","False","True","True","False","Custom Columns","","","Restricted",,""
"Company List","6079c6aa-d657-42a8-9a7b-9c8e074386b4","Originator Id","OriginatorId","OriginatorId","Lookup","Lookup","Lookup","False","True","True","False","Custom Columns","","","OriginatorId",,""
"Company List","6079c6aa-d657-42a8-9a7b-9c8e074386b4","NoExecute","NoExecute","NoExecute","Lookup","Lookup","Lookup","False","True","True","False","Custom Columns","","","DocFlags",,""
"Company List","6079c6aa-d657-42a8-9a7b-9c8e074386b4","Content Version","ContentVersion","ContentVersion","Lookup","Lookup","Lookup","False","True","True","False","Custom Columns","","","ContentVersion",,""
"Company List","6079c6aa-d657-42a8-9a7b-9c8e074386b4","Label setting","_ComplianceFlags","_ComplianceFlags","Lookup","Lookup","Lookup","False","False","True","False","Custom Columns","","","ComplianceFlags",,""
"Company List","6079c6aa-d657-42a8-9a7b-9c8e074386b4","Retention label","_ComplianceTag","_ComplianceTag","Lookup","Lookup","Lookup","False","False","True","False","Custom Columns","","","ComplianceTag",,""
"Company List","6079c6aa-d657-42a8-9a7b-9c8e074386b4","Retention label Applied","_ComplianceTagWrittenTime","_ComplianceTagWrittenTime","Lookup","Lookup","Lookup","False","False","True","False","Custom Columns","","","ComplianceTagWrittenTime",,""
"Company List","6079c6aa-d657-42a8-9a7b-9c8e074386b4","Label applied by","_ComplianceTagUserId","_ComplianceTagUserId","Lookup","Lookup","Lookup","False","False","True","False","Custom Columns","","","ComplianceTagUserId",,""
"Company List","6079c6aa-d657-42a8-9a7b-9c8e074386b4","Item is a Record","_IsRecord","_IsRecord","Computed","Computed","Computed","False","False","True","False","Custom Columns","",,,,""
"Company List","6079c6aa-d657-42a8-9a7b-9c8e074386b4","Access Policy","AccessPolicy","AccessPolicy","Lookup","Lookup","Lookup","False","True","True","False","Custom Columns","","","AccessPolicy",,""
"Company List","6079c6aa-d657-42a8-9a7b-9c8e074386b4","VirusStatus","_VirusStatus","_VirusStatus","Lookup","Lookup","Lookup","False","True","True","False","Custom Columns","","","VirusStatus",,""
"Company List","6079c6aa-d657-42a8-9a7b-9c8e074386b4","VirusVendorID","_VirusVendorID","_VirusVendorID","Lookup","Lookup","Lookup","False","True","True","False","Custom Columns","","","VirusVendorID",,""
"Company List","6079c6aa-d657-42a8-9a7b-9c8e074386b4","VirusInfo","_VirusInfo","_VirusInfo","Lookup","Lookup","Lookup","False","True","True","False","Custom Columns","","","VirusInfo",,""
"Company List","6079c6aa-d657-42a8-9a7b-9c8e074386b4","RansomwareAnomalyMetaInfo","_RansomwareAnomalyMetaInfo","_RansomwareAnomalyMetaInfo","Lookup","Lookup","Lookup","False","True","True","False","Custom Columns","","","RansomwareAnomalyMetaInfo",,""
"Company List","6079c6aa-d657-42a8-9a7b-9c8e074386b4","Draft Owner Id","_DraftOwnerId","_DraftOwnerId","Lookup","Lookup","Lookup","False","True","True","False","Custom Columns","","","DraftOwnerId",,""
"Company List","6079c6aa-d657-42a8-9a7b-9c8e074386b4","Main Link settings","MainLinkSettings","MainLinkSettings","Computed","Computed","Computed","False","True","True","False","Custom Columns","",,,,""
"Company List","6079c6aa-d657-42a8-9a7b-9c8e074386b4","App Created By","AppAuthor","AppAuthor","Lookup","Lookup","Lookup","False","False","True","False","Custom Columns","","AppPrincipals","Title",,""
"Company List","6079c6aa-d657-42a8-9a7b-9c8e074386b4","App Modified By","AppEditor","AppEditor","Lookup","Lookup","Lookup","False","False","True","False","Custom Columns","","AppPrincipals","Title",,""
"Company List","6079c6aa-d657-42a8-9a7b-9c8e074386b4","Total Size","SMTotalSize","SMTotalSize","Lookup","Lookup","Lookup","False","True","True","False","Custom Columns","","","SMTotalSize",,""
"Company List","6079c6aa-d657-42a8-9a7b-9c8e074386b4","Last Modified Date","SMLastModifiedDate","SMLastModifiedDate","Lookup","Lookup","Lookup","False","True","True","False","Custom Columns","","","SMLastModifiedDate",,""
"Company List","6079c6aa-d657-42a8-9a7b-9c8e074386b4","Total File Stream Size","SMTotalFileStreamSize","SMTotalFileStreamSize","Lookup","Lookup","Lookup","False","True","True","False","Custom Columns","","","SMTotalFileStreamSize",,""
"Company List","6079c6aa-d657-42a8-9a7b-9c8e074386b4","Total File Count","SMTotalFileCount","SMTotalFileCount","Lookup","Lookup","Lookup","False","True","True","False","Custom Columns","","","SMTotalFileCount",,""
"Company List","6079c6aa-d657-42a8-9a7b-9c8e074386b4","Comment settings","_CommentFlags","_CommentFlags","Lookup","Lookup","Lookup","False","True","True","False","Custom Columns","","","CommentFlags",,""
"Company List","6079c6aa-d657-42a8-9a7b-9c8e074386b4","Comment count","_CommentCount","_CommentCount","Lookup","Lookup","Lookup","False","True","True","False","Custom Columns","","","CommentCount",,""
"CounterList","3c802bc9-dd79-4687-a393-87a93954e6db","Content Type ID","ContentTypeId","ContentTypeId","Content Type Id","ContentTypeId","ContentTypeId","False","True","True","False","Custom Columns","",,,,""
"CounterList","3c802bc9-dd79-4687-a393-87a93954e6db","Title","Title","Title","Single line of text","Text","Text","False","False","False","False","Custom Columns","",,,,""
"CounterList","3c802bc9-dd79-4687-a393-87a93954e6db","Approver Comments","_ModerationComments","_ModerationComments","Multiple lines of text","Note","Note","False","True","True","False","Custom Columns","",,,,""
"CounterList","3c802bc9-dd79-4687-a393-87a93954e6db","File Type","File_x0020_Type","File_x0020_Type","Single line of text","Text","Text","False","True","True","False","Custom Columns","",,,,""
"CounterList","3c802bc9-dd79-4687-a393-87a93954e6db","Color","_ColorHex","_ColorHex","Single line of text","Text","Text","False","True","True","False","Custom Columns","",,,,""
"CounterList","3c802bc9-dd79-4687-a393-87a93954e6db","Color Tag","_ColorTag","_ColorTag","Single line of text","Text","Text","False","False","True","False","Custom Columns","",,,,""
"CounterList","3c802bc9-dd79-4687-a393-87a93954e6db","Emoji","_Emoji","_Emoji","Single line of text","Text","Text","False","True","True","False","Custom Columns","",,,,""
"CounterList","3c802bc9-dd79-4687-a393-87a93954e6db","Compliance Asset Id","ComplianceAssetId","ComplianceAssetId","Single line of text","Text","Text","False","False","True","False","Custom Columns","",,,,""
"CounterList","3c802bc9-dd79-4687-a393-87a93954e6db","CompanyCounter","CompanyCounter","CompanyCounter","Number","Number","Number","False","False","False","False","Custom Columns","",,,,""
"CounterList","3c802bc9-dd79-4687-a393-87a93954e6db","WorkForceCounter","WorkForceCounter","WorkForceCounter","Number","Number","Number","False","False","False","False","Custom Columns","",,,,""
"CounterList","3c802bc9-dd79-4687-a393-87a93954e6db","Npors Number","NporsNumber","NporsNumber","Single line of text","Text","Text","False","False","False","False","Custom Columns","",,,,""
"CounterList","3c802bc9-dd79-4687-a393-87a93954e6db","Certificates Category","CertificatesCategory","CertificatesCategory","Single line of text","Text","Text","False","False","False","False","Custom Columns","",,,,""
"CounterList","3c802bc9-dd79-4687-a393-87a93954e6db","ID","ID","ID","Counter","Counter","Counter","False","False","True","False","Custom Columns","",,,,""
"CounterList","3c802bc9-dd79-4687-a393-87a93954e6db","Content Type","ContentType","ContentType","Computed","Computed","Computed","False","False","False","False","_Hidden","",,,,""
"CounterList","3c802bc9-dd79-4687-a393-87a93954e6db","Modified","Modified","Modified","Date and Time","DateTime","DateTime","False","False","True","False","Custom Columns","",,,,""
"CounterList","3c802bc9-dd79-4687-a393-87a93954e6db","Created","Created","Created","Date and Time","DateTime","DateTime","False","False","True","False","Custom Columns","",,,,""
"CounterList","3c802bc9-dd79-4687-a393-87a93954e6db","Created By","Author","Author","Person or Group","User","User","False","False","True","False","Custom Columns","","{05970f80-1382-466a-ab40-156b3e727c70}","",,""
"CounterList","3c802bc9-dd79-4687-a393-87a93954e6db","Modified By","Editor","Editor","Person or Group","User","User","False","False","True","False","Custom Columns","","{05970f80-1382-466a-ab40-156b3e727c70}","",,""
"CounterList","3c802bc9-dd79-4687-a393-87a93954e6db","Has Copy Destinations","_HasCopyDestinations","_HasCopyDestinations","Yes/No","Boolean","Boolean","False","True","True","False","Custom Columns","",,,,""
"CounterList","3c802bc9-dd79-4687-a393-87a93954e6db","Copy Source","_CopySource","_CopySource","Single line of text","Text","Text","False","True","True","False","Custom Columns","",,,,""
"CounterList","3c802bc9-dd79-4687-a393-87a93954e6db","owshiddenversion","owshiddenversion","owshiddenversion","Integer","Integer","Integer","False","True","True","False","Custom Columns","",,,,""
"CounterList","3c802bc9-dd79-4687-a393-87a93954e6db","Workflow Version","WorkflowVersion","WorkflowVersion","Integer","Integer","Integer","False","True","True","False","Custom Columns","",,,,""
"CounterList","3c802bc9-dd79-4687-a393-87a93954e6db","UI Version","_UIVersion","_UIVersion","Integer","Integer","Integer","False","True","True","False","Custom Columns","",,,,""
"CounterList","3c802bc9-dd79-4687-a393-87a93954e6db","Version","_UIVersionString","_UIVersionString","Single line of text","Text","Text","False","False","True","False","Custom Columns","",,,,""
"CounterList","3c802bc9-dd79-4687-a393-87a93954e6db","Attachments","Attachments","Attachments","Attachments","Attachments","Attachments","False","False","False","False","Custom Columns","",,,,""
"CounterList","3c802bc9-dd79-4687-a393-87a93954e6db","Approval Status","_ModerationStatus","_ModerationStatus","Moderation Status","ModStat","ModStat","False","True","True","False","Custom Columns","0;#Approved | 1;#Rejected | 2;#Pending | 3;#Draft | 4;#Scheduled",,,"0",""
"CounterList","3c802bc9-dd79-4687-a393-87a93954e6db","Edit","Edit","Edit","Computed","Computed","Computed","False","False","True","False","Custom Columns","",,,,""
"CounterList","3c802bc9-dd79-4687-a393-87a93954e6db","Title","LinkTitleNoMenu","LinkTitleNoMenu","Computed","Computed","Computed","False","False","True","False","Custom Columns","",,,,""
"CounterList","3c802bc9-dd79-4687-a393-87a93954e6db","Title","LinkTitle","LinkTitle","Computed","Computed","Computed","False","False","True","False","Custom Columns","",,,,""
"CounterList","3c802bc9-dd79-4687-a393-87a93954e6db","Title","LinkTitle2","LinkTitle2","Computed","Computed","Computed","False","True","True","False","Custom Columns","",,,,""
"CounterList","3c802bc9-dd79-4687-a393-87a93954e6db","Select","SelectTitle","SelectTitle","Computed","Computed","Computed","False","True","True","False","Custom Columns","",,,,""
"CounterList","3c802bc9-dd79-4687-a393-87a93954e6db","Instance ID","InstanceID","InstanceID","Integer","Integer","Integer","False","True","True","False","Custom Columns","",,,,""
"CounterList","3c802bc9-dd79-4687-a393-87a93954e6db","Order","Order","Order","Number","Number","Number","False","True","False","False","Custom Columns","",,,,""
"CounterList","3c802bc9-dd79-4687-a393-87a93954e6db","GUID","GUID","GUID","Guid","Guid","Guid","False","True","True","False","Custom Columns","",,,,""
"CounterList","3c802bc9-dd79-4687-a393-87a93954e6db","Workflow Instance ID","WorkflowInstanceID","WorkflowInstanceID","Guid","Guid","Guid","False","True","True","False","Custom Columns","",,,,""
"CounterList","3c802bc9-dd79-4687-a393-87a93954e6db","URL Path","FileRef","FileRef","Lookup","Lookup","Lookup","False","True","True","False","Custom Columns","","","FullUrl",,""
"CounterList","3c802bc9-dd79-4687-a393-87a93954e6db","Path","FileDirRef","FileDirRef","Lookup","Lookup","Lookup","False","True","True","False","Custom Columns","","","DirName",,""
"CounterList","3c802bc9-dd79-4687-a393-87a93954e6db","Modified","Last_x0020_Modified","Last_x0020_Modified","Lookup","Lookup","Lookup","False","True","True","False","Custom Columns","","","TimeLastModified",,""
"CounterList","3c802bc9-dd79-4687-a393-87a93954e6db","Created","Created_x0020_Date","Created_x0020_Date","Lookup","Lookup","Lookup","False","True","True","False","Custom Columns","","","TimeCreated",,""
"CounterList","3c802bc9-dd79-4687-a393-87a93954e6db","Item Type","FSObjType","FSObjType","Lookup","Lookup","Lookup","False","True","True","False","Custom Columns","","","FSType",,""
"CounterList","3c802bc9-dd79-4687-a393-87a93954e6db","Sort Type","SortBehavior","SortBehavior","Lookup","Lookup","Lookup","False","True","True","False","Custom Columns","","","SortBehavior",,""
"CounterList","3c802bc9-dd79-4687-a393-87a93954e6db","Effective Permissions Mask","PermMask","PermMask","Computed","Computed","Computed","False","True","True","False","Custom Columns","",,,,""
"CounterList","3c802bc9-dd79-4687-a393-87a93954e6db","Principal Count","PrincipalCount","PrincipalCount","Computed","Computed","Computed","False","True","True","False","Custom Columns","",,,,""
"CounterList","3c802bc9-dd79-4687-a393-87a93954e6db","Name","FileLeafRef","FileLeafRef","File","File","File","False","True","False","False","Custom Columns","",,,,""
"CounterList","3c802bc9-dd79-4687-a393-87a93954e6db","Unique Id","UniqueId","UniqueId","Lookup","Lookup","Lookup","False","True","True","False","Custom Columns","","","UniqueId",,""
"CounterList","3c802bc9-dd79-4687-a393-87a93954e6db","Document Parent Identifier","ParentUniqueId","ParentUniqueId","Lookup","Lookup","Lookup","False","True","True","False","Custom Columns","","","ParentUniqueId",,""
"CounterList","3c802bc9-dd79-4687-a393-87a93954e6db","Client Id","SyncClientId","SyncClientId","Lookup","Lookup","Lookup","False","True","True","False","Custom Columns","","","SyncClientId",,""
"CounterList","3c802bc9-dd79-4687-a393-87a93954e6db","ProgId","ProgId","ProgId","Lookup","Lookup","Lookup","False","True","True","False","Custom Columns","","","ProgId",,""
"CounterList","3c802bc9-dd79-4687-a393-87a93954e6db","ScopeId","ScopeId","ScopeId","Lookup","Lookup","Lookup","False","True","True","False","Custom Columns","","","ScopeId",,""
"CounterList","3c802bc9-dd79-4687-a393-87a93954e6db","HTML File Type","HTML_x0020_File_x0020_Type","HTML_x0020_File_x0020_Type","Computed","Computed","Computed","False","True","True","False","Custom Columns","",,,,""
"CounterList","3c802bc9-dd79-4687-a393-87a93954e6db","Edit Menu Table Start","_EditMenuTableStart","_EditMenuTableStart","Computed","Computed","Computed","False","True","True","False","Custom Columns","",,,,""
"CounterList","3c802bc9-dd79-4687-a393-87a93954e6db","Edit Menu Table Start","_EditMenuTableStart2","_EditMenuTableStart2","Computed","Computed","Computed","False","True","True","False","Custom Columns","",,,,""
"CounterList","3c802bc9-dd79-4687-a393-87a93954e6db","Edit Menu Table End","_EditMenuTableEnd","_EditMenuTableEnd","Computed","Computed","Computed","False","True","True","False","Custom Columns","",,,,""
"CounterList","3c802bc9-dd79-4687-a393-87a93954e6db","Name","LinkFilenameNoMenu","LinkFilenameNoMenu","Computed","Computed","Computed","False","True","True","False","Custom Columns","",,,,""
"CounterList","3c802bc9-dd79-4687-a393-87a93954e6db","Name","LinkFilename","LinkFilename","Computed","Computed","Computed","False","True","True","False","Custom Columns","",,,,""
"CounterList","3c802bc9-dd79-4687-a393-87a93954e6db","Name","LinkFilename2","LinkFilename2","Computed","Computed","Computed","False","True","True","False","Custom Columns","",,,,""
"CounterList","3c802bc9-dd79-4687-a393-87a93954e6db","Type","DocIcon","DocIcon","Computed","Computed","Computed","False","False","True","False","Custom Columns","",,,,""
"CounterList","3c802bc9-dd79-4687-a393-87a93954e6db","Server Relative URL","ServerUrl","ServerUrl","Computed","Computed","Computed","False","True","True","False","Custom Columns","",,,,""
"CounterList","3c802bc9-dd79-4687-a393-87a93954e6db","Encoded Absolute URL","EncodedAbsUrl","EncodedAbsUrl","Computed","Computed","Computed","False","True","True","False","Custom Columns","",,,,""
"CounterList","3c802bc9-dd79-4687-a393-87a93954e6db","File Name","BaseName","BaseName","Computed","Computed","Computed","False","True","True","False","Custom Columns","",,,,""
"CounterList","3c802bc9-dd79-4687-a393-87a93954e6db","Property Bag","MetaInfo","MetaInfo","Lookup","Lookup","Lookup","False","True","False","False","Custom Columns","","","MetaInfo",,""
"CounterList","3c802bc9-dd79-4687-a393-87a93954e6db","Level","_Level","_Level","Integer","Integer","Integer","False","True","True","False","Custom Columns","",,,,""
"CounterList","3c802bc9-dd79-4687-a393-87a93954e6db","Is Current Version","_IsCurrentVersion","_IsCurrentVersion","Yes/No","Boolean","Boolean","False","True","True","False","Custom Columns","",,,,""
"CounterList","3c802bc9-dd79-4687-a393-87a93954e6db","Item Child Count","ItemChildCount","ItemChildCount","Lookup","Lookup","Lookup","False","False","True","False","Custom Columns","","","ItemChildCount",,""
"CounterList","3c802bc9-dd79-4687-a393-87a93954e6db","Folder Child Count","FolderChildCount","FolderChildCount","Lookup","Lookup","Lookup","False","False","True","False","Custom Columns","","","FolderChildCount",,""
"CounterList","3c802bc9-dd79-4687-a393-87a93954e6db","Restricted","Restricted","Restricted","Lookup","Lookup","Lookup","False","True","True","False","Custom Columns","","","Restricted",,""
"CounterList","3c802bc9-dd79-4687-a393-87a93954e6db","Originator Id","OriginatorId","OriginatorId","Lookup","Lookup","Lookup","False","True","True","False","Custom Columns","","","OriginatorId",,""
"CounterList","3c802bc9-dd79-4687-a393-87a93954e6db","NoExecute","NoExecute","NoExecute","Lookup","Lookup","Lookup","False","True","True","False","Custom Columns","","","DocFlags",,""
"CounterList","3c802bc9-dd79-4687-a393-87a93954e6db","Content Version","ContentVersion","ContentVersion","Lookup","Lookup","Lookup","False","True","True","False","Custom Columns","","","ContentVersion",,""
"CounterList","3c802bc9-dd79-4687-a393-87a93954e6db","Label setting","_ComplianceFlags","_ComplianceFlags","Lookup","Lookup","Lookup","False","False","True","False","Custom Columns","","","ComplianceFlags",,""
"CounterList","3c802bc9-dd79-4687-a393-87a93954e6db","Retention label","_ComplianceTag","_ComplianceTag","Lookup","Lookup","Lookup","False","False","True","False","Custom Columns","","","ComplianceTag",,""
"CounterList","3c802bc9-dd79-4687-a393-87a93954e6db","Retention label Applied","_ComplianceTagWrittenTime","_ComplianceTagWrittenTime","Lookup","Lookup","Lookup","False","False","True","False","Custom Columns","","","ComplianceTagWrittenTime",,""
"CounterList","3c802bc9-dd79-4687-a393-87a93954e6db","Label applied by","_ComplianceTagUserId","_ComplianceTagUserId","Lookup","Lookup","Lookup","False","False","True","False","Custom Columns","","","ComplianceTagUserId",,""
"CounterList","3c802bc9-dd79-4687-a393-87a93954e6db","Item is a Record","_IsRecord","_IsRecord","Computed","Computed","Computed","False","False","True","False","Custom Columns","",,,,""
"CounterList","3c802bc9-dd79-4687-a393-87a93954e6db","Access Policy","AccessPolicy","AccessPolicy","Lookup","Lookup","Lookup","False","True","True","False","Custom Columns","","","AccessPolicy",,""
"CounterList","3c802bc9-dd79-4687-a393-87a93954e6db","VirusStatus","_VirusStatus","_VirusStatus","Lookup","Lookup","Lookup","False","True","True","False","Custom Columns","","","VirusStatus",,""
"CounterList","3c802bc9-dd79-4687-a393-87a93954e6db","VirusVendorID","_VirusVendorID","_VirusVendorID","Lookup","Lookup","Lookup","False","True","True","False","Custom Columns","","","VirusVendorID",,""
"CounterList","3c802bc9-dd79-4687-a393-87a93954e6db","VirusInfo","_VirusInfo","_VirusInfo","Lookup","Lookup","Lookup","False","True","True","False","Custom Columns","","","VirusInfo",,""
"CounterList","3c802bc9-dd79-4687-a393-87a93954e6db","RansomwareAnomalyMetaInfo","_RansomwareAnomalyMetaInfo","_RansomwareAnomalyMetaInfo","Lookup","Lookup","Lookup","False","True","True","False","Custom Columns","","","RansomwareAnomalyMetaInfo",,""
"CounterList","3c802bc9-dd79-4687-a393-87a93954e6db","Draft Owner Id","_DraftOwnerId","_DraftOwnerId","Lookup","Lookup","Lookup","False","True","True","False","Custom Columns","","","DraftOwnerId",,""
"CounterList","3c802bc9-dd79-4687-a393-87a93954e6db","Main Link settings","MainLinkSettings","MainLinkSettings","Computed","Computed","Computed","False","True","True","False","Custom Columns","",,,,""
"CounterList","3c802bc9-dd79-4687-a393-87a93954e6db","App Created By","AppAuthor","AppAuthor","Lookup","Lookup","Lookup","False","False","True","False","Custom Columns","","AppPrincipals","Title",,""
"CounterList","3c802bc9-dd79-4687-a393-87a93954e6db","App Modified By","AppEditor","AppEditor","Lookup","Lookup","Lookup","False","False","True","False","Custom Columns","","AppPrincipals","Title",,""
"CounterList","3c802bc9-dd79-4687-a393-87a93954e6db","Total Size","SMTotalSize","SMTotalSize","Lookup","Lookup","Lookup","False","True","True","False","Custom Columns","","","SMTotalSize",,""
"CounterList","3c802bc9-dd79-4687-a393-87a93954e6db","Last Modified Date","SMLastModifiedDate","SMLastModifiedDate","Lookup","Lookup","Lookup","False","True","True","False","Custom Columns","","","SMLastModifiedDate",,""
"CounterList","3c802bc9-dd79-4687-a393-87a93954e6db","Total File Stream Size","SMTotalFileStreamSize","SMTotalFileStreamSize","Lookup","Lookup","Lookup","False","True","True","False","Custom Columns","","","SMTotalFileStreamSize",,""
"CounterList","3c802bc9-dd79-4687-a393-87a93954e6db","Total File Count","SMTotalFileCount","SMTotalFileCount","Lookup","Lookup","Lookup","False","True","True","False","Custom Columns","","","SMTotalFileCount",,""
"CounterList","3c802bc9-dd79-4687-a393-87a93954e6db","Comment settings","_CommentFlags","_CommentFlags","Lookup","Lookup","Lookup","False","True","True","False","Custom Columns","","","CommentFlags",,""
"CounterList","3c802bc9-dd79-4687-a393-87a93954e6db","Comment count","_CommentCount","_CommentCount","Lookup","Lookup","Lookup","False","True","True","False","Custom Columns","","","CommentCount",,""
"Customer Documents","c6d55182-5d03-472e-b472-e3ad2c84da6c","Content Type ID","ContentTypeId","ContentTypeId","Content Type Id","ContentTypeId","ContentTypeId","False","True","True","False","Custom Columns","",,,,""
"Customer Documents","c6d55182-5d03-472e-b472-e3ad2c84da6c","Approver Comments","_ModerationComments","_ModerationComments","Multiple lines of text","Note","Note","False","True","True","False","Custom Columns","",,,,""
"Customer Documents","c6d55182-5d03-472e-b472-e3ad2c84da6c","Name","FileLeafRef","FileLeafRef","File","File","File","True","False","False","False","Custom Columns","",,,,""
"Customer Documents","c6d55182-5d03-472e-b472-e3ad2c84da6c","Document Modified By","Modified_x0020_By","Modified_x0020_By","Single line of text","Text","Text","False","True","True","False","Custom Columns","",,,,""
"Customer Documents","c6d55182-5d03-472e-b472-e3ad2c84da6c","Document Created By","Created_x0020_By","Created_x0020_By","Single line of text","Text","Text","False","True","True","False","Custom Columns","",,,,""
"Customer Documents","c6d55182-5d03-472e-b472-e3ad2c84da6c","File Type","File_x0020_Type","File_x0020_Type","Single line of text","Text","Text","False","True","True","False","Custom Columns","",,,,""
"Customer Documents","c6d55182-5d03-472e-b472-e3ad2c84da6c","HTML File Type","HTML_x0020_File_x0020_Type","HTML_x0020_File_x0020_Type","Single line of text","Text","Text","False","True","True","False","Custom Columns","",,,,""
"Customer Documents","c6d55182-5d03-472e-b472-e3ad2c84da6c","Source URL","_SourceUrl","_SourceUrl","Single line of text","Text","Text","False","True","False","False","Custom Columns","",,,,""
"Customer Documents","c6d55182-5d03-472e-b472-e3ad2c84da6c","Shared File Index","_SharedFileIndex","_SharedFileIndex","Single line of text","Text","Text","False","True","False","False","Custom Columns","",,,,""
"Customer Documents","c6d55182-5d03-472e-b472-e3ad2c84da6c","Color","_ColorHex","_ColorHex","Single line of text","Text","Text","False","True","True","False","Custom Columns","",,,,""
"Customer Documents","c6d55182-5d03-472e-b472-e3ad2c84da6c","Color Tag","_ColorTag","_ColorTag","Single line of text","Text","Text","False","False","True","False","Custom Columns","",,,,""
"Customer Documents","c6d55182-5d03-472e-b472-e3ad2c84da6c","Emoji","_Emoji","_Emoji","Single line of text","Text","Text","False","True","True","False","Custom Columns","",,,,""
"Customer Documents","c6d55182-5d03-472e-b472-e3ad2c84da6c","Media Generated Metadata","MediaGeneratedMetadata","MediaGeneratedMetadata","Multiple lines of text","Note","Note","False","True","True","False","Custom Columns","",,,,""
"Customer Documents","c6d55182-5d03-472e-b472-e3ad2c84da6c","Media User Metadata","MediaUserMetadata","MediaUserMetadata","Multiple lines of text","Note","Note","False","True","True","False","Custom Columns","",,,,""
"Customer Documents","c6d55182-5d03-472e-b472-e3ad2c84da6c","Media file metadata","ExtractedMetadataComputed","ExtractedMetadataComputed","Computed","Computed","Computed","False","True","True","False","Custom Columns","",,,,""
"Customer Documents","c6d55182-5d03-472e-b472-e3ad2c84da6c","Compliance Asset Id","ComplianceAssetId","ComplianceAssetId","Single line of text","Text","Text","False","False","True","False","Custom Columns","",,,,""
"Customer Documents","c6d55182-5d03-472e-b472-e3ad2c84da6c","Title","Title","Title","Single line of text","Text","Text","False","False","False","False","Custom Columns","",,,,""
"Customer Documents","c6d55182-5d03-472e-b472-e3ad2c84da6c","Template Link","TemplateUrl","TemplateUrl","Single line of text","Text","Text","False","True","False","False","Custom Columns","",,,,""
"Customer Documents","c6d55182-5d03-472e-b472-e3ad2c84da6c","HTML File Link","xd_ProgID","xd_ProgID","Single line of text","Text","Text","False","True","False","False","Custom Columns","",,,,""
"Customer Documents","c6d55182-5d03-472e-b472-e3ad2c84da6c","Is Signed","xd_Signature","xd_Signature","Yes/No","Boolean","Boolean","False","True","True","False","_Hidden","",,,,""
"Customer Documents","c6d55182-5d03-472e-b472-e3ad2c84da6c","Effective Sensitivity","_EffectiveIpLabelDisplayName","_EffectiveIpLabelDisplayName","Computed","Computed","Computed","False","True","True","False","Custom Columns","",,,,""
"Customer Documents","c6d55182-5d03-472e-b472-e3ad2c84da6c","Shortcut URL","_ShortcutUrl","_ShortcutUrl","Hyperlink or Picture","URL","URL","False","True","False","False","Custom Columns","",,,,""
"Customer Documents","c6d55182-5d03-472e-b472-e3ad2c84da6c","Shortcut Site Id","_ShortcutSiteId","_ShortcutSiteId","Guid","Guid","Guid","False","True","False","False","Custom Columns","",,,,""
"Customer Documents","c6d55182-5d03-472e-b472-e3ad2c84da6c","Shortcut Web Id","_ShortcutWebId","_ShortcutWebId","Guid","Guid","Guid","False","True","False","False","Custom Columns","",,,,""
"Customer Documents","c6d55182-5d03-472e-b472-e3ad2c84da6c","Shortcut Unique Id","_ShortcutUniqueId","_ShortcutUniqueId","Guid","Guid","Guid","False","True","False","False","Custom Columns","",,,,""
"Customer Documents","c6d55182-5d03-472e-b472-e3ad2c84da6c","Description","_ExtendedDescription","_ExtendedDescription","Multiple lines of text","Note","Note","False","False","False","False","Custom Columns","",,,,""
"Customer Documents","c6d55182-5d03-472e-b472-e3ad2c84da6c","Trigger Flow Info","TriggerFlowInfo","TriggerFlowInfo","Single line of text","Text","Text","False","True","True","False","Custom Columns","",,,,""
"Customer Documents","c6d55182-5d03-472e-b472-e3ad2c84da6c","MediaServiceMetadata","MediaServiceMetadata","MediaServiceMetadata","Multiple lines of text","Note","Note","False","True","True","False","_Hidden","",,,,""
"Customer Documents","c6d55182-5d03-472e-b472-e3ad2c84da6c","MediaServiceFastMetadata","MediaServiceFastMetadata","MediaServiceFastMetadata","Multiple lines of text","Note","Note","False","True","True","False","_Hidden","",,,,""
"Customer Documents","c6d55182-5d03-472e-b472-e3ad2c84da6c","MediaServiceSearchProperties","MediaServiceSearchProperties","MediaServiceSearchProperties","Multiple lines of text","Note","Note","False","True","True","False","_Hidden","",,,,""
"Customer Documents","c6d55182-5d03-472e-b472-e3ad2c84da6c","Effective Sensitivity Label Id","_EffectiveIpLabelId","_EffectiveIpLabelId","Computed","Computed","Computed","False","True","True","False","Custom Columns","",,,,""
"Customer Documents","c6d55182-5d03-472e-b472-e3ad2c84da6c","Company","Company","Company","Lookup","Lookup","Lookup","False","False","False","False","Custom Columns","","6079c6aa-d657-42a8-9a7b-9c8e074386b4","CompanyName",,""
"Customer Documents","c6d55182-5d03-472e-b472-e3ad2c84da6c","Candidate","Candidate","Candidate","Lookup","Lookup","Lookup","False","False","False","False","Custom Columns","","dd110a2d-a447-4b0e-aec7-c3ff9980bfc9","CandidateName",,""
"Customer Documents","c6d55182-5d03-472e-b472-e3ad2c84da6c","Document Type","DocumentType","DocumentType","Choice","Choice","Choice","False","False","False","False","Custom Columns","Card Scan | Certificate | NVQ Document | Training Brochure | Choice 5 | Choice 6 | Other",,,,""
"Customer Documents","c6d55182-5d03-472e-b472-e3ad2c84da6c","Customer Visible","CustomerVisible","CustomerVisible","Yes/No","Boolean","Boolean","False","False","False","False","Custom Columns","",,,"0",""
"Customer Documents","c6d55182-5d03-472e-b472-e3ad2c84da6c","Notification Sent","NotificationSent","NotificationSent","Yes/No","Boolean","Boolean","False","False","False","False","Custom Columns","",,,"0",""
"Customer Documents","c6d55182-5d03-472e-b472-e3ad2c84da6c","Notify Customer","NotifyCustomer","NotifyCustomer","Yes/No","Boolean","Boolean","False","False","False","False","Custom Columns","",,,"0",""
"Customer Documents","c6d55182-5d03-472e-b472-e3ad2c84da6c","ID","ID","ID","Counter","Counter","Counter","False","False","True","False","Custom Columns","",,,,""
"Customer Documents","c6d55182-5d03-472e-b472-e3ad2c84da6c","Content Type","ContentType","ContentType","Computed","Computed","Computed","False","False","False","False","_Hidden","",,,,""
"Customer Documents","c6d55182-5d03-472e-b472-e3ad2c84da6c","Created","Created","Created","Date and Time","DateTime","DateTime","False","False","True","False","Custom Columns","",,,,""
"Customer Documents","c6d55182-5d03-472e-b472-e3ad2c84da6c","Created By","Author","Author","Person or Group","User","User","False","False","True","False","Custom Columns","","{05970f80-1382-466a-ab40-156b3e727c70}","",,""
"Customer Documents","c6d55182-5d03-472e-b472-e3ad2c84da6c","Modified","Modified","Modified","Date and Time","DateTime","DateTime","False","False","True","False","Custom Columns","",,,,""
"Customer Documents","c6d55182-5d03-472e-b472-e3ad2c84da6c","Modified By","Editor","Editor","Person or Group","User","User","False","False","True","False","Custom Columns","","{05970f80-1382-466a-ab40-156b3e727c70}","",,""
"Customer Documents","c6d55182-5d03-472e-b472-e3ad2c84da6c","Has Copy Destinations","_HasCopyDestinations","_HasCopyDestinations","Yes/No","Boolean","Boolean","False","True","True","False","Custom Columns","",,,,""
"Customer Documents","c6d55182-5d03-472e-b472-e3ad2c84da6c","Copy Source","_CopySource","_CopySource","Single line of text","Text","Text","False","False","True","False","Custom Columns","",,,,""
"Customer Documents","c6d55182-5d03-472e-b472-e3ad2c84da6c","Approval Status","_ModerationStatus","_ModerationStatus","Moderation Status","ModStat","ModStat","False","True","True","False","Custom Columns","0;#Approved | 1;#Rejected | 2;#Pending | 3;#Draft | 4;#Scheduled",,,"0",""
"Customer Documents","c6d55182-5d03-472e-b472-e3ad2c84da6c","URL Path","FileRef","FileRef","Lookup","Lookup","Lookup","False","True","True","False","Custom Columns","","","FullUrl",,""
"Customer Documents","c6d55182-5d03-472e-b472-e3ad2c84da6c","Path","FileDirRef","FileDirRef","Lookup","Lookup","Lookup","False","True","True","False","Custom Columns","","","DirName",,""
"Customer Documents","c6d55182-5d03-472e-b472-e3ad2c84da6c","Modified","Last_x0020_Modified","Last_x0020_Modified","Lookup","Lookup","Lookup","False","True","True","False","Custom Columns","","","TimeLastModified",,""
"Customer Documents","c6d55182-5d03-472e-b472-e3ad2c84da6c","Created","Created_x0020_Date","Created_x0020_Date","Lookup","Lookup","Lookup","False","True","True","False","Custom Columns","","","TimeCreated",,""
"Customer Documents","c6d55182-5d03-472e-b472-e3ad2c84da6c","File Size","File_x0020_Size","File_x0020_Size","Lookup","Lookup","Lookup","False","True","True","False","Custom Columns","","","SizeInKB",,""
"Customer Documents","c6d55182-5d03-472e-b472-e3ad2c84da6c","Item Type","FSObjType","FSObjType","Lookup","Lookup","Lookup","False","True","True","False","Custom Columns","","","FSType",,""
"Customer Documents","c6d55182-5d03-472e-b472-e3ad2c84da6c","Sort Type","SortBehavior","SortBehavior","Lookup","Lookup","Lookup","False","True","True","False","Custom Columns","","","SortBehavior",,""
"Customer Documents","c6d55182-5d03-472e-b472-e3ad2c84da6c","Effective Permissions Mask","PermMask","PermMask","Computed","Computed","Computed","False","True","True","False","Custom Columns","",,,,""
"Customer Documents","c6d55182-5d03-472e-b472-e3ad2c84da6c","Principal Count","PrincipalCount","PrincipalCount","Computed","Computed","Computed","False","True","True","False","Custom Columns","",,,,""
"Customer Documents","c6d55182-5d03-472e-b472-e3ad2c84da6c","ID of the User who has the item Checked Out","CheckedOutUserId","CheckedOutUserId","Lookup","Lookup","Lookup","False","True","True","False","Custom Columns","","","CheckoutUserId",,""
"Customer Documents","c6d55182-5d03-472e-b472-e3ad2c84da6c","Is Checked out to local","IsCheckedoutToLocal","IsCheckedoutToLocal","Lookup","Lookup","Lookup","False","True","True","False","Custom Columns","","","IsCheckoutToLocal",,""
"Customer Documents","c6d55182-5d03-472e-b472-e3ad2c84da6c","Checked Out To","CheckoutUser","CheckoutUser","Person or Group","User","User","False","False","True","False","Custom Columns","","{05970f80-1382-466a-ab40-156b3e727c70}","",,""
"Customer Documents","c6d55182-5d03-472e-b472-e3ad2c84da6c","Unique Id","UniqueId","UniqueId","Lookup","Lookup","Lookup","False","True","True","False","Custom Columns","","","UniqueId",,""
"Customer Documents","c6d55182-5d03-472e-b472-e3ad2c84da6c","Document Parent Identifier","ParentUniqueId","ParentUniqueId","Lookup","Lookup","Lookup","False","True","True","False","Custom Columns","","","ParentUniqueId",,""
"Customer Documents","c6d55182-5d03-472e-b472-e3ad2c84da6c","Client Id","SyncClientId","SyncClientId","Lookup","Lookup","Lookup","False","True","True","False","Custom Columns","","","SyncClientId",,""
"Customer Documents","c6d55182-5d03-472e-b472-e3ad2c84da6c","ProgId","ProgId","ProgId","Lookup","Lookup","Lookup","False","True","True","False","Custom Columns","","","ProgId",,""
"Customer Documents","c6d55182-5d03-472e-b472-e3ad2c84da6c","ScopeId","ScopeId","ScopeId","Lookup","Lookup","Lookup","False","True","True","False","Custom Columns","","","ScopeId",,""
"Customer Documents","c6d55182-5d03-472e-b472-e3ad2c84da6c","Virus Status","VirusStatus","VirusStatus","Lookup","Lookup","Lookup","False","True","True","False","Custom Columns","","","Size",,""
"Customer Documents","c6d55182-5d03-472e-b472-e3ad2c84da6c","Checked Out To","CheckedOutTitle","CheckedOutTitle","Lookup","Lookup","Lookup","False","True","True","False","Custom Columns","","","CheckedOutTitle",,""
"Customer Documents","c6d55182-5d03-472e-b472-e3ad2c84da6c","Check In Comment","_CheckinComment","_CheckinComment","Lookup","Lookup","Lookup","False","False","True","False","Custom Columns","","","CheckinComment",,""
"Customer Documents","c6d55182-5d03-472e-b472-e3ad2c84da6c","Checked Out To","LinkCheckedOutTitle","LinkCheckedOutTitle","Computed","Computed","Computed","False","True","True","False","Custom Columns","",,,,""
"Customer Documents","c6d55182-5d03-472e-b472-e3ad2c84da6c","Edit Menu Table Start","_EditMenuTableStart","_EditMenuTableStart","Computed","Computed","Computed","False","True","True","False","Custom Columns","",,,,""
"Customer Documents","c6d55182-5d03-472e-b472-e3ad2c84da6c","Edit Menu Table Start","_EditMenuTableStart2","_EditMenuTableStart2","Computed","Computed","Computed","False","True","True","False","Custom Columns","",,,,""
"Customer Documents","c6d55182-5d03-472e-b472-e3ad2c84da6c","Edit Menu Table End","_EditMenuTableEnd","_EditMenuTableEnd","Computed","Computed","Computed","False","True","True","False","Custom Columns","",,,,""
"Customer Documents","c6d55182-5d03-472e-b472-e3ad2c84da6c","Name","LinkFilenameNoMenu","LinkFilenameNoMenu","Computed","Computed","Computed","False","False","True","False","Custom Columns","",,,,""
"Customer Documents","c6d55182-5d03-472e-b472-e3ad2c84da6c","Name","LinkFilename","LinkFilename","Computed","Computed","Computed","False","False","True","False","Custom Columns","",,,,""
"Customer Documents","c6d55182-5d03-472e-b472-e3ad2c84da6c","Name","LinkFilename2","LinkFilename2","Computed","Computed","Computed","False","True","True","False","Custom Columns","",,,,""
"Customer Documents","c6d55182-5d03-472e-b472-e3ad2c84da6c","Type","DocIcon","DocIcon","Computed","Computed","Computed","False","False","True","False","Custom Columns","",,,,""
"Customer Documents","c6d55182-5d03-472e-b472-e3ad2c84da6c","Server Relative URL","ServerUrl","ServerUrl","Computed","Computed","Computed","False","True","True","False","Custom Columns","",,,,""
"Customer Documents","c6d55182-5d03-472e-b472-e3ad2c84da6c","Encoded Absolute URL","EncodedAbsUrl","EncodedAbsUrl","Computed","Computed","Computed","False","True","True","False","Custom Columns","",,,,""
"Customer Documents","c6d55182-5d03-472e-b472-e3ad2c84da6c","Name","BaseName","BaseName","Computed","Computed","Computed","False","True","True","False","Custom Columns","",,,,""
"Customer Documents","c6d55182-5d03-472e-b472-e3ad2c84da6c","File Size","FileSizeDisplay","FileSizeDisplay","Computed","Computed","Computed","False","False","True","False","Custom Columns","",,,,""
"Customer Documents","c6d55182-5d03-472e-b472-e3ad2c84da6c","Property Bag","MetaInfo","MetaInfo","Lookup","Lookup","Lookup","False","True","False","False","Custom Columns","","","MetaInfo",,""
"Customer Documents","c6d55182-5d03-472e-b472-e3ad2c84da6c","Level","_Level","_Level","Integer","Integer","Integer","False","True","True","False","Custom Columns","",,,,""
"Customer Documents","c6d55182-5d03-472e-b472-e3ad2c84da6c","Is Current Version","_IsCurrentVersion","_IsCurrentVersion","Yes/No","Boolean","Boolean","False","True","True","False","Custom Columns","",,,,""
"Customer Documents","c6d55182-5d03-472e-b472-e3ad2c84da6c","Item Child Count","ItemChildCount","ItemChildCount","Lookup","Lookup","Lookup","False","False","True","False","Custom Columns","","","ItemChildCount",,""
"Customer Documents","c6d55182-5d03-472e-b472-e3ad2c84da6c","Folder Child Count","FolderChildCount","FolderChildCount","Lookup","Lookup","Lookup","False","False","True","False","Custom Columns","","","FolderChildCount",,""
"Customer Documents","c6d55182-5d03-472e-b472-e3ad2c84da6c","Restricted","Restricted","Restricted","Lookup","Lookup","Lookup","False","True","True","False","Custom Columns","","","Restricted",,""
"Customer Documents","c6d55182-5d03-472e-b472-e3ad2c84da6c","Originator Id","OriginatorId","OriginatorId","Lookup","Lookup","Lookup","False","True","True","False","Custom Columns","","","OriginatorId",,""
"Customer Documents","c6d55182-5d03-472e-b472-e3ad2c84da6c","NoExecute","NoExecute","NoExecute","Lookup","Lookup","Lookup","False","True","True","False","Custom Columns","","","DocFlags",,""
"Customer Documents","c6d55182-5d03-472e-b472-e3ad2c84da6c","Content Version","ContentVersion","ContentVersion","Lookup","Lookup","Lookup","False","True","True","False","Custom Columns","","","ContentVersion",,""
"Customer Documents","c6d55182-5d03-472e-b472-e3ad2c84da6c","Label setting","_ComplianceFlags","_ComplianceFlags","Lookup","Lookup","Lookup","False","False","True","False","Custom Columns","","","ComplianceFlags",,""
"Customer Documents","c6d55182-5d03-472e-b472-e3ad2c84da6c","Retention label","_ComplianceTag","_ComplianceTag","Lookup","Lookup","Lookup","False","False","True","False","Custom Columns","","","ComplianceTag",,""
"Customer Documents","c6d55182-5d03-472e-b472-e3ad2c84da6c","Retention label Applied","_ComplianceTagWrittenTime","_ComplianceTagWrittenTime","Lookup","Lookup","Lookup","False","False","True","False","Custom Columns","","","ComplianceTagWrittenTime",,""
"Customer Documents","c6d55182-5d03-472e-b472-e3ad2c84da6c","Label applied by","_ComplianceTagUserId","_ComplianceTagUserId","Lookup","Lookup","Lookup","False","False","True","False","Custom Columns","","","ComplianceTagUserId",,""
"Customer Documents","c6d55182-5d03-472e-b472-e3ad2c84da6c","Item is a Record","_IsRecord","_IsRecord","Computed","Computed","Computed","False","False","True","False","Custom Columns","",,,,""
"Customer Documents","c6d55182-5d03-472e-b472-e3ad2c84da6c","BLOB Sequence Number","BSN","BSN","Lookup","Lookup","Lookup","False","True","True","False","Custom Columns","","","BSN",,""
"Customer Documents","c6d55182-5d03-472e-b472-e3ad2c84da6c","List Schema Version","_ListSchemaVersion","_ListSchemaVersion","Lookup","Lookup","Lookup","False","True","True","False","Custom Columns","","","ListSchemaVersion",,""
"Customer Documents","c6d55182-5d03-472e-b472-e3ad2c84da6c","Dirty","_Dirty","_Dirty","Lookup","Lookup","Lookup","False","True","True","False","Custom Columns","","","Dirty",,""
"Customer Documents","c6d55182-5d03-472e-b472-e3ad2c84da6c","Parsable","_Parsable","_Parsable","Lookup","Lookup","Lookup","False","True","True","False","Custom Columns","","","DocFlags",,""
"Customer Documents","c6d55182-5d03-472e-b472-e3ad2c84da6c","StubFile","_StubFile","_StubFile","Lookup","Lookup","Lookup","False","True","True","False","Custom Columns","","","DocFlags",,""
"Customer Documents","c6d55182-5d03-472e-b472-e3ad2c84da6c","HasEncryptedContent","_HasEncryptedContent","_HasEncryptedContent","Lookup","Lookup","Lookup","False","True","True","False","Custom Columns","","","DocFlags",,""
"Customer Documents","c6d55182-5d03-472e-b472-e3ad2c84da6c","HasUserDefinedProtection","_HasUserDefinedProtection","_HasUserDefinedProtection","Lookup","Lookup","Lookup","False","True","True","False","Custom Columns","","","DocFlags",,""
"Customer Documents","c6d55182-5d03-472e-b472-e3ad2c84da6c","Access Policy","AccessPolicy","AccessPolicy","Lookup","Lookup","Lookup","False","True","True","False","Custom Columns","","","AccessPolicy",,""
"Customer Documents","c6d55182-5d03-472e-b472-e3ad2c84da6c","VirusStatus","_VirusStatus","_VirusStatus","Lookup","Lookup","Lookup","False","True","True","False","Custom Columns","","","VirusStatus",,""
"Customer Documents","c6d55182-5d03-472e-b472-e3ad2c84da6c","VirusVendorID","_VirusVendorID","_VirusVendorID","Lookup","Lookup","Lookup","False","True","True","False","Custom Columns","","","VirusVendorID",,""
"Customer Documents","c6d55182-5d03-472e-b472-e3ad2c84da6c","VirusInfo","_VirusInfo","_VirusInfo","Lookup","Lookup","Lookup","False","True","True","False","Custom Columns","","","VirusInfo",,""
"Customer Documents","c6d55182-5d03-472e-b472-e3ad2c84da6c","RansomwareAnomalyMetaInfo","_RansomwareAnomalyMetaInfo","_RansomwareAnomalyMetaInfo","Lookup","Lookup","Lookup","False","True","True","False","Custom Columns","","","RansomwareAnomalyMetaInfo",,""
"Customer Documents","c6d55182-5d03-472e-b472-e3ad2c84da6c","Comment settings","_CommentFlags","_CommentFlags","Lookup","Lookup","Lookup","False","True","True","False","Custom Columns","","","CommentFlags",,""
"Customer Documents","c6d55182-5d03-472e-b472-e3ad2c84da6c","Comment count","_CommentCount","_CommentCount","Lookup","Lookup","Lookup","False","False","True","False","Custom Columns","","","CommentCount",,""
"Customer Documents","c6d55182-5d03-472e-b472-e3ad2c84da6c","Like count","_LikeCount","_LikeCount","Lookup","Lookup","Lookup","False","False","True","False","Custom Columns","","","LikeCount",,""
"Customer Documents","c6d55182-5d03-472e-b472-e3ad2c84da6c","Rights Management Template Id","_RmsTemplateId","_RmsTemplateId","Lookup","Lookup","Lookup","False","True","True","False","Custom Columns","","","RmsTemplateId",,""
"Customer Documents","c6d55182-5d03-472e-b472-e3ad2c84da6c","Sensitivity Label Id","_IpLabelId","_IpLabelId","Lookup","Lookup","Lookup","False","True","True","False","Custom Columns","","","IpLabelId",,""
"Customer Documents","c6d55182-5d03-472e-b472-e3ad2c84da6c","Sensitivity","_DisplayName","_DisplayName","Lookup","Lookup","Lookup","False","False","True","False","Custom Columns","","","DisplayName",,""
"Customer Documents","c6d55182-5d03-472e-b472-e3ad2c84da6c","Sensitivity Label Assignment Method","_IpLabelAssignmentMethod","_IpLabelAssignmentMethod","Lookup","Lookup","Lookup","False","True","True","False","Custom Columns","","","IpLabelAssignmentMethod",,""
"Customer Documents","c6d55182-5d03-472e-b472-e3ad2c84da6c","A2OD Mount Count","A2ODMountCount","A2ODMountCount","Lookup","Lookup","Lookup","False","True","True","False","Custom Columns","","","A2ODMountCount",,""
"Customer Documents","c6d55182-5d03-472e-b472-e3ad2c84da6c","Expiration Date","_ExpirationDate","_ExpirationDate","Lookup","Lookup","Lookup","False","True","True","False","Custom Columns","","","ExpirationDate",,""
"Customer Documents","c6d55182-5d03-472e-b472-e3ad2c84da6c","IpLabelHash","_IpLabelHash","_IpLabelHash","Lookup","Lookup","Lookup","False","True","True","False","Custom Columns","","","IpLabelHash",,""
"Customer Documents","c6d55182-5d03-472e-b472-e3ad2c84da6c","IpLabelPromotionCtagVersion","_IpLabelPromotionCtagVersion","_IpLabelPromotionCtagVersion","Lookup","Lookup","Lookup","False","True","True","False","Custom Columns","","","IpLabelPromotionCtagVersion",,""
"Customer Documents","c6d55182-5d03-472e-b472-e3ad2c84da6c","Draft Owner Id","_DraftOwnerId","_DraftOwnerId","Lookup","Lookup","Lookup","False","True","True","False","Custom Columns","","","DraftOwnerId",,""
"Customer Documents","c6d55182-5d03-472e-b472-e3ad2c84da6c","Sensitivity Label Metadata","_IpLabelMetaInfo","_IpLabelMetaInfo","Lookup","Lookup","Lookup","False","True","True","False","Custom Columns","","","IpLabelMetaInfo",,""
"Customer Documents","c6d55182-5d03-472e-b472-e3ad2c84da6c","AdditionalStreamSize","_AdditionalStreamSize","_AdditionalStreamSize","Lookup","Lookup","Lookup","False","True","True","False","Custom Columns","","","AdditionalStreamSize",,""
"Customer Documents","c6d55182-5d03-472e-b472-e3ad2c84da6c","StreamScenarioIds","_StreamScenarioIds","_StreamScenarioIds","Lookup","Lookup","Lookup","False","True","True","False","Custom Columns","","","StreamScenarioIds",,""
"Customer Documents","c6d55182-5d03-472e-b472-e3ad2c84da6c","Archive Status","_FileArchiveStatus","_FileArchiveStatus","Lookup","Lookup","Lookup","False","True","True","False","Custom Columns","","","FileArchiveStatus",,""
"Customer Documents","c6d55182-5d03-472e-b472-e3ad2c84da6c","Media file metadata","_ExtractedMetadata","_ExtractedMetadata","Lookup","Lookup","Lookup","False","True","True","False","Custom Columns","","","ExtractedMetadata",,""
"Customer Documents","c6d55182-5d03-472e-b472-e3ad2c84da6c","Archive State Last Modified Time","_FileArchiveTimeLastModified","_FileArchiveTimeLastModified","Lookup","Lookup","Lookup","False","True","True","False","Custom Columns","","","FileArchiveTimeLastModified",,""
"Customer Documents","c6d55182-5d03-472e-b472-e3ad2c84da6c","Main Link settings","MainLinkSettings","MainLinkSettings","Computed","Computed","Computed","False","True","True","False","Custom Columns","",,,,""
"Customer Documents","c6d55182-5d03-472e-b472-e3ad2c84da6c","App Created By","AppAuthor","AppAuthor","Lookup","Lookup","Lookup","False","False","True","False","Custom Columns","","AppPrincipals","Title",,""
"Customer Documents","c6d55182-5d03-472e-b472-e3ad2c84da6c","App Modified By","AppEditor","AppEditor","Lookup","Lookup","Lookup","False","False","True","False","Custom Columns","","AppPrincipals","Title",,""
"Customer Documents","c6d55182-5d03-472e-b472-e3ad2c84da6c","Total Size","SMTotalSize","SMTotalSize","Lookup","Lookup","Lookup","False","True","True","False","Custom Columns","","","SMTotalSize",,""
"Customer Documents","c6d55182-5d03-472e-b472-e3ad2c84da6c","Last Modified Date","SMLastModifiedDate","SMLastModifiedDate","Lookup","Lookup","Lookup","False","True","True","False","Custom Columns","","","SMLastModifiedDate",,""
"Customer Documents","c6d55182-5d03-472e-b472-e3ad2c84da6c","Total File Stream Size","SMTotalFileStreamSize","SMTotalFileStreamSize","Lookup","Lookup","Lookup","False","True","True","False","Custom Columns","","","SMTotalFileStreamSize",,""
"Customer Documents","c6d55182-5d03-472e-b472-e3ad2c84da6c","Total File Count","SMTotalFileCount","SMTotalFileCount","Lookup","Lookup","Lookup","False","True","True","False","Custom Columns","","","SMTotalFileCount",,""
"Customer Documents","c6d55182-5d03-472e-b472-e3ad2c84da6c","Select","SelectTitle","SelectTitle","Computed","Computed","Computed","False","True","True","False","Custom Columns","",,,,""
"Customer Documents","c6d55182-5d03-472e-b472-e3ad2c84da6c","Select","SelectFilename","SelectFilename","Computed","Computed","Computed","False","True","True","False","Custom Columns","",,,,""
"Customer Documents","c6d55182-5d03-472e-b472-e3ad2c84da6c","Edit","Edit","Edit","Computed","Computed","Computed","False","False","True","False","Custom Columns","",,,,""
"Customer Documents","c6d55182-5d03-472e-b472-e3ad2c84da6c","owshiddenversion","owshiddenversion","owshiddenversion","Integer","Integer","Integer","False","True","True","False","Custom Columns","",,,,""
"Customer Documents","c6d55182-5d03-472e-b472-e3ad2c84da6c","UI Version","_UIVersion","_UIVersion","Integer","Integer","Integer","False","True","True","False","Custom Columns","",,,,""
"Customer Documents","c6d55182-5d03-472e-b472-e3ad2c84da6c","Version","_UIVersionString","_UIVersionString","Single line of text","Text","Text","False","False","True","False","Custom Columns","",,,,""
"Customer Documents","c6d55182-5d03-472e-b472-e3ad2c84da6c","Instance ID","InstanceID","InstanceID","Integer","Integer","Integer","False","True","True","False","Custom Columns","",,,,""
"Customer Documents","c6d55182-5d03-472e-b472-e3ad2c84da6c","Order","Order","Order","Number","Number","Number","False","True","False","False","Custom Columns","",,,,""
"Customer Documents","c6d55182-5d03-472e-b472-e3ad2c84da6c","GUID","GUID","GUID","Guid","Guid","Guid","False","True","True","False","Custom Columns","",,,,""
"Customer Documents","c6d55182-5d03-472e-b472-e3ad2c84da6c","Workflow Version","WorkflowVersion","WorkflowVersion","Integer","Integer","Integer","False","True","True","False","Custom Columns","",,,,""
"Customer Documents","c6d55182-5d03-472e-b472-e3ad2c84da6c","Workflow Instance ID","WorkflowInstanceID","WorkflowInstanceID","Guid","Guid","Guid","False","True","True","False","Custom Columns","",,,,""
"Customer Documents","c6d55182-5d03-472e-b472-e3ad2c84da6c","Source Version (Converted Document)","ParentVersionString","ParentVersionString","Lookup","Lookup","Lookup","False","False","True","False","Custom Columns","","","ParentVersionString",,""
"Customer Documents","c6d55182-5d03-472e-b472-e3ad2c84da6c","Source Name (Converted Document)","ParentLeafName","ParentLeafName","Lookup","Lookup","Lookup","False","False","True","False","Custom Columns","","","ParentLeafName",,""
"Customer Documents","c6d55182-5d03-472e-b472-e3ad2c84da6c","Document Concurrency Number","DocConcurrencyNumber","DocConcurrencyNumber","Lookup","Lookup","Lookup","False","True","True","False","Custom Columns","","","DocConcurrencyNumber",,""
"Customer Documents","c6d55182-5d03-472e-b472-e3ad2c84da6c","Document Stream Hash","StreamHash","StreamHash","Lookup","Lookup","Lookup","False","True","True","False","Custom Columns","","","StreamHash",,""
"Customer Documents","c6d55182-5d03-472e-b472-e3ad2c84da6c","Merge","Combine","Combine","Computed","Computed","Computed","False","True","True","False","Custom Columns","",,,,""
"Customer Documents","c6d55182-5d03-472e-b472-e3ad2c84da6c","Relink","RepairDocument","RepairDocument","Computed","Computed","Computed","False","True","True","False","Custom Columns","",,,,""
"Customer Documents","c6d55182-5d03-472e-b472-e3ad2c84da6c","Actions Disabled by Policy","PolicyDisabledUICapabilities","PolicyDisabledUICapabilities","Computed","Computed","Computed","False","True","True","False","Custom Columns","",,,,""
"Departments","6138bc88-b49e-4c46-b4de-5f02fd8da8b0","Content Type ID","ContentTypeId","ContentTypeId","Content Type Id","ContentTypeId","ContentTypeId","False","True","True","False","Custom Columns","",,,,""
"Departments","6138bc88-b49e-4c46-b4de-5f02fd8da8b0","Title","Title","Title","Single line of text","Text","Text","False","False","False","False","Custom Columns","",,,,""
"Departments","6138bc88-b49e-4c46-b4de-5f02fd8da8b0","Approver Comments","_ModerationComments","_ModerationComments","Multiple lines of text","Note","Note","False","True","True","False","Custom Columns","",,,,""
"Departments","6138bc88-b49e-4c46-b4de-5f02fd8da8b0","File Type","File_x0020_Type","File_x0020_Type","Single line of text","Text","Text","False","True","True","False","Custom Columns","",,,,""
"Departments","6138bc88-b49e-4c46-b4de-5f02fd8da8b0","Color","_ColorHex","_ColorHex","Single line of text","Text","Text","False","True","True","False","Custom Columns","",,,,""
"Departments","6138bc88-b49e-4c46-b4de-5f02fd8da8b0","Color Tag","_ColorTag","_ColorTag","Single line of text","Text","Text","False","False","True","False","Custom Columns","",,,,""
"Departments","6138bc88-b49e-4c46-b4de-5f02fd8da8b0","Emoji","_Emoji","_Emoji","Single line of text","Text","Text","False","True","True","False","Custom Columns","",,,,""
"Departments","6138bc88-b49e-4c46-b4de-5f02fd8da8b0","Compliance Asset Id","ComplianceAssetId","ComplianceAssetId","Single line of text","Text","Text","False","False","True","False","Custom Columns","",,,,""
"Departments","6138bc88-b49e-4c46-b4de-5f02fd8da8b0","Name","Name","Name","Single line of text","Text","Text","False","False","False","False","Custom Columns","",,,,""
"Departments","6138bc88-b49e-4c46-b4de-5f02fd8da8b0","Company","Company","Company","Lookup","Lookup","Lookup","False","False","False","True","Custom Columns","","6079c6aa-d657-42a8-9a7b-9c8e074386b4","CompanyName",,""
"Departments","6138bc88-b49e-4c46-b4de-5f02fd8da8b0","flowInvolve","flowInvolve","flowInvolve","Single line of text","Text","Text","False","False","False","False","Custom Columns","",,,,""
"Departments","6138bc88-b49e-4c46-b4de-5f02fd8da8b0","ID","ID","ID","Counter","Counter","Counter","False","False","True","False","Custom Columns","",,,,""
"Departments","6138bc88-b49e-4c46-b4de-5f02fd8da8b0","Content Type","ContentType","ContentType","Computed","Computed","Computed","False","False","False","False","_Hidden","",,,,""
"Departments","6138bc88-b49e-4c46-b4de-5f02fd8da8b0","Modified","Modified","Modified","Date and Time","DateTime","DateTime","False","False","True","False","Custom Columns","",,,,""
"Departments","6138bc88-b49e-4c46-b4de-5f02fd8da8b0","Created","Created","Created","Date and Time","DateTime","DateTime","False","False","True","False","Custom Columns","",,,,""
"Departments","6138bc88-b49e-4c46-b4de-5f02fd8da8b0","Created By","Author","Author","Person or Group","User","User","False","False","True","False","Custom Columns","","{05970f80-1382-466a-ab40-156b3e727c70}","",,""
"Departments","6138bc88-b49e-4c46-b4de-5f02fd8da8b0","Modified By","Editor","Editor","Person or Group","User","User","False","False","True","False","Custom Columns","","{05970f80-1382-466a-ab40-156b3e727c70}","",,""
"Departments","6138bc88-b49e-4c46-b4de-5f02fd8da8b0","Has Copy Destinations","_HasCopyDestinations","_HasCopyDestinations","Yes/No","Boolean","Boolean","False","True","True","False","Custom Columns","",,,,""
"Departments","6138bc88-b49e-4c46-b4de-5f02fd8da8b0","Copy Source","_CopySource","_CopySource","Single line of text","Text","Text","False","True","True","False","Custom Columns","",,,,""
"Departments","6138bc88-b49e-4c46-b4de-5f02fd8da8b0","owshiddenversion","owshiddenversion","owshiddenversion","Integer","Integer","Integer","False","True","True","False","Custom Columns","",,,,""
"Departments","6138bc88-b49e-4c46-b4de-5f02fd8da8b0","Workflow Version","WorkflowVersion","WorkflowVersion","Integer","Integer","Integer","False","True","True","False","Custom Columns","",,,,""
"Departments","6138bc88-b49e-4c46-b4de-5f02fd8da8b0","UI Version","_UIVersion","_UIVersion","Integer","Integer","Integer","False","True","True","False","Custom Columns","",,,,""
"Departments","6138bc88-b49e-4c46-b4de-5f02fd8da8b0","Version","_UIVersionString","_UIVersionString","Single line of text","Text","Text","False","False","True","False","Custom Columns","",,,,""
"Departments","6138bc88-b49e-4c46-b4de-5f02fd8da8b0","Attachments","Attachments","Attachments","Attachments","Attachments","Attachments","False","False","False","False","Custom Columns","",,,,""
"Departments","6138bc88-b49e-4c46-b4de-5f02fd8da8b0","Approval Status","_ModerationStatus","_ModerationStatus","Moderation Status","ModStat","ModStat","False","True","True","False","Custom Columns","0;#Approved | 1;#Rejected | 2;#Pending | 3;#Draft | 4;#Scheduled",,,"0",""
"Departments","6138bc88-b49e-4c46-b4de-5f02fd8da8b0","Edit","Edit","Edit","Computed","Computed","Computed","False","False","True","False","Custom Columns","",,,,""
"Departments","6138bc88-b49e-4c46-b4de-5f02fd8da8b0","Title","LinkTitleNoMenu","LinkTitleNoMenu","Computed","Computed","Computed","False","False","True","False","Custom Columns","",,,,""
"Departments","6138bc88-b49e-4c46-b4de-5f02fd8da8b0","Title","LinkTitle","LinkTitle","Computed","Computed","Computed","False","False","True","False","Custom Columns","",,,,""
"Departments","6138bc88-b49e-4c46-b4de-5f02fd8da8b0","Title","LinkTitle2","LinkTitle2","Computed","Computed","Computed","False","True","True","False","Custom Columns","",,,,""
"Departments","6138bc88-b49e-4c46-b4de-5f02fd8da8b0","Select","SelectTitle","SelectTitle","Computed","Computed","Computed","False","True","True","False","Custom Columns","",,,,""
"Departments","6138bc88-b49e-4c46-b4de-5f02fd8da8b0","Instance ID","InstanceID","InstanceID","Integer","Integer","Integer","False","True","True","False","Custom Columns","",,,,""
"Departments","6138bc88-b49e-4c46-b4de-5f02fd8da8b0","Order","Order","Order","Number","Number","Number","False","True","False","False","Custom Columns","",,,,""
"Departments","6138bc88-b49e-4c46-b4de-5f02fd8da8b0","GUID","GUID","GUID","Guid","Guid","Guid","False","True","True","False","Custom Columns","",,,,""
"Departments","6138bc88-b49e-4c46-b4de-5f02fd8da8b0","Workflow Instance ID","WorkflowInstanceID","WorkflowInstanceID","Guid","Guid","Guid","False","True","True","False","Custom Columns","",,,,""
"Departments","6138bc88-b49e-4c46-b4de-5f02fd8da8b0","URL Path","FileRef","FileRef","Lookup","Lookup","Lookup","False","True","True","False","Custom Columns","","","FullUrl",,""
"Departments","6138bc88-b49e-4c46-b4de-5f02fd8da8b0","Path","FileDirRef","FileDirRef","Lookup","Lookup","Lookup","False","True","True","False","Custom Columns","","","DirName",,""
"Departments","6138bc88-b49e-4c46-b4de-5f02fd8da8b0","Modified","Last_x0020_Modified","Last_x0020_Modified","Lookup","Lookup","Lookup","False","True","True","False","Custom Columns","","","TimeLastModified",,""
"Departments","6138bc88-b49e-4c46-b4de-5f02fd8da8b0","Created","Created_x0020_Date","Created_x0020_Date","Lookup","Lookup","Lookup","False","True","True","False","Custom Columns","","","TimeCreated",,""
"Departments","6138bc88-b49e-4c46-b4de-5f02fd8da8b0","Item Type","FSObjType","FSObjType","Lookup","Lookup","Lookup","False","True","True","False","Custom Columns","","","FSType",,""
"Departments","6138bc88-b49e-4c46-b4de-5f02fd8da8b0","Sort Type","SortBehavior","SortBehavior","Lookup","Lookup","Lookup","False","True","True","False","Custom Columns","","","SortBehavior",,""
"Departments","6138bc88-b49e-4c46-b4de-5f02fd8da8b0","Effective Permissions Mask","PermMask","PermMask","Computed","Computed","Computed","False","True","True","False","Custom Columns","",,,,""
"Departments","6138bc88-b49e-4c46-b4de-5f02fd8da8b0","Principal Count","PrincipalCount","PrincipalCount","Computed","Computed","Computed","False","True","True","False","Custom Columns","",,,,""
"Departments","6138bc88-b49e-4c46-b4de-5f02fd8da8b0","Name","FileLeafRef","FileLeafRef","File","File","File","False","True","False","False","Custom Columns","",,,,""
"Departments","6138bc88-b49e-4c46-b4de-5f02fd8da8b0","Unique Id","UniqueId","UniqueId","Lookup","Lookup","Lookup","False","True","True","False","Custom Columns","","","UniqueId",,""
"Departments","6138bc88-b49e-4c46-b4de-5f02fd8da8b0","Document Parent Identifier","ParentUniqueId","ParentUniqueId","Lookup","Lookup","Lookup","False","True","True","False","Custom Columns","","","ParentUniqueId",,""
"Departments","6138bc88-b49e-4c46-b4de-5f02fd8da8b0","Client Id","SyncClientId","SyncClientId","Lookup","Lookup","Lookup","False","True","True","False","Custom Columns","","","SyncClientId",,""
"Departments","6138bc88-b49e-4c46-b4de-5f02fd8da8b0","ProgId","ProgId","ProgId","Lookup","Lookup","Lookup","False","True","True","False","Custom Columns","","","ProgId",,""
"Departments","6138bc88-b49e-4c46-b4de-5f02fd8da8b0","ScopeId","ScopeId","ScopeId","Lookup","Lookup","Lookup","False","True","True","False","Custom Columns","","","ScopeId",,""
"Departments","6138bc88-b49e-4c46-b4de-5f02fd8da8b0","HTML File Type","HTML_x0020_File_x0020_Type","HTML_x0020_File_x0020_Type","Computed","Computed","Computed","False","True","True","False","Custom Columns","",,,,""
"Departments","6138bc88-b49e-4c46-b4de-5f02fd8da8b0","Edit Menu Table Start","_EditMenuTableStart","_EditMenuTableStart","Computed","Computed","Computed","False","True","True","False","Custom Columns","",,,,""
"Departments","6138bc88-b49e-4c46-b4de-5f02fd8da8b0","Edit Menu Table Start","_EditMenuTableStart2","_EditMenuTableStart2","Computed","Computed","Computed","False","True","True","False","Custom Columns","",,,,""
"Departments","6138bc88-b49e-4c46-b4de-5f02fd8da8b0","Edit Menu Table End","_EditMenuTableEnd","_EditMenuTableEnd","Computed","Computed","Computed","False","True","True","False","Custom Columns","",,,,""
"Departments","6138bc88-b49e-4c46-b4de-5f02fd8da8b0","Name","LinkFilenameNoMenu","LinkFilenameNoMenu","Computed","Computed","Computed","False","True","True","False","Custom Columns","",,,,""
"Departments","6138bc88-b49e-4c46-b4de-5f02fd8da8b0","Name","LinkFilename","LinkFilename","Computed","Computed","Computed","False","True","True","False","Custom Columns","",,,,""
"Departments","6138bc88-b49e-4c46-b4de-5f02fd8da8b0","Name","LinkFilename2","LinkFilename2","Computed","Computed","Computed","False","True","True","False","Custom Columns","",,,,""
"Departments","6138bc88-b49e-4c46-b4de-5f02fd8da8b0","Type","DocIcon","DocIcon","Computed","Computed","Computed","False","False","True","False","Custom Columns","",,,,""
"Departments","6138bc88-b49e-4c46-b4de-5f02fd8da8b0","Server Relative URL","ServerUrl","ServerUrl","Computed","Computed","Computed","False","True","True","False","Custom Columns","",,,,""
"Departments","6138bc88-b49e-4c46-b4de-5f02fd8da8b0","Encoded Absolute URL","EncodedAbsUrl","EncodedAbsUrl","Computed","Computed","Computed","False","True","True","False","Custom Columns","",,,,""
"Departments","6138bc88-b49e-4c46-b4de-5f02fd8da8b0","File Name","BaseName","BaseName","Computed","Computed","Computed","False","True","True","False","Custom Columns","",,,,""
"Departments","6138bc88-b49e-4c46-b4de-5f02fd8da8b0","Property Bag","MetaInfo","MetaInfo","Lookup","Lookup","Lookup","False","True","False","False","Custom Columns","","","MetaInfo",,""
"Departments","6138bc88-b49e-4c46-b4de-5f02fd8da8b0","Level","_Level","_Level","Integer","Integer","Integer","False","True","True","False","Custom Columns","",,,,""
"Departments","6138bc88-b49e-4c46-b4de-5f02fd8da8b0","Is Current Version","_IsCurrentVersion","_IsCurrentVersion","Yes/No","Boolean","Boolean","False","True","True","False","Custom Columns","",,,,""
"Departments","6138bc88-b49e-4c46-b4de-5f02fd8da8b0","Item Child Count","ItemChildCount","ItemChildCount","Lookup","Lookup","Lookup","False","False","True","False","Custom Columns","","","ItemChildCount",,""
"Departments","6138bc88-b49e-4c46-b4de-5f02fd8da8b0","Folder Child Count","FolderChildCount","FolderChildCount","Lookup","Lookup","Lookup","False","False","True","False","Custom Columns","","","FolderChildCount",,""
"Departments","6138bc88-b49e-4c46-b4de-5f02fd8da8b0","Restricted","Restricted","Restricted","Lookup","Lookup","Lookup","False","True","True","False","Custom Columns","","","Restricted",,""
"Departments","6138bc88-b49e-4c46-b4de-5f02fd8da8b0","Originator Id","OriginatorId","OriginatorId","Lookup","Lookup","Lookup","False","True","True","False","Custom Columns","","","OriginatorId",,""
"Departments","6138bc88-b49e-4c46-b4de-5f02fd8da8b0","NoExecute","NoExecute","NoExecute","Lookup","Lookup","Lookup","False","True","True","False","Custom Columns","","","DocFlags",,""
"Departments","6138bc88-b49e-4c46-b4de-5f02fd8da8b0","Content Version","ContentVersion","ContentVersion","Lookup","Lookup","Lookup","False","True","True","False","Custom Columns","","","ContentVersion",,""
"Departments","6138bc88-b49e-4c46-b4de-5f02fd8da8b0","Label setting","_ComplianceFlags","_ComplianceFlags","Lookup","Lookup","Lookup","False","False","True","False","Custom Columns","","","ComplianceFlags",,""
"Departments","6138bc88-b49e-4c46-b4de-5f02fd8da8b0","Retention label","_ComplianceTag","_ComplianceTag","Lookup","Lookup","Lookup","False","False","True","False","Custom Columns","","","ComplianceTag",,""
"Departments","6138bc88-b49e-4c46-b4de-5f02fd8da8b0","Retention label Applied","_ComplianceTagWrittenTime","_ComplianceTagWrittenTime","Lookup","Lookup","Lookup","False","False","True","False","Custom Columns","","","ComplianceTagWrittenTime",,""
"Departments","6138bc88-b49e-4c46-b4de-5f02fd8da8b0","Label applied by","_ComplianceTagUserId","_ComplianceTagUserId","Lookup","Lookup","Lookup","False","False","True","False","Custom Columns","","","ComplianceTagUserId",,""
"Departments","6138bc88-b49e-4c46-b4de-5f02fd8da8b0","Item is a Record","_IsRecord","_IsRecord","Computed","Computed","Computed","False","False","True","False","Custom Columns","",,,,""
"Departments","6138bc88-b49e-4c46-b4de-5f02fd8da8b0","Access Policy","AccessPolicy","AccessPolicy","Lookup","Lookup","Lookup","False","True","True","False","Custom Columns","","","AccessPolicy",,""
"Departments","6138bc88-b49e-4c46-b4de-5f02fd8da8b0","VirusStatus","_VirusStatus","_VirusStatus","Lookup","Lookup","Lookup","False","True","True","False","Custom Columns","","","VirusStatus",,""
"Departments","6138bc88-b49e-4c46-b4de-5f02fd8da8b0","VirusVendorID","_VirusVendorID","_VirusVendorID","Lookup","Lookup","Lookup","False","True","True","False","Custom Columns","","","VirusVendorID",,""
"Departments","6138bc88-b49e-4c46-b4de-5f02fd8da8b0","VirusInfo","_VirusInfo","_VirusInfo","Lookup","Lookup","Lookup","False","True","True","False","Custom Columns","","","VirusInfo",,""
"Departments","6138bc88-b49e-4c46-b4de-5f02fd8da8b0","RansomwareAnomalyMetaInfo","_RansomwareAnomalyMetaInfo","_RansomwareAnomalyMetaInfo","Lookup","Lookup","Lookup","False","True","True","False","Custom Columns","","","RansomwareAnomalyMetaInfo",,""
"Departments","6138bc88-b49e-4c46-b4de-5f02fd8da8b0","Draft Owner Id","_DraftOwnerId","_DraftOwnerId","Lookup","Lookup","Lookup","False","True","True","False","Custom Columns","","","DraftOwnerId",,""
"Departments","6138bc88-b49e-4c46-b4de-5f02fd8da8b0","Main Link settings","MainLinkSettings","MainLinkSettings","Computed","Computed","Computed","False","True","True","False","Custom Columns","",,,,""
"Departments","6138bc88-b49e-4c46-b4de-5f02fd8da8b0","App Created By","AppAuthor","AppAuthor","Lookup","Lookup","Lookup","False","False","True","False","Custom Columns","","AppPrincipals","Title",,""
"Departments","6138bc88-b49e-4c46-b4de-5f02fd8da8b0","App Modified By","AppEditor","AppEditor","Lookup","Lookup","Lookup","False","False","True","False","Custom Columns","","AppPrincipals","Title",,""
"Departments","6138bc88-b49e-4c46-b4de-5f02fd8da8b0","Total Size","SMTotalSize","SMTotalSize","Lookup","Lookup","Lookup","False","True","True","False","Custom Columns","","","SMTotalSize",,""
"Departments","6138bc88-b49e-4c46-b4de-5f02fd8da8b0","Last Modified Date","SMLastModifiedDate","SMLastModifiedDate","Lookup","Lookup","Lookup","False","True","True","False","Custom Columns","","","SMLastModifiedDate",,""
"Departments","6138bc88-b49e-4c46-b4de-5f02fd8da8b0","Total File Stream Size","SMTotalFileStreamSize","SMTotalFileStreamSize","Lookup","Lookup","Lookup","False","True","True","False","Custom Columns","","","SMTotalFileStreamSize",,""
"Departments","6138bc88-b49e-4c46-b4de-5f02fd8da8b0","Total File Count","SMTotalFileCount","SMTotalFileCount","Lookup","Lookup","Lookup","False","True","True","False","Custom Columns","","","SMTotalFileCount",,""
"Departments","6138bc88-b49e-4c46-b4de-5f02fd8da8b0","Comment settings","_CommentFlags","_CommentFlags","Lookup","Lookup","Lookup","False","True","True","False","Custom Columns","","","CommentFlags",,""
"Departments","6138bc88-b49e-4c46-b4de-5f02fd8da8b0","Comment count","_CommentCount","_CommentCount","Lookup","Lookup","Lookup","False","True","True","False","Custom Columns","","","CommentCount",,""
"EUSR Register","aadb1a11-640d-4cdd-925f-0a493af3aedb","Content Type ID","ContentTypeId","ContentTypeId","Content Type Id","ContentTypeId","ContentTypeId","False","True","True","False","Custom Columns","",,,,""
"EUSR Register","aadb1a11-640d-4cdd-925f-0a493af3aedb","Title","Title","Title","Single line of text","Text","Text","False","False","False","False","Custom Columns","",,,,""
"EUSR Register","aadb1a11-640d-4cdd-925f-0a493af3aedb","Approver Comments","_ModerationComments","_ModerationComments","Multiple lines of text","Note","Note","False","True","True","False","Custom Columns","",,,,""
"EUSR Register","aadb1a11-640d-4cdd-925f-0a493af3aedb","File Type","File_x0020_Type","File_x0020_Type","Single line of text","Text","Text","False","True","True","False","Custom Columns","",,,,""
"EUSR Register","aadb1a11-640d-4cdd-925f-0a493af3aedb","Color","_ColorHex","_ColorHex","Single line of text","Text","Text","False","True","True","False","Custom Columns","",,,,""
"EUSR Register","aadb1a11-640d-4cdd-925f-0a493af3aedb","Color Tag","_ColorTag","_ColorTag","Single line of text","Text","Text","False","False","True","False","Custom Columns","",,,,""
"EUSR Register","aadb1a11-640d-4cdd-925f-0a493af3aedb","Emoji","_Emoji","_Emoji","Single line of text","Text","Text","False","True","True","False","Custom Columns","",,,,""
"EUSR Register","aadb1a11-640d-4cdd-925f-0a493af3aedb","Compliance Asset Id","ComplianceAssetId","ComplianceAssetId","Single line of text","Text","Text","False","False","True","False","Custom Columns","",,,,""
"EUSR Register","aadb1a11-640d-4cdd-925f-0a493af3aedb","Candidate Name","CandidateName","CandidateName","Lookup","Lookup","Lookup","True","False","False","True","Custom Columns","","dd110a2d-a447-4b0e-aec7-c3ff9980bfc9","CandidateName",,""
"EUSR Register","aadb1a11-640d-4cdd-925f-0a493af3aedb","Training Date","TrainingDate","TrainingDate","Date and Time","DateTime","DateTime","False","False","False","False","Custom Columns","",,,,""
"EUSR Register","aadb1a11-640d-4cdd-925f-0a493af3aedb","Batch Number","BatchNumber","BatchNumber","Single line of text","Text","Text","False","False","False","False","Custom Columns","",,,,""
"EUSR Register","aadb1a11-640d-4cdd-925f-0a493af3aedb","Expiry","Expiry","Expiry","Date and Time","DateTime","DateTime","False","False","False","False","Custom Columns","",,,,""
"EUSR Register","aadb1a11-640d-4cdd-925f-0a493af3aedb","EUSR Category","EusrCategory","EusrCategory","Choice","MultiChoice","MultiChoice","False","False","False","False","Custom Columns","Water Hygiene | SHEA Water | SHEA Gas | SHEA Power | SHEA Telecoms | Other",,,,""
"EUSR Register","aadb1a11-640d-4cdd-925f-0a493af3aedb","Date Resulted","DateResulted","DateResulted","Date and Time","DateTime","DateTime","False","False","False","False","Custom Columns","",,,,""
"EUSR Register","aadb1a11-640d-4cdd-925f-0a493af3aedb","Card Type","CardType","CardType","Choice","Choice","Choice","False","False","False","False","Custom Columns","Physical Card | Digital Card | Certificate | Other",,,,""
"EUSR Register","aadb1a11-640d-4cdd-925f-0a493af3aedb","Dates card posted","Datescardposted","Datescardposted","Date and Time","DateTime","DateTime","False","False","False","False","Custom Columns","",,,,""
"EUSR Register","aadb1a11-640d-4cdd-925f-0a493af3aedb","Notes","Notes","Notes","Single line of text","Text","Text","False","False","False","False","Custom Columns","",,,,""
"EUSR Register","aadb1a11-640d-4cdd-925f-0a493af3aedb","NI Number","Candidate_x0020_Name_x003a__x002","Candidate_x0020_Name_x003a__x002","Lookup","Lookup","Lookup","False","False","True","False","Custom Columns","","dd110a2d-a447-4b0e-aec7-c3ff9980bfc9","NiNumber",,""
"EUSR Register","aadb1a11-640d-4cdd-925f-0a493af3aedb","EUSR Number","Candidate_x0020_Name_x003a__x0020","Candidate_x0020_Name_x003a__x0020","Lookup","Lookup","Lookup","True","False","True","False","Custom Columns","","dd110a2d-a447-4b0e-aec7-c3ff9980bfc9","EUSRNumber",,""
"EUSR Register","aadb1a11-640d-4cdd-925f-0a493af3aedb","ID","ID","ID","Counter","Counter","Counter","False","False","True","False","Custom Columns","",,,,""
"EUSR Register","aadb1a11-640d-4cdd-925f-0a493af3aedb","Content Type","ContentType","ContentType","Computed","Computed","Computed","False","False","False","False","_Hidden","",,,,""
"EUSR Register","aadb1a11-640d-4cdd-925f-0a493af3aedb","Modified","Modified","Modified","Date and Time","DateTime","DateTime","False","False","True","False","Custom Columns","",,,,""
"EUSR Register","aadb1a11-640d-4cdd-925f-0a493af3aedb","Created","Created","Created","Date and Time","DateTime","DateTime","False","False","True","False","Custom Columns","",,,,""
"EUSR Register","aadb1a11-640d-4cdd-925f-0a493af3aedb","Created By","Author","Author","Person or Group","User","User","False","False","True","False","Custom Columns","","{05970f80-1382-466a-ab40-156b3e727c70}","",,""
"EUSR Register","aadb1a11-640d-4cdd-925f-0a493af3aedb","Modified By","Editor","Editor","Person or Group","User","User","False","False","True","False","Custom Columns","","{05970f80-1382-466a-ab40-156b3e727c70}","",,""
"EUSR Register","aadb1a11-640d-4cdd-925f-0a493af3aedb","Has Copy Destinations","_HasCopyDestinations","_HasCopyDestinations","Yes/No","Boolean","Boolean","False","True","True","False","Custom Columns","",,,,""
"EUSR Register","aadb1a11-640d-4cdd-925f-0a493af3aedb","Copy Source","_CopySource","_CopySource","Single line of text","Text","Text","False","True","True","False","Custom Columns","",,,,""
"EUSR Register","aadb1a11-640d-4cdd-925f-0a493af3aedb","owshiddenversion","owshiddenversion","owshiddenversion","Integer","Integer","Integer","False","True","True","False","Custom Columns","",,,,""
"EUSR Register","aadb1a11-640d-4cdd-925f-0a493af3aedb","Workflow Version","WorkflowVersion","WorkflowVersion","Integer","Integer","Integer","False","True","True","False","Custom Columns","",,,,""
"EUSR Register","aadb1a11-640d-4cdd-925f-0a493af3aedb","UI Version","_UIVersion","_UIVersion","Integer","Integer","Integer","False","True","True","False","Custom Columns","",,,,""
"EUSR Register","aadb1a11-640d-4cdd-925f-0a493af3aedb","Version","_UIVersionString","_UIVersionString","Single line of text","Text","Text","False","False","True","False","Custom Columns","",,,,""
"EUSR Register","aadb1a11-640d-4cdd-925f-0a493af3aedb","Attachments","Attachments","Attachments","Attachments","Attachments","Attachments","False","False","False","False","Custom Columns","",,,,""
"EUSR Register","aadb1a11-640d-4cdd-925f-0a493af3aedb","Approval Status","_ModerationStatus","_ModerationStatus","Moderation Status","ModStat","ModStat","False","True","True","False","Custom Columns","0;#Approved | 1;#Rejected | 2;#Pending | 3;#Draft | 4;#Scheduled",,,"0",""
"EUSR Register","aadb1a11-640d-4cdd-925f-0a493af3aedb","Edit","Edit","Edit","Computed","Computed","Computed","False","False","True","False","Custom Columns","",,,,""
"EUSR Register","aadb1a11-640d-4cdd-925f-0a493af3aedb","Title","LinkTitleNoMenu","LinkTitleNoMenu","Computed","Computed","Computed","False","False","True","False","Custom Columns","",,,,""
"EUSR Register","aadb1a11-640d-4cdd-925f-0a493af3aedb","Title","LinkTitle","LinkTitle","Computed","Computed","Computed","False","False","True","False","Custom Columns","",,,,""
"EUSR Register","aadb1a11-640d-4cdd-925f-0a493af3aedb","Title","LinkTitle2","LinkTitle2","Computed","Computed","Computed","False","True","True","False","Custom Columns","",,,,""
"EUSR Register","aadb1a11-640d-4cdd-925f-0a493af3aedb","Select","SelectTitle","SelectTitle","Computed","Computed","Computed","False","True","True","False","Custom Columns","",,,,""
"EUSR Register","aadb1a11-640d-4cdd-925f-0a493af3aedb","Instance ID","InstanceID","InstanceID","Integer","Integer","Integer","False","True","True","False","Custom Columns","",,,,""
"EUSR Register","aadb1a11-640d-4cdd-925f-0a493af3aedb","Order","Order","Order","Number","Number","Number","False","True","False","False","Custom Columns","",,,,""
"EUSR Register","aadb1a11-640d-4cdd-925f-0a493af3aedb","GUID","GUID","GUID","Guid","Guid","Guid","False","True","True","False","Custom Columns","",,,,""
"EUSR Register","aadb1a11-640d-4cdd-925f-0a493af3aedb","Workflow Instance ID","WorkflowInstanceID","WorkflowInstanceID","Guid","Guid","Guid","False","True","True","False","Custom Columns","",,,,""
"EUSR Register","aadb1a11-640d-4cdd-925f-0a493af3aedb","URL Path","FileRef","FileRef","Lookup","Lookup","Lookup","False","True","True","False","Custom Columns","","","FullUrl",,""
"EUSR Register","aadb1a11-640d-4cdd-925f-0a493af3aedb","Path","FileDirRef","FileDirRef","Lookup","Lookup","Lookup","False","True","True","False","Custom Columns","","","DirName",,""
"EUSR Register","aadb1a11-640d-4cdd-925f-0a493af3aedb","Modified","Last_x0020_Modified","Last_x0020_Modified","Lookup","Lookup","Lookup","False","True","True","False","Custom Columns","","","TimeLastModified",,""
"EUSR Register","aadb1a11-640d-4cdd-925f-0a493af3aedb","Created","Created_x0020_Date","Created_x0020_Date","Lookup","Lookup","Lookup","False","True","True","False","Custom Columns","","","TimeCreated",,""
"EUSR Register","aadb1a11-640d-4cdd-925f-0a493af3aedb","Item Type","FSObjType","FSObjType","Lookup","Lookup","Lookup","False","True","True","False","Custom Columns","","","FSType",,""
"EUSR Register","aadb1a11-640d-4cdd-925f-0a493af3aedb","Sort Type","SortBehavior","SortBehavior","Lookup","Lookup","Lookup","False","True","True","False","Custom Columns","","","SortBehavior",,""
"EUSR Register","aadb1a11-640d-4cdd-925f-0a493af3aedb","Effective Permissions Mask","PermMask","PermMask","Computed","Computed","Computed","False","True","True","False","Custom Columns","",,,,""
"EUSR Register","aadb1a11-640d-4cdd-925f-0a493af3aedb","Principal Count","PrincipalCount","PrincipalCount","Computed","Computed","Computed","False","True","True","False","Custom Columns","",,,,""
"EUSR Register","aadb1a11-640d-4cdd-925f-0a493af3aedb","Name","FileLeafRef","FileLeafRef","File","File","File","False","True","False","False","Custom Columns","",,,,""
"EUSR Register","aadb1a11-640d-4cdd-925f-0a493af3aedb","Unique Id","UniqueId","UniqueId","Lookup","Lookup","Lookup","False","True","True","False","Custom Columns","","","UniqueId",,""
"EUSR Register","aadb1a11-640d-4cdd-925f-0a493af3aedb","Document Parent Identifier","ParentUniqueId","ParentUniqueId","Lookup","Lookup","Lookup","False","True","True","False","Custom Columns","","","ParentUniqueId",,""
"EUSR Register","aadb1a11-640d-4cdd-925f-0a493af3aedb","Client Id","SyncClientId","SyncClientId","Lookup","Lookup","Lookup","False","True","True","False","Custom Columns","","","SyncClientId",,""
"EUSR Register","aadb1a11-640d-4cdd-925f-0a493af3aedb","ProgId","ProgId","ProgId","Lookup","Lookup","Lookup","False","True","True","False","Custom Columns","","","ProgId",,""
"EUSR Register","aadb1a11-640d-4cdd-925f-0a493af3aedb","ScopeId","ScopeId","ScopeId","Lookup","Lookup","Lookup","False","True","True","False","Custom Columns","","","ScopeId",,""
"EUSR Register","aadb1a11-640d-4cdd-925f-0a493af3aedb","HTML File Type","HTML_x0020_File_x0020_Type","HTML_x0020_File_x0020_Type","Computed","Computed","Computed","False","True","True","False","Custom Columns","",,,,""
"EUSR Register","aadb1a11-640d-4cdd-925f-0a493af3aedb","Edit Menu Table Start","_EditMenuTableStart","_EditMenuTableStart","Computed","Computed","Computed","False","True","True","False","Custom Columns","",,,,""
"EUSR Register","aadb1a11-640d-4cdd-925f-0a493af3aedb","Edit Menu Table Start","_EditMenuTableStart2","_EditMenuTableStart2","Computed","Computed","Computed","False","True","True","False","Custom Columns","",,,,""
"EUSR Register","aadb1a11-640d-4cdd-925f-0a493af3aedb","Edit Menu Table End","_EditMenuTableEnd","_EditMenuTableEnd","Computed","Computed","Computed","False","True","True","False","Custom Columns","",,,,""
"EUSR Register","aadb1a11-640d-4cdd-925f-0a493af3aedb","Name","LinkFilenameNoMenu","LinkFilenameNoMenu","Computed","Computed","Computed","False","True","True","False","Custom Columns","",,,,""
"EUSR Register","aadb1a11-640d-4cdd-925f-0a493af3aedb","Name","LinkFilename","LinkFilename","Computed","Computed","Computed","False","True","True","False","Custom Columns","",,,,""
"EUSR Register","aadb1a11-640d-4cdd-925f-0a493af3aedb","Name","LinkFilename2","LinkFilename2","Computed","Computed","Computed","False","True","True","False","Custom Columns","",,,,""
"EUSR Register","aadb1a11-640d-4cdd-925f-0a493af3aedb","Type","DocIcon","DocIcon","Computed","Computed","Computed","False","False","True","False","Custom Columns","",,,,""
"EUSR Register","aadb1a11-640d-4cdd-925f-0a493af3aedb","Server Relative URL","ServerUrl","ServerUrl","Computed","Computed","Computed","False","True","True","False","Custom Columns","",,,,""
"EUSR Register","aadb1a11-640d-4cdd-925f-0a493af3aedb","Encoded Absolute URL","EncodedAbsUrl","EncodedAbsUrl","Computed","Computed","Computed","False","True","True","False","Custom Columns","",,,,""
"EUSR Register","aadb1a11-640d-4cdd-925f-0a493af3aedb","File Name","BaseName","BaseName","Computed","Computed","Computed","False","True","True","False","Custom Columns","",,,,""
"EUSR Register","aadb1a11-640d-4cdd-925f-0a493af3aedb","Property Bag","MetaInfo","MetaInfo","Lookup","Lookup","Lookup","False","True","False","False","Custom Columns","","","MetaInfo",,""
"EUSR Register","aadb1a11-640d-4cdd-925f-0a493af3aedb","Level","_Level","_Level","Integer","Integer","Integer","False","True","True","False","Custom Columns","",,,,""
"EUSR Register","aadb1a11-640d-4cdd-925f-0a493af3aedb","Is Current Version","_IsCurrentVersion","_IsCurrentVersion","Yes/No","Boolean","Boolean","False","True","True","False","Custom Columns","",,,,""
"EUSR Register","aadb1a11-640d-4cdd-925f-0a493af3aedb","Item Child Count","ItemChildCount","ItemChildCount","Lookup","Lookup","Lookup","False","False","True","False","Custom Columns","","","ItemChildCount",,""
"EUSR Register","aadb1a11-640d-4cdd-925f-0a493af3aedb","Folder Child Count","FolderChildCount","FolderChildCount","Lookup","Lookup","Lookup","False","False","True","False","Custom Columns","","","FolderChildCount",,""
"EUSR Register","aadb1a11-640d-4cdd-925f-0a493af3aedb","Restricted","Restricted","Restricted","Lookup","Lookup","Lookup","False","True","True","False","Custom Columns","","","Restricted",,""
"EUSR Register","aadb1a11-640d-4cdd-925f-0a493af3aedb","Originator Id","OriginatorId","OriginatorId","Lookup","Lookup","Lookup","False","True","True","False","Custom Columns","","","OriginatorId",,""
"EUSR Register","aadb1a11-640d-4cdd-925f-0a493af3aedb","NoExecute","NoExecute","NoExecute","Lookup","Lookup","Lookup","False","True","True","False","Custom Columns","","","DocFlags",,""
"EUSR Register","aadb1a11-640d-4cdd-925f-0a493af3aedb","Content Version","ContentVersion","ContentVersion","Lookup","Lookup","Lookup","False","True","True","False","Custom Columns","","","ContentVersion",,""
"EUSR Register","aadb1a11-640d-4cdd-925f-0a493af3aedb","Label setting","_ComplianceFlags","_ComplianceFlags","Lookup","Lookup","Lookup","False","False","True","False","Custom Columns","","","ComplianceFlags",,""
"EUSR Register","aadb1a11-640d-4cdd-925f-0a493af3aedb","Retention label","_ComplianceTag","_ComplianceTag","Lookup","Lookup","Lookup","False","False","True","False","Custom Columns","","","ComplianceTag",,""
"EUSR Register","aadb1a11-640d-4cdd-925f-0a493af3aedb","Retention label Applied","_ComplianceTagWrittenTime","_ComplianceTagWrittenTime","Lookup","Lookup","Lookup","False","False","True","False","Custom Columns","","","ComplianceTagWrittenTime",,""
"EUSR Register","aadb1a11-640d-4cdd-925f-0a493af3aedb","Label applied by","_ComplianceTagUserId","_ComplianceTagUserId","Lookup","Lookup","Lookup","False","False","True","False","Custom Columns","","","ComplianceTagUserId",,""
"EUSR Register","aadb1a11-640d-4cdd-925f-0a493af3aedb","Item is a Record","_IsRecord","_IsRecord","Computed","Computed","Computed","False","False","True","False","Custom Columns","",,,,""
"EUSR Register","aadb1a11-640d-4cdd-925f-0a493af3aedb","Access Policy","AccessPolicy","AccessPolicy","Lookup","Lookup","Lookup","False","True","True","False","Custom Columns","","","AccessPolicy",,""
"EUSR Register","aadb1a11-640d-4cdd-925f-0a493af3aedb","VirusStatus","_VirusStatus","_VirusStatus","Lookup","Lookup","Lookup","False","True","True","False","Custom Columns","","","VirusStatus",,""
"EUSR Register","aadb1a11-640d-4cdd-925f-0a493af3aedb","VirusVendorID","_VirusVendorID","_VirusVendorID","Lookup","Lookup","Lookup","False","True","True","False","Custom Columns","","","VirusVendorID",,""
"EUSR Register","aadb1a11-640d-4cdd-925f-0a493af3aedb","VirusInfo","_VirusInfo","_VirusInfo","Lookup","Lookup","Lookup","False","True","True","False","Custom Columns","","","VirusInfo",,""
"EUSR Register","aadb1a11-640d-4cdd-925f-0a493af3aedb","RansomwareAnomalyMetaInfo","_RansomwareAnomalyMetaInfo","_RansomwareAnomalyMetaInfo","Lookup","Lookup","Lookup","False","True","True","False","Custom Columns","","","RansomwareAnomalyMetaInfo",,""
"EUSR Register","aadb1a11-640d-4cdd-925f-0a493af3aedb","Draft Owner Id","_DraftOwnerId","_DraftOwnerId","Lookup","Lookup","Lookup","False","True","True","False","Custom Columns","","","DraftOwnerId",,""
"EUSR Register","aadb1a11-640d-4cdd-925f-0a493af3aedb","Main Link settings","MainLinkSettings","MainLinkSettings","Computed","Computed","Computed","False","True","True","False","Custom Columns","",,,,""
"EUSR Register","aadb1a11-640d-4cdd-925f-0a493af3aedb","App Created By","AppAuthor","AppAuthor","Lookup","Lookup","Lookup","False","False","True","False","Custom Columns","","AppPrincipals","Title",,""
"EUSR Register","aadb1a11-640d-4cdd-925f-0a493af3aedb","App Modified By","AppEditor","AppEditor","Lookup","Lookup","Lookup","False","False","True","False","Custom Columns","","AppPrincipals","Title",,""
"EUSR Register","aadb1a11-640d-4cdd-925f-0a493af3aedb","Total Size","SMTotalSize","SMTotalSize","Lookup","Lookup","Lookup","False","True","True","False","Custom Columns","","","SMTotalSize",,""
"EUSR Register","aadb1a11-640d-4cdd-925f-0a493af3aedb","Last Modified Date","SMLastModifiedDate","SMLastModifiedDate","Lookup","Lookup","Lookup","False","True","True","False","Custom Columns","","","SMLastModifiedDate",,""
"EUSR Register","aadb1a11-640d-4cdd-925f-0a493af3aedb","Total File Stream Size","SMTotalFileStreamSize","SMTotalFileStreamSize","Lookup","Lookup","Lookup","False","True","True","False","Custom Columns","","","SMTotalFileStreamSize",,""
"EUSR Register","aadb1a11-640d-4cdd-925f-0a493af3aedb","Total File Count","SMTotalFileCount","SMTotalFileCount","Lookup","Lookup","Lookup","False","True","True","False","Custom Columns","","","SMTotalFileCount",,""
"EUSR Register","aadb1a11-640d-4cdd-925f-0a493af3aedb","Comment settings","_CommentFlags","_CommentFlags","Lookup","Lookup","Lookup","False","True","True","False","Custom Columns","","","CommentFlags",,""
"EUSR Register","aadb1a11-640d-4cdd-925f-0a493af3aedb","Comment count","_CommentCount","_CommentCount","Lookup","Lookup","Lookup","False","True","True","False","Custom Columns","","","CommentCount",,""
"Events","bcd7931e-5e8d-4494-9df5-0207ea930c0c","Content Type ID","ContentTypeId","ContentTypeId","Content Type Id","ContentTypeId","ContentTypeId","False","True","True","False","Custom Columns","",,,,""
"Events","bcd7931e-5e8d-4494-9df5-0207ea930c0c","Title","Title","Title","Single line of text","Text","Text","True","False","False","False","Custom Columns","",,,,""
"Events","bcd7931e-5e8d-4494-9df5-0207ea930c0c","Approver Comments","_ModerationComments","_ModerationComments","Multiple lines of text","Note","Note","False","True","True","False","Custom Columns","",,,,""
"Events","bcd7931e-5e8d-4494-9df5-0207ea930c0c","File Type","File_x0020_Type","File_x0020_Type","Single line of text","Text","Text","False","True","True","False","Custom Columns","",,,,""
"Events","bcd7931e-5e8d-4494-9df5-0207ea930c0c","Color","_ColorHex","_ColorHex","Single line of text","Text","Text","False","True","True","False","Custom Columns","",,,,""
"Events","bcd7931e-5e8d-4494-9df5-0207ea930c0c","Color Tag","_ColorTag","_ColorTag","Single line of text","Text","Text","False","False","True","False","Custom Columns","",,,,""
"Events","bcd7931e-5e8d-4494-9df5-0207ea930c0c","Emoji","_Emoji","_Emoji","Single line of text","Text","Text","False","True","True","False","Custom Columns","",,,,""
"Events","bcd7931e-5e8d-4494-9df5-0207ea930c0c","Compliance Asset Id","ComplianceAssetId","ComplianceAssetId","Single line of text","Text","Text","False","False","True","False","Custom Columns","",,,,""
"Events","bcd7931e-5e8d-4494-9df5-0207ea930c0c","Location","Location","Location","Single line of text","Text","Text","False","False","False","False","Custom Columns","",,,,""
"Events","bcd7931e-5e8d-4494-9df5-0207ea930c0c","Geolocation","Geolocation","Geolocation","Geolocation","Geolocation","Geolocation","False","False","False","False","Custom Columns","",,,,""
"Events","bcd7931e-5e8d-4494-9df5-0207ea930c0c","Start Time","EventDate","EventDate","Date and Time","DateTime","DateTime","True","False","False","False","Custom Columns","",,,"[today]",""
"Events","bcd7931e-5e8d-4494-9df5-0207ea930c0c","End Time","EndDate","EndDate","Date and Time","DateTime","DateTime","True","False","False","True","Custom Columns","",,,"[today]",""
"Events","bcd7931e-5e8d-4494-9df5-0207ea930c0c","Description","Description","Description","Multiple lines of text","Note","Note","False","False","False","False","Custom Columns","",,,,""
"Events","bcd7931e-5e8d-4494-9df5-0207ea930c0c","All Day Event","fAllDayEvent","fAllDayEvent","All Day Event","AllDayEvent","AllDayEvent","False","False","False","False","Custom Columns","",,,,""
"Events","bcd7931e-5e8d-4494-9df5-0207ea930c0c","Recurrence","fRecurrence","fRecurrence","Recurrence","Recurrence","Recurrence","False","False","False","False","Custom Columns","",,,"FALSE",""
"Events","bcd7931e-5e8d-4494-9df5-0207ea930c0c","Workspace","WorkspaceLink","WorkspaceLink","Cross Project Link","CrossProjectLink","CrossProjectLink","False","True","False","False","Custom Columns","",,,,""
"Events","bcd7931e-5e8d-4494-9df5-0207ea930c0c","Event Type","EventType","EventType","Integer","Integer","Integer","False","True","False","False","Custom Columns","",,,,""
"Events","bcd7931e-5e8d-4494-9df5-0207ea930c0c","UID","UID","UID","Guid","Guid","Guid","False","True","False","False","Custom Columns","",,,,""
"Events","bcd7931e-5e8d-4494-9df5-0207ea930c0c","Recurrence ID","RecurrenceID","RecurrenceID","Date and Time","DateTime","DateTime","False","True","False","False","Custom Columns","",,,,""
"Events","bcd7931e-5e8d-4494-9df5-0207ea930c0c","Event Cancelled","EventCanceled","EventCanceled","Yes/No","Boolean","Boolean","False","True","False","False","Custom Columns","",,,,""
"Events","bcd7931e-5e8d-4494-9df5-0207ea930c0c","Duration","Duration","Duration","Integer","Integer","Integer","False","True","False","False","Custom Columns","",,,,""
"Events","bcd7931e-5e8d-4494-9df5-0207ea930c0c","RecurrenceData","RecurrenceData","RecurrenceData","Multiple lines of text","Note","Note","False","True","False","False","Custom Columns","",,,,""
"Events","bcd7931e-5e8d-4494-9df5-0207ea930c0c","TimeZone","TimeZone","TimeZone","Integer","Integer","Integer","False","True","False","False","Custom Columns","",,,,""
"Events","bcd7931e-5e8d-4494-9df5-0207ea930c0c","XMLTZone","XMLTZone","XMLTZone","Multiple lines of text","Note","Note","False","True","False","False","Custom Columns","",,,,""
"Events","bcd7931e-5e8d-4494-9df5-0207ea930c0c","MasterSeriesItemID","MasterSeriesItemID","MasterSeriesItemID","Integer","Integer","Integer","False","True","False","True","Custom Columns","",,,,""
"Events","bcd7931e-5e8d-4494-9df5-0207ea930c0c","WorkspaceUrl","Workspace","Workspace","Hyperlink or Picture","URL","URL","False","True","False","False","Custom Columns","",,,,""
"Events","bcd7931e-5e8d-4494-9df5-0207ea930c0c","Attendees","ParticipantsPicker","ParticipantsPicker","Person or Group","UserMulti","User","False","False","False","False","Custom Columns","","{05970f80-1382-466a-ab40-156b3e727c70}","ImnName",,""
"Events","bcd7931e-5e8d-4494-9df5-0207ea930c0c","Category","Category","Category","Choice","Choice","Choice","False","False","False","False","Custom Columns","Meeting | Work hours | Business | Holiday | Get-together | Gifts | Birthday | Anniversary",,,,""
"Events","bcd7931e-5e8d-4494-9df5-0207ea930c0c","Resources","Facilities","Facilities","Resources","Facilities","Invalid","False","False","False","False","Custom Columns","",,"Title",,""
"Events","bcd7931e-5e8d-4494-9df5-0207ea930c0c","Free/Busy","FreeBusy","FreeBusy","Free/Busy","FreeBusy","Invalid","False","False","False","False","Custom Columns","",,,,""
"Events","bcd7931e-5e8d-4494-9df5-0207ea930c0c","Check Double Booking","Overbook","Overbook","Check Double Booking","Overbook","Invalid","False","False","False","False","Custom Columns","",,,,""
"Events","bcd7931e-5e8d-4494-9df5-0207ea930c0c","HiddenParticipants","Participants","Participants","Multiple lines of text","Note","Note","False","True","False","False","Custom Columns","",,,,""
"Events","bcd7931e-5e8d-4494-9df5-0207ea930c0c","Banner URL","BannerUrl","BannerUrl","Hyperlink or Picture","URL","URL","False","False","False","False","Custom Columns","",,,,""
"Events","bcd7931e-5e8d-4494-9df5-0207ea930c0c","Banner Image URL","BannerImageUrl","BannerImageUrl","Multiple lines of text","Note","Note","False","False","False","False","_Hidden","",,,,""
"Events","bcd7931e-5e8d-4494-9df5-0207ea930c0c","Company","Company","Company","Lookup","Lookup","Lookup","False","False","False","False","Custom Columns","","{9de03526-7b4f-4863-a6e7-1bdf1331bea0}","Title",,""
"Events","bcd7931e-5e8d-4494-9df5-0207ea930c0c","Customer Visible","Customer_x0020_Visible","Customer_x0020_Visible","Yes/No","Boolean","Boolean","False","False","False","False","Custom Columns","",,,"0",""
"Events","bcd7931e-5e8d-4494-9df5-0207ea930c0c","Trainer","Trainer","Trainer","Single line of text","Text","Text","False","False","False","False","Custom Columns","",,,,""
"Events","bcd7931e-5e8d-4494-9df5-0207ea930c0c","ID","ID","ID","Counter","Counter","Counter","False","False","True","False","Custom Columns","",,,,""
"Events","bcd7931e-5e8d-4494-9df5-0207ea930c0c","Content Type","ContentType","ContentType","Computed","Computed","Computed","False","False","False","False","_Hidden","",,,,""
"Events","bcd7931e-5e8d-4494-9df5-0207ea930c0c","Modified","Modified","Modified","Date and Time","DateTime","DateTime","False","False","True","False","Custom Columns","",,,,""
"Events","bcd7931e-5e8d-4494-9df5-0207ea930c0c","Created","Created","Created","Date and Time","DateTime","DateTime","False","False","True","False","Custom Columns","",,,,""
"Events","bcd7931e-5e8d-4494-9df5-0207ea930c0c","Created By","Author","Author","Person or Group","User","User","False","False","True","False","Custom Columns","","{05970f80-1382-466a-ab40-156b3e727c70}","",,""
"Events","bcd7931e-5e8d-4494-9df5-0207ea930c0c","Modified By","Editor","Editor","Person or Group","User","User","False","False","True","False","Custom Columns","","{05970f80-1382-466a-ab40-156b3e727c70}","",,""
"Events","bcd7931e-5e8d-4494-9df5-0207ea930c0c","Has Copy Destinations","_HasCopyDestinations","_HasCopyDestinations","Yes/No","Boolean","Boolean","False","True","True","False","Custom Columns","",,,,""
"Events","bcd7931e-5e8d-4494-9df5-0207ea930c0c","Copy Source","_CopySource","_CopySource","Single line of text","Text","Text","False","True","True","False","Custom Columns","",,,,""
"Events","bcd7931e-5e8d-4494-9df5-0207ea930c0c","owshiddenversion","owshiddenversion","owshiddenversion","Integer","Integer","Integer","False","True","True","False","Custom Columns","",,,,""
"Events","bcd7931e-5e8d-4494-9df5-0207ea930c0c","Workflow Version","WorkflowVersion","WorkflowVersion","Integer","Integer","Integer","False","True","True","False","Custom Columns","",,,,""
"Events","bcd7931e-5e8d-4494-9df5-0207ea930c0c","UI Version","_UIVersion","_UIVersion","Integer","Integer","Integer","False","True","True","False","Custom Columns","",,,,""
"Events","bcd7931e-5e8d-4494-9df5-0207ea930c0c","Version","_UIVersionString","_UIVersionString","Single line of text","Text","Text","False","False","True","False","Custom Columns","",,,,""
"Events","bcd7931e-5e8d-4494-9df5-0207ea930c0c","Attachments","Attachments","Attachments","Attachments","Attachments","Attachments","False","False","False","False","Custom Columns","",,,,""
"Events","bcd7931e-5e8d-4494-9df5-0207ea930c0c","Approval Status","_ModerationStatus","_ModerationStatus","Moderation Status","ModStat","ModStat","False","True","True","False","Custom Columns","0;#Approved | 1;#Rejected | 2;#Pending | 3;#Draft | 4;#Scheduled",,,"0",""
"Events","bcd7931e-5e8d-4494-9df5-0207ea930c0c","Edit","Edit","Edit","Computed","Computed","Computed","False","False","True","False","Custom Columns","",,,,""
"Events","bcd7931e-5e8d-4494-9df5-0207ea930c0c","Title","LinkTitleNoMenu","LinkTitleNoMenu","Computed","Computed","Computed","False","False","True","False","Custom Columns","",,,,""
"Events","bcd7931e-5e8d-4494-9df5-0207ea930c0c","Title","LinkTitle","LinkTitle","Computed","Computed","Computed","False","False","True","False","Custom Columns","",,,,""
"Events","bcd7931e-5e8d-4494-9df5-0207ea930c0c","Title","LinkTitle2","LinkTitle2","Computed","Computed","Computed","False","True","True","False","Custom Columns","",,,,""
"Events","bcd7931e-5e8d-4494-9df5-0207ea930c0c","Select","SelectTitle","SelectTitle","Computed","Computed","Computed","False","True","True","False","Custom Columns","",,,,""
"Events","bcd7931e-5e8d-4494-9df5-0207ea930c0c","Instance ID","InstanceID","InstanceID","Integer","Integer","Integer","False","True","True","False","Custom Columns","",,,,""
"Events","bcd7931e-5e8d-4494-9df5-0207ea930c0c","Order","Order","Order","Number","Number","Number","False","True","False","False","Custom Columns","",,,,""
"Events","bcd7931e-5e8d-4494-9df5-0207ea930c0c","GUID","GUID","GUID","Guid","Guid","Guid","False","True","True","False","Custom Columns","",,,,""
"Events","bcd7931e-5e8d-4494-9df5-0207ea930c0c","Workflow Instance ID","WorkflowInstanceID","WorkflowInstanceID","Guid","Guid","Guid","False","True","True","False","Custom Columns","",,,,""
"Events","bcd7931e-5e8d-4494-9df5-0207ea930c0c","URL Path","FileRef","FileRef","Lookup","Lookup","Lookup","False","True","True","False","Custom Columns","","","FullUrl",,""
"Events","bcd7931e-5e8d-4494-9df5-0207ea930c0c","Path","FileDirRef","FileDirRef","Lookup","Lookup","Lookup","False","True","True","False","Custom Columns","","","DirName",,""
"Events","bcd7931e-5e8d-4494-9df5-0207ea930c0c","Modified","Last_x0020_Modified","Last_x0020_Modified","Lookup","Lookup","Lookup","False","True","True","False","Custom Columns","","","TimeLastModified",,""
"Events","bcd7931e-5e8d-4494-9df5-0207ea930c0c","Created","Created_x0020_Date","Created_x0020_Date","Lookup","Lookup","Lookup","False","True","True","False","Custom Columns","","","TimeCreated",,""
"Events","bcd7931e-5e8d-4494-9df5-0207ea930c0c","Item Type","FSObjType","FSObjType","Lookup","Lookup","Lookup","False","True","True","False","Custom Columns","","","FSType",,""
"Events","bcd7931e-5e8d-4494-9df5-0207ea930c0c","Sort Type","SortBehavior","SortBehavior","Lookup","Lookup","Lookup","False","True","True","False","Custom Columns","","","SortBehavior",,""
"Events","bcd7931e-5e8d-4494-9df5-0207ea930c0c","Effective Permissions Mask","PermMask","PermMask","Computed","Computed","Computed","False","True","True","False","Custom Columns","",,,,""
"Events","bcd7931e-5e8d-4494-9df5-0207ea930c0c","Principal Count","PrincipalCount","PrincipalCount","Computed","Computed","Computed","False","True","True","False","Custom Columns","",,,,""
"Events","bcd7931e-5e8d-4494-9df5-0207ea930c0c","Name","FileLeafRef","FileLeafRef","File","File","File","False","True","False","False","Custom Columns","",,,,""
"Events","bcd7931e-5e8d-4494-9df5-0207ea930c0c","Unique Id","UniqueId","UniqueId","Lookup","Lookup","Lookup","False","True","True","False","Custom Columns","","","UniqueId",,""
"Events","bcd7931e-5e8d-4494-9df5-0207ea930c0c","Document Parent Identifier","ParentUniqueId","ParentUniqueId","Lookup","Lookup","Lookup","False","True","True","False","Custom Columns","","","ParentUniqueId",,""
"Events","bcd7931e-5e8d-4494-9df5-0207ea930c0c","Client Id","SyncClientId","SyncClientId","Lookup","Lookup","Lookup","False","True","True","False","Custom Columns","","","SyncClientId",,""
"Events","bcd7931e-5e8d-4494-9df5-0207ea930c0c","ProgId","ProgId","ProgId","Lookup","Lookup","Lookup","False","True","True","False","Custom Columns","","","ProgId",,""
"Events","bcd7931e-5e8d-4494-9df5-0207ea930c0c","ScopeId","ScopeId","ScopeId","Lookup","Lookup","Lookup","False","True","True","False","Custom Columns","","","ScopeId",,""
"Events","bcd7931e-5e8d-4494-9df5-0207ea930c0c","HTML File Type","HTML_x0020_File_x0020_Type","HTML_x0020_File_x0020_Type","Computed","Computed","Computed","False","True","True","False","Custom Columns","",,,,""
"Events","bcd7931e-5e8d-4494-9df5-0207ea930c0c","Edit Menu Table Start","_EditMenuTableStart","_EditMenuTableStart","Computed","Computed","Computed","False","True","True","False","Custom Columns","",,,,""
"Events","bcd7931e-5e8d-4494-9df5-0207ea930c0c","Edit Menu Table Start","_EditMenuTableStart2","_EditMenuTableStart2","Computed","Computed","Computed","False","True","True","False","Custom Columns","",,,,""
"Events","bcd7931e-5e8d-4494-9df5-0207ea930c0c","Edit Menu Table End","_EditMenuTableEnd","_EditMenuTableEnd","Computed","Computed","Computed","False","True","True","False","Custom Columns","",,,,""
"Events","bcd7931e-5e8d-4494-9df5-0207ea930c0c","Name","LinkFilenameNoMenu","LinkFilenameNoMenu","Computed","Computed","Computed","False","True","True","False","Custom Columns","",,,,""
"Events","bcd7931e-5e8d-4494-9df5-0207ea930c0c","Name","LinkFilename","LinkFilename","Computed","Computed","Computed","False","True","True","False","Custom Columns","",,,,""
"Events","bcd7931e-5e8d-4494-9df5-0207ea930c0c","Name","LinkFilename2","LinkFilename2","Computed","Computed","Computed","False","True","True","False","Custom Columns","",,,,""
"Events","bcd7931e-5e8d-4494-9df5-0207ea930c0c","Type","DocIcon","DocIcon","Computed","Computed","Computed","False","False","True","False","Custom Columns","",,,,""
"Events","bcd7931e-5e8d-4494-9df5-0207ea930c0c","Server Relative URL","ServerUrl","ServerUrl","Computed","Computed","Computed","False","True","True","False","Custom Columns","",,,,""
"Events","bcd7931e-5e8d-4494-9df5-0207ea930c0c","Encoded Absolute URL","EncodedAbsUrl","EncodedAbsUrl","Computed","Computed","Computed","False","True","True","False","Custom Columns","",,,,""
"Events","bcd7931e-5e8d-4494-9df5-0207ea930c0c","File Name","BaseName","BaseName","Computed","Computed","Computed","False","True","True","False","Custom Columns","",,,,""
"Events","bcd7931e-5e8d-4494-9df5-0207ea930c0c","Property Bag","MetaInfo","MetaInfo","Lookup","Lookup","Lookup","False","True","False","False","Custom Columns","","","MetaInfo",,""
"Events","bcd7931e-5e8d-4494-9df5-0207ea930c0c","Level","_Level","_Level","Integer","Integer","Integer","False","True","True","False","Custom Columns","",,,,""
"Events","bcd7931e-5e8d-4494-9df5-0207ea930c0c","Is Current Version","_IsCurrentVersion","_IsCurrentVersion","Yes/No","Boolean","Boolean","False","True","True","False","Custom Columns","",,,,""
"Events","bcd7931e-5e8d-4494-9df5-0207ea930c0c","Item Child Count","ItemChildCount","ItemChildCount","Lookup","Lookup","Lookup","False","False","True","False","Custom Columns","","","ItemChildCount",,""
"Events","bcd7931e-5e8d-4494-9df5-0207ea930c0c","Folder Child Count","FolderChildCount","FolderChildCount","Lookup","Lookup","Lookup","False","False","True","False","Custom Columns","","","FolderChildCount",,""
"Events","bcd7931e-5e8d-4494-9df5-0207ea930c0c","Restricted","Restricted","Restricted","Lookup","Lookup","Lookup","False","True","True","False","Custom Columns","","","Restricted",,""
"Events","bcd7931e-5e8d-4494-9df5-0207ea930c0c","Originator Id","OriginatorId","OriginatorId","Lookup","Lookup","Lookup","False","True","True","False","Custom Columns","","","OriginatorId",,""
"Events","bcd7931e-5e8d-4494-9df5-0207ea930c0c","NoExecute","NoExecute","NoExecute","Lookup","Lookup","Lookup","False","True","True","False","Custom Columns","","","DocFlags",,""
"Events","bcd7931e-5e8d-4494-9df5-0207ea930c0c","Content Version","ContentVersion","ContentVersion","Lookup","Lookup","Lookup","False","True","True","False","Custom Columns","","","ContentVersion",,""
"Events","bcd7931e-5e8d-4494-9df5-0207ea930c0c","Label setting","_ComplianceFlags","_ComplianceFlags","Lookup","Lookup","Lookup","False","False","True","False","Custom Columns","","","ComplianceFlags",,""
"Events","bcd7931e-5e8d-4494-9df5-0207ea930c0c","Retention label","_ComplianceTag","_ComplianceTag","Lookup","Lookup","Lookup","False","False","True","False","Custom Columns","","","ComplianceTag",,""
"Events","bcd7931e-5e8d-4494-9df5-0207ea930c0c","Retention label Applied","_ComplianceTagWrittenTime","_ComplianceTagWrittenTime","Lookup","Lookup","Lookup","False","False","True","False","Custom Columns","","","ComplianceTagWrittenTime",,""
"Events","bcd7931e-5e8d-4494-9df5-0207ea930c0c","Label applied by","_ComplianceTagUserId","_ComplianceTagUserId","Lookup","Lookup","Lookup","False","False","True","False","Custom Columns","","","ComplianceTagUserId",,""
"Events","bcd7931e-5e8d-4494-9df5-0207ea930c0c","Item is a Record","_IsRecord","_IsRecord","Computed","Computed","Computed","False","False","True","False","Custom Columns","",,,,""
"Events","bcd7931e-5e8d-4494-9df5-0207ea930c0c","Access Policy","AccessPolicy","AccessPolicy","Lookup","Lookup","Lookup","False","True","True","False","Custom Columns","","","AccessPolicy",,""
"Events","bcd7931e-5e8d-4494-9df5-0207ea930c0c","VirusStatus","_VirusStatus","_VirusStatus","Lookup","Lookup","Lookup","False","True","True","False","Custom Columns","","","VirusStatus",,""
"Events","bcd7931e-5e8d-4494-9df5-0207ea930c0c","VirusVendorID","_VirusVendorID","_VirusVendorID","Lookup","Lookup","Lookup","False","True","True","False","Custom Columns","","","VirusVendorID",,""
"Events","bcd7931e-5e8d-4494-9df5-0207ea930c0c","VirusInfo","_VirusInfo","_VirusInfo","Lookup","Lookup","Lookup","False","True","True","False","Custom Columns","","","VirusInfo",,""
"Events","bcd7931e-5e8d-4494-9df5-0207ea930c0c","RansomwareAnomalyMetaInfo","_RansomwareAnomalyMetaInfo","_RansomwareAnomalyMetaInfo","Lookup","Lookup","Lookup","False","True","True","False","Custom Columns","","","RansomwareAnomalyMetaInfo",,""
"Events","bcd7931e-5e8d-4494-9df5-0207ea930c0c","Draft Owner Id","_DraftOwnerId","_DraftOwnerId","Lookup","Lookup","Lookup","False","True","True","False","Custom Columns","","","DraftOwnerId",,""
"Events","bcd7931e-5e8d-4494-9df5-0207ea930c0c","Main Link settings","MainLinkSettings","MainLinkSettings","Computed","Computed","Computed","False","True","True","False","Custom Columns","",,,,""
"Events","bcd7931e-5e8d-4494-9df5-0207ea930c0c","App Created By","AppAuthor","AppAuthor","Lookup","Lookup","Lookup","False","False","True","False","Custom Columns","","AppPrincipals","Title",,""
"Events","bcd7931e-5e8d-4494-9df5-0207ea930c0c","App Modified By","AppEditor","AppEditor","Lookup","Lookup","Lookup","False","False","True","False","Custom Columns","","AppPrincipals","Title",,""
"Events","bcd7931e-5e8d-4494-9df5-0207ea930c0c","Total Size","SMTotalSize","SMTotalSize","Lookup","Lookup","Lookup","False","True","True","False","Custom Columns","","","SMTotalSize",,""
"Events","bcd7931e-5e8d-4494-9df5-0207ea930c0c","Last Modified Date","SMLastModifiedDate","SMLastModifiedDate","Lookup","Lookup","Lookup","False","True","True","False","Custom Columns","","","SMLastModifiedDate",,""
"Events","bcd7931e-5e8d-4494-9df5-0207ea930c0c","Total File Stream Size","SMTotalFileStreamSize","SMTotalFileStreamSize","Lookup","Lookup","Lookup","False","True","True","False","Custom Columns","","","SMTotalFileStreamSize",,""
"Events","bcd7931e-5e8d-4494-9df5-0207ea930c0c","Total File Count","SMTotalFileCount","SMTotalFileCount","Lookup","Lookup","Lookup","False","True","True","False","Custom Columns","","","SMTotalFileCount",,""
"Form Templates","c5f27346-c3bc-4098-ac30-a643c47c1aa2","Content Type ID","ContentTypeId","ContentTypeId","Content Type Id","ContentTypeId","ContentTypeId","False","True","True","False","Custom Columns","",,,,""
"Form Templates","c5f27346-c3bc-4098-ac30-a643c47c1aa2","Approver Comments","_ModerationComments","_ModerationComments","Multiple lines of text","Note","Note","False","True","True","False","Custom Columns","",,,,""
"Form Templates","c5f27346-c3bc-4098-ac30-a643c47c1aa2","Name","FileLeafRef","FileLeafRef","File","File","File","True","False","False","False","Custom Columns","",,,,""
"Form Templates","c5f27346-c3bc-4098-ac30-a643c47c1aa2","Document Modified By","Modified_x0020_By","Modified_x0020_By","Single line of text","Text","Text","False","True","True","False","Custom Columns","",,,,""
"Form Templates","c5f27346-c3bc-4098-ac30-a643c47c1aa2","Document Created By","Created_x0020_By","Created_x0020_By","Single line of text","Text","Text","False","True","True","False","Custom Columns","",,,,""
"Form Templates","c5f27346-c3bc-4098-ac30-a643c47c1aa2","File Type","File_x0020_Type","File_x0020_Type","Single line of text","Text","Text","False","True","True","False","Custom Columns","",,,,""
"Form Templates","c5f27346-c3bc-4098-ac30-a643c47c1aa2","HTML File Type","HTML_x0020_File_x0020_Type","HTML_x0020_File_x0020_Type","Single line of text","Text","Text","False","True","True","False","Custom Columns","",,,,""
"Form Templates","c5f27346-c3bc-4098-ac30-a643c47c1aa2","Source URL","_SourceUrl","_SourceUrl","Single line of text","Text","Text","False","True","False","False","Custom Columns","",,,,""
"Form Templates","c5f27346-c3bc-4098-ac30-a643c47c1aa2","Shared File Index","_SharedFileIndex","_SharedFileIndex","Single line of text","Text","Text","False","True","False","False","Custom Columns","",,,,""
"Form Templates","c5f27346-c3bc-4098-ac30-a643c47c1aa2","Color","_ColorHex","_ColorHex","Single line of text","Text","Text","False","True","True","False","Custom Columns","",,,,""
"Form Templates","c5f27346-c3bc-4098-ac30-a643c47c1aa2","Color Tag","_ColorTag","_ColorTag","Single line of text","Text","Text","False","False","True","False","Custom Columns","",,,,""
"Form Templates","c5f27346-c3bc-4098-ac30-a643c47c1aa2","Emoji","_Emoji","_Emoji","Single line of text","Text","Text","False","True","True","False","Custom Columns","",,,,""
"Form Templates","c5f27346-c3bc-4098-ac30-a643c47c1aa2","Media Generated Metadata","MediaGeneratedMetadata","MediaGeneratedMetadata","Multiple lines of text","Note","Note","False","True","True","False","Custom Columns","",,,,""
"Form Templates","c5f27346-c3bc-4098-ac30-a643c47c1aa2","Media User Metadata","MediaUserMetadata","MediaUserMetadata","Multiple lines of text","Note","Note","False","True","True","False","Custom Columns","",,,,""
"Form Templates","c5f27346-c3bc-4098-ac30-a643c47c1aa2","Media file metadata","ExtractedMetadataComputed","ExtractedMetadataComputed","Computed","Computed","Computed","False","True","True","False","Custom Columns","",,,,""
"Form Templates","c5f27346-c3bc-4098-ac30-a643c47c1aa2","Compliance Asset Id","ComplianceAssetId","ComplianceAssetId","Single line of text","Text","Text","False","False","True","False","Custom Columns","",,,,""
"Form Templates","c5f27346-c3bc-4098-ac30-a643c47c1aa2","Title","Title","Title","Single line of text","Text","Text","False","False","False","False","Custom Columns","",,,,""
"Form Templates","c5f27346-c3bc-4098-ac30-a643c47c1aa2","Template Link","TemplateUrl","TemplateUrl","Single line of text","Text","Text","False","True","False","False","Custom Columns","",,,,""
"Form Templates","c5f27346-c3bc-4098-ac30-a643c47c1aa2","HTML File Link","xd_ProgID","xd_ProgID","Single line of text","Text","Text","False","True","False","False","Custom Columns","",,,,""
"Form Templates","c5f27346-c3bc-4098-ac30-a643c47c1aa2","Is Signed","xd_Signature","xd_Signature","Yes/No","Boolean","Boolean","False","True","True","False","_Hidden","",,,,""
"Form Templates","c5f27346-c3bc-4098-ac30-a643c47c1aa2","Effective Sensitivity","_EffectiveIpLabelDisplayName","_EffectiveIpLabelDisplayName","Computed","Computed","Computed","False","True","True","False","Custom Columns","",,,,""
"Form Templates","c5f27346-c3bc-4098-ac30-a643c47c1aa2","Shortcut URL","_ShortcutUrl","_ShortcutUrl","Hyperlink or Picture","URL","URL","False","True","False","False","Custom Columns","",,,,""
"Form Templates","c5f27346-c3bc-4098-ac30-a643c47c1aa2","Shortcut Site Id","_ShortcutSiteId","_ShortcutSiteId","Guid","Guid","Guid","False","True","False","False","Custom Columns","",,,,""
"Form Templates","c5f27346-c3bc-4098-ac30-a643c47c1aa2","Shortcut Web Id","_ShortcutWebId","_ShortcutWebId","Guid","Guid","Guid","False","True","False","False","Custom Columns","",,,,""
"Form Templates","c5f27346-c3bc-4098-ac30-a643c47c1aa2","Shortcut Unique Id","_ShortcutUniqueId","_ShortcutUniqueId","Guid","Guid","Guid","False","True","False","False","Custom Columns","",,,,""
"Form Templates","c5f27346-c3bc-4098-ac30-a643c47c1aa2","Description","_ExtendedDescription","_ExtendedDescription","Multiple lines of text","Note","Note","False","False","False","False","Custom Columns","",,,,""
"Form Templates","c5f27346-c3bc-4098-ac30-a643c47c1aa2","Trigger Flow Info","TriggerFlowInfo","TriggerFlowInfo","Single line of text","Text","Text","False","True","True","False","Custom Columns","",,,,""
"Form Templates","c5f27346-c3bc-4098-ac30-a643c47c1aa2","Form Name","FormName","FormName","Single line of text","Text","Text","False","False","False","False","_Hidden","",,,,""
"Form Templates","c5f27346-c3bc-4098-ac30-a643c47c1aa2","Form Category","FormCategory","FormCategory","Single line of text","Text","Text","False","False","False","False","_Hidden","",,,,""
"Form Templates","c5f27346-c3bc-4098-ac30-a643c47c1aa2","Form Version","FormVersion","FormVersion","Single line of text","Text","Text","False","False","False","False","_Hidden","",,,,""
"Form Templates","c5f27346-c3bc-4098-ac30-a643c47c1aa2","Form ID","FormId","FormId","Single line of text","Text","Text","False","False","False","False","_Hidden","",,,,""
"Form Templates","c5f27346-c3bc-4098-ac30-a643c47c1aa2","Form Locale","FormLocale","FormLocale","Single line of text","Text","Text","False","False","False","False","_Hidden","",,,,""
"Form Templates","c5f27346-c3bc-4098-ac30-a643c47c1aa2","Form Description","FormDescription","FormDescription","Single line of text","Text","Text","False","False","False","False","_Hidden","",,,,""
"Form Templates","c5f27346-c3bc-4098-ac30-a643c47c1aa2","Content Type ID","CustomContentTypeId","CustomContentTypeId","Single line of text","Text","Text","False","True","False","False","_Hidden","",,,,""
"Form Templates","c5f27346-c3bc-4098-ac30-a643c47c1aa2","Show in Catalog","ShowInCatalog","ShowInCatalog","Yes/No","Boolean","Boolean","False","False","False","False","_Hidden","",,,"TRUE",""
"Form Templates","c5f27346-c3bc-4098-ac30-a643c47c1aa2","Form Name","LinkTemplateName","LinkTemplateName","Computed","Computed","Computed","False","False","True","False","_Hidden","",,,,""
"Form Templates","c5f27346-c3bc-4098-ac30-a643c47c1aa2","ID","ID","ID","Counter","Counter","Counter","False","False","True","False","Custom Columns","",,,,""
"Form Templates","c5f27346-c3bc-4098-ac30-a643c47c1aa2","Content Type","ContentType","ContentType","Computed","Computed","Computed","False","False","False","False","_Hidden","",,,,""
"Form Templates","c5f27346-c3bc-4098-ac30-a643c47c1aa2","Created","Created","Created","Date and Time","DateTime","DateTime","False","False","True","False","Custom Columns","",,,,""
"Form Templates","c5f27346-c3bc-4098-ac30-a643c47c1aa2","Created By","Author","Author","Person or Group","User","User","False","False","True","False","Custom Columns","","{05970f80-1382-466a-ab40-156b3e727c70}","",,""
"Form Templates","c5f27346-c3bc-4098-ac30-a643c47c1aa2","Modified","Modified","Modified","Date and Time","DateTime","DateTime","False","False","True","False","Custom Columns","",,,,""
"Form Templates","c5f27346-c3bc-4098-ac30-a643c47c1aa2","Modified By","Editor","Editor","Person or Group","User","User","False","False","True","False","Custom Columns","","{05970f80-1382-466a-ab40-156b3e727c70}","",,""
"Form Templates","c5f27346-c3bc-4098-ac30-a643c47c1aa2","Has Copy Destinations","_HasCopyDestinations","_HasCopyDestinations","Yes/No","Boolean","Boolean","False","True","True","False","Custom Columns","",,,,""
"Form Templates","c5f27346-c3bc-4098-ac30-a643c47c1aa2","Copy Source","_CopySource","_CopySource","Single line of text","Text","Text","False","False","True","False","Custom Columns","",,,,""
"Form Templates","c5f27346-c3bc-4098-ac30-a643c47c1aa2","Approval Status","_ModerationStatus","_ModerationStatus","Moderation Status","ModStat","ModStat","False","True","True","False","Custom Columns","0;#Approved | 1;#Rejected | 2;#Pending | 3;#Draft | 4;#Scheduled",,,"0",""
"Form Templates","c5f27346-c3bc-4098-ac30-a643c47c1aa2","URL Path","FileRef","FileRef","Lookup","Lookup","Lookup","False","True","True","False","Custom Columns","","","FullUrl",,""
"Form Templates","c5f27346-c3bc-4098-ac30-a643c47c1aa2","Path","FileDirRef","FileDirRef","Lookup","Lookup","Lookup","False","True","True","False","Custom Columns","","","DirName",,""
"Form Templates","c5f27346-c3bc-4098-ac30-a643c47c1aa2","Modified","Last_x0020_Modified","Last_x0020_Modified","Lookup","Lookup","Lookup","False","True","True","False","Custom Columns","","","TimeLastModified",,""
"Form Templates","c5f27346-c3bc-4098-ac30-a643c47c1aa2","Created","Created_x0020_Date","Created_x0020_Date","Lookup","Lookup","Lookup","False","True","True","False","Custom Columns","","","TimeCreated",,""
"Form Templates","c5f27346-c3bc-4098-ac30-a643c47c1aa2","File Size","File_x0020_Size","File_x0020_Size","Lookup","Lookup","Lookup","False","True","True","False","Custom Columns","","","SizeInKB",,""
"Form Templates","c5f27346-c3bc-4098-ac30-a643c47c1aa2","Item Type","FSObjType","FSObjType","Lookup","Lookup","Lookup","False","True","True","False","Custom Columns","","","FSType",,""
"Form Templates","c5f27346-c3bc-4098-ac30-a643c47c1aa2","Sort Type","SortBehavior","SortBehavior","Lookup","Lookup","Lookup","False","True","True","False","Custom Columns","","","SortBehavior",,""
"Form Templates","c5f27346-c3bc-4098-ac30-a643c47c1aa2","Effective Permissions Mask","PermMask","PermMask","Computed","Computed","Computed","False","True","True","False","Custom Columns","",,,,""
"Form Templates","c5f27346-c3bc-4098-ac30-a643c47c1aa2","Principal Count","PrincipalCount","PrincipalCount","Computed","Computed","Computed","False","True","True","False","Custom Columns","",,,,""
"Form Templates","c5f27346-c3bc-4098-ac30-a643c47c1aa2","ID of the User who has the item Checked Out","CheckedOutUserId","CheckedOutUserId","Lookup","Lookup","Lookup","False","True","True","False","Custom Columns","","","CheckoutUserId",,""
"Form Templates","c5f27346-c3bc-4098-ac30-a643c47c1aa2","Is Checked out to local","IsCheckedoutToLocal","IsCheckedoutToLocal","Lookup","Lookup","Lookup","False","True","True","False","Custom Columns","","","IsCheckoutToLocal",,""
"Form Templates","c5f27346-c3bc-4098-ac30-a643c47c1aa2","Checked Out To","CheckoutUser","CheckoutUser","Person or Group","User","User","False","False","True","False","Custom Columns","","{05970f80-1382-466a-ab40-156b3e727c70}","",,""
"Form Templates","c5f27346-c3bc-4098-ac30-a643c47c1aa2","Unique Id","UniqueId","UniqueId","Lookup","Lookup","Lookup","False","True","True","False","Custom Columns","","","UniqueId",,""
"Form Templates","c5f27346-c3bc-4098-ac30-a643c47c1aa2","Document Parent Identifier","ParentUniqueId","ParentUniqueId","Lookup","Lookup","Lookup","False","True","True","False","Custom Columns","","","ParentUniqueId",,""
"Form Templates","c5f27346-c3bc-4098-ac30-a643c47c1aa2","Client Id","SyncClientId","SyncClientId","Lookup","Lookup","Lookup","False","True","True","False","Custom Columns","","","SyncClientId",,""
"Form Templates","c5f27346-c3bc-4098-ac30-a643c47c1aa2","ProgId","ProgId","ProgId","Lookup","Lookup","Lookup","False","True","True","False","Custom Columns","","","ProgId",,""
"Form Templates","c5f27346-c3bc-4098-ac30-a643c47c1aa2","ScopeId","ScopeId","ScopeId","Lookup","Lookup","Lookup","False","True","True","False","Custom Columns","","","ScopeId",,""
"Form Templates","c5f27346-c3bc-4098-ac30-a643c47c1aa2","Virus Status","VirusStatus","VirusStatus","Lookup","Lookup","Lookup","False","True","True","False","Custom Columns","","","Size",,""
"Form Templates","c5f27346-c3bc-4098-ac30-a643c47c1aa2","Checked Out To","CheckedOutTitle","CheckedOutTitle","Lookup","Lookup","Lookup","False","True","True","False","Custom Columns","","","CheckedOutTitle",,""
"Form Templates","c5f27346-c3bc-4098-ac30-a643c47c1aa2","Check In Comment","_CheckinComment","_CheckinComment","Lookup","Lookup","Lookup","False","False","True","False","Custom Columns","","","CheckinComment",,""
"Form Templates","c5f27346-c3bc-4098-ac30-a643c47c1aa2","Checked Out To","LinkCheckedOutTitle","LinkCheckedOutTitle","Computed","Computed","Computed","False","True","True","False","Custom Columns","",,,,""
"Form Templates","c5f27346-c3bc-4098-ac30-a643c47c1aa2","Edit Menu Table Start","_EditMenuTableStart","_EditMenuTableStart","Computed","Computed","Computed","False","True","True","False","Custom Columns","",,,,""
"Form Templates","c5f27346-c3bc-4098-ac30-a643c47c1aa2","Edit Menu Table Start","_EditMenuTableStart2","_EditMenuTableStart2","Computed","Computed","Computed","False","True","True","False","Custom Columns","",,,,""
"Form Templates","c5f27346-c3bc-4098-ac30-a643c47c1aa2","Edit Menu Table End","_EditMenuTableEnd","_EditMenuTableEnd","Computed","Computed","Computed","False","True","True","False","Custom Columns","",,,,""
"Form Templates","c5f27346-c3bc-4098-ac30-a643c47c1aa2","Name","LinkFilenameNoMenu","LinkFilenameNoMenu","Computed","Computed","Computed","False","False","True","False","Custom Columns","",,,,""
"Form Templates","c5f27346-c3bc-4098-ac30-a643c47c1aa2","Name","LinkFilename","LinkFilename","Computed","Computed","Computed","False","False","True","False","Custom Columns","",,,,""
"Form Templates","c5f27346-c3bc-4098-ac30-a643c47c1aa2","Name","LinkFilename2","LinkFilename2","Computed","Computed","Computed","False","True","True","False","Custom Columns","",,,,""
"Form Templates","c5f27346-c3bc-4098-ac30-a643c47c1aa2","Type","DocIcon","DocIcon","Computed","Computed","Computed","False","False","True","False","Custom Columns","",,,,""
"Form Templates","c5f27346-c3bc-4098-ac30-a643c47c1aa2","Server Relative URL","ServerUrl","ServerUrl","Computed","Computed","Computed","False","True","True","False","Custom Columns","",,,,""
"Form Templates","c5f27346-c3bc-4098-ac30-a643c47c1aa2","Encoded Absolute URL","EncodedAbsUrl","EncodedAbsUrl","Computed","Computed","Computed","False","True","True","False","Custom Columns","",,,,""
"Form Templates","c5f27346-c3bc-4098-ac30-a643c47c1aa2","Name","BaseName","BaseName","Computed","Computed","Computed","False","True","True","False","Custom Columns","",,,,""
"Form Templates","c5f27346-c3bc-4098-ac30-a643c47c1aa2","File Size","FileSizeDisplay","FileSizeDisplay","Computed","Computed","Computed","False","False","True","False","Custom Columns","",,,,""
"Form Templates","c5f27346-c3bc-4098-ac30-a643c47c1aa2","Property Bag","MetaInfo","MetaInfo","Lookup","Lookup","Lookup","False","True","False","False","Custom Columns","","","MetaInfo",,""
"Form Templates","c5f27346-c3bc-4098-ac30-a643c47c1aa2","Level","_Level","_Level","Integer","Integer","Integer","False","True","True","False","Custom Columns","",,,,""
"Form Templates","c5f27346-c3bc-4098-ac30-a643c47c1aa2","Is Current Version","_IsCurrentVersion","_IsCurrentVersion","Yes/No","Boolean","Boolean","False","True","True","False","Custom Columns","",,,,""
"Form Templates","c5f27346-c3bc-4098-ac30-a643c47c1aa2","Item Child Count","ItemChildCount","ItemChildCount","Lookup","Lookup","Lookup","False","False","True","False","Custom Columns","","","ItemChildCount",,""
"Form Templates","c5f27346-c3bc-4098-ac30-a643c47c1aa2","Folder Child Count","FolderChildCount","FolderChildCount","Lookup","Lookup","Lookup","False","False","True","False","Custom Columns","","","FolderChildCount",,""
"Form Templates","c5f27346-c3bc-4098-ac30-a643c47c1aa2","Restricted","Restricted","Restricted","Lookup","Lookup","Lookup","False","True","True","False","Custom Columns","","","Restricted",,""
"Form Templates","c5f27346-c3bc-4098-ac30-a643c47c1aa2","Originator Id","OriginatorId","OriginatorId","Lookup","Lookup","Lookup","False","True","True","False","Custom Columns","","","OriginatorId",,""
"Form Templates","c5f27346-c3bc-4098-ac30-a643c47c1aa2","NoExecute","NoExecute","NoExecute","Lookup","Lookup","Lookup","False","True","True","False","Custom Columns","","","DocFlags",,""
"Form Templates","c5f27346-c3bc-4098-ac30-a643c47c1aa2","Content Version","ContentVersion","ContentVersion","Lookup","Lookup","Lookup","False","True","True","False","Custom Columns","","","ContentVersion",,""
"Form Templates","c5f27346-c3bc-4098-ac30-a643c47c1aa2","Label setting","_ComplianceFlags","_ComplianceFlags","Lookup","Lookup","Lookup","False","False","True","False","Custom Columns","","","ComplianceFlags",,""
"Form Templates","c5f27346-c3bc-4098-ac30-a643c47c1aa2","Retention label","_ComplianceTag","_ComplianceTag","Lookup","Lookup","Lookup","False","False","True","False","Custom Columns","","","ComplianceTag",,""
"Form Templates","c5f27346-c3bc-4098-ac30-a643c47c1aa2","Retention label Applied","_ComplianceTagWrittenTime","_ComplianceTagWrittenTime","Lookup","Lookup","Lookup","False","False","True","False","Custom Columns","","","ComplianceTagWrittenTime",,""
"Form Templates","c5f27346-c3bc-4098-ac30-a643c47c1aa2","Label applied by","_ComplianceTagUserId","_ComplianceTagUserId","Lookup","Lookup","Lookup","False","False","True","False","Custom Columns","","","ComplianceTagUserId",,""
"Form Templates","c5f27346-c3bc-4098-ac30-a643c47c1aa2","Item is a Record","_IsRecord","_IsRecord","Computed","Computed","Computed","False","False","True","False","Custom Columns","",,,,""
"Form Templates","c5f27346-c3bc-4098-ac30-a643c47c1aa2","BLOB Sequence Number","BSN","BSN","Lookup","Lookup","Lookup","False","True","True","False","Custom Columns","","","BSN",,""
"Form Templates","c5f27346-c3bc-4098-ac30-a643c47c1aa2","List Schema Version","_ListSchemaVersion","_ListSchemaVersion","Lookup","Lookup","Lookup","False","True","True","False","Custom Columns","","","ListSchemaVersion",,""
"Form Templates","c5f27346-c3bc-4098-ac30-a643c47c1aa2","Dirty","_Dirty","_Dirty","Lookup","Lookup","Lookup","False","True","True","False","Custom Columns","","","Dirty",,""
"Form Templates","c5f27346-c3bc-4098-ac30-a643c47c1aa2","Parsable","_Parsable","_Parsable","Lookup","Lookup","Lookup","False","True","True","False","Custom Columns","","","DocFlags",,""
"Form Templates","c5f27346-c3bc-4098-ac30-a643c47c1aa2","StubFile","_StubFile","_StubFile","Lookup","Lookup","Lookup","False","True","True","False","Custom Columns","","","DocFlags",,""
"Form Templates","c5f27346-c3bc-4098-ac30-a643c47c1aa2","HasEncryptedContent","_HasEncryptedContent","_HasEncryptedContent","Lookup","Lookup","Lookup","False","True","True","False","Custom Columns","","","DocFlags",,""
"Form Templates","c5f27346-c3bc-4098-ac30-a643c47c1aa2","HasUserDefinedProtection","_HasUserDefinedProtection","_HasUserDefinedProtection","Lookup","Lookup","Lookup","False","True","True","False","Custom Columns","","","DocFlags",,""
"Form Templates","c5f27346-c3bc-4098-ac30-a643c47c1aa2","Access Policy","AccessPolicy","AccessPolicy","Lookup","Lookup","Lookup","False","True","True","False","Custom Columns","","","AccessPolicy",,""
"Form Templates","c5f27346-c3bc-4098-ac30-a643c47c1aa2","VirusStatus","_VirusStatus","_VirusStatus","Lookup","Lookup","Lookup","False","True","True","False","Custom Columns","","","VirusStatus",,""
"Form Templates","c5f27346-c3bc-4098-ac30-a643c47c1aa2","VirusVendorID","_VirusVendorID","_VirusVendorID","Lookup","Lookup","Lookup","False","True","True","False","Custom Columns","","","VirusVendorID",,""
"Form Templates","c5f27346-c3bc-4098-ac30-a643c47c1aa2","VirusInfo","_VirusInfo","_VirusInfo","Lookup","Lookup","Lookup","False","True","True","False","Custom Columns","","","VirusInfo",,""
"Form Templates","c5f27346-c3bc-4098-ac30-a643c47c1aa2","RansomwareAnomalyMetaInfo","_RansomwareAnomalyMetaInfo","_RansomwareAnomalyMetaInfo","Lookup","Lookup","Lookup","False","True","True","False","Custom Columns","","","RansomwareAnomalyMetaInfo",,""
"Form Templates","c5f27346-c3bc-4098-ac30-a643c47c1aa2","Comment settings","_CommentFlags","_CommentFlags","Lookup","Lookup","Lookup","False","True","True","False","Custom Columns","","","CommentFlags",,""
"Form Templates","c5f27346-c3bc-4098-ac30-a643c47c1aa2","Comment count","_CommentCount","_CommentCount","Lookup","Lookup","Lookup","False","False","True","False","Custom Columns","","","CommentCount",,""
"Form Templates","c5f27346-c3bc-4098-ac30-a643c47c1aa2","Like count","_LikeCount","_LikeCount","Lookup","Lookup","Lookup","False","False","True","False","Custom Columns","","","LikeCount",,""
"Form Templates","c5f27346-c3bc-4098-ac30-a643c47c1aa2","Rights Management Template Id","_RmsTemplateId","_RmsTemplateId","Lookup","Lookup","Lookup","False","True","True","False","Custom Columns","","","RmsTemplateId",,""
"Form Templates","c5f27346-c3bc-4098-ac30-a643c47c1aa2","Sensitivity Label Id","_IpLabelId","_IpLabelId","Lookup","Lookup","Lookup","False","True","True","False","Custom Columns","","","IpLabelId",,""
"Form Templates","c5f27346-c3bc-4098-ac30-a643c47c1aa2","Sensitivity","_DisplayName","_DisplayName","Lookup","Lookup","Lookup","False","False","True","False","Custom Columns","","","DisplayName",,""
"Form Templates","c5f27346-c3bc-4098-ac30-a643c47c1aa2","Sensitivity Label Assignment Method","_IpLabelAssignmentMethod","_IpLabelAssignmentMethod","Lookup","Lookup","Lookup","False","True","True","False","Custom Columns","","","IpLabelAssignmentMethod",,""
"Form Templates","c5f27346-c3bc-4098-ac30-a643c47c1aa2","A2OD Mount Count","A2ODMountCount","A2ODMountCount","Lookup","Lookup","Lookup","False","True","True","False","Custom Columns","","","A2ODMountCount",,""
"Form Templates","c5f27346-c3bc-4098-ac30-a643c47c1aa2","Expiration Date","_ExpirationDate","_ExpirationDate","Lookup","Lookup","Lookup","False","True","True","False","Custom Columns","","","ExpirationDate",,""
"Form Templates","c5f27346-c3bc-4098-ac30-a643c47c1aa2","IpLabelHash","_IpLabelHash","_IpLabelHash","Lookup","Lookup","Lookup","False","True","True","False","Custom Columns","","","IpLabelHash",,""
"Form Templates","c5f27346-c3bc-4098-ac30-a643c47c1aa2","IpLabelPromotionCtagVersion","_IpLabelPromotionCtagVersion","_IpLabelPromotionCtagVersion","Lookup","Lookup","Lookup","False","True","True","False","Custom Columns","","","IpLabelPromotionCtagVersion",,""
"Form Templates","c5f27346-c3bc-4098-ac30-a643c47c1aa2","Draft Owner Id","_DraftOwnerId","_DraftOwnerId","Lookup","Lookup","Lookup","False","True","True","False","Custom Columns","","","DraftOwnerId",,""
"Form Templates","c5f27346-c3bc-4098-ac30-a643c47c1aa2","Sensitivity Label Metadata","_IpLabelMetaInfo","_IpLabelMetaInfo","Lookup","Lookup","Lookup","False","True","True","False","Custom Columns","","","IpLabelMetaInfo",,""
"Form Templates","c5f27346-c3bc-4098-ac30-a643c47c1aa2","AdditionalStreamSize","_AdditionalStreamSize","_AdditionalStreamSize","Lookup","Lookup","Lookup","False","True","True","False","Custom Columns","","","AdditionalStreamSize",,""
"Form Templates","c5f27346-c3bc-4098-ac30-a643c47c1aa2","StreamScenarioIds","_StreamScenarioIds","_StreamScenarioIds","Lookup","Lookup","Lookup","False","True","True","False","Custom Columns","","","StreamScenarioIds",,""
"Form Templates","c5f27346-c3bc-4098-ac30-a643c47c1aa2","Archive Status","_FileArchiveStatus","_FileArchiveStatus","Lookup","Lookup","Lookup","False","True","True","False","Custom Columns","","","FileArchiveStatus",,""
"Form Templates","c5f27346-c3bc-4098-ac30-a643c47c1aa2","Media file metadata","_ExtractedMetadata","_ExtractedMetadata","Lookup","Lookup","Lookup","False","True","True","False","Custom Columns","","","ExtractedMetadata",,""
"Form Templates","c5f27346-c3bc-4098-ac30-a643c47c1aa2","Archive State Last Modified Time","_FileArchiveTimeLastModified","_FileArchiveTimeLastModified","Lookup","Lookup","Lookup","False","True","True","False","Custom Columns","","","FileArchiveTimeLastModified",,""
"Form Templates","c5f27346-c3bc-4098-ac30-a643c47c1aa2","Main Link settings","MainLinkSettings","MainLinkSettings","Computed","Computed","Computed","False","True","True","False","Custom Columns","",,,,""
"Form Templates","c5f27346-c3bc-4098-ac30-a643c47c1aa2","App Created By","AppAuthor","AppAuthor","Lookup","Lookup","Lookup","False","False","True","False","Custom Columns","","AppPrincipals","Title",,""
"Form Templates","c5f27346-c3bc-4098-ac30-a643c47c1aa2","App Modified By","AppEditor","AppEditor","Lookup","Lookup","Lookup","False","False","True","False","Custom Columns","","AppPrincipals","Title",,""
"Form Templates","c5f27346-c3bc-4098-ac30-a643c47c1aa2","Total Size","SMTotalSize","SMTotalSize","Lookup","Lookup","Lookup","False","True","True","False","Custom Columns","","","SMTotalSize",,""
"Form Templates","c5f27346-c3bc-4098-ac30-a643c47c1aa2","Last Modified Date","SMLastModifiedDate","SMLastModifiedDate","Lookup","Lookup","Lookup","False","True","True","False","Custom Columns","","","SMLastModifiedDate",,""
"Form Templates","c5f27346-c3bc-4098-ac30-a643c47c1aa2","Total File Stream Size","SMTotalFileStreamSize","SMTotalFileStreamSize","Lookup","Lookup","Lookup","False","True","True","False","Custom Columns","","","SMTotalFileStreamSize",,""
"Form Templates","c5f27346-c3bc-4098-ac30-a643c47c1aa2","Total File Count","SMTotalFileCount","SMTotalFileCount","Lookup","Lookup","Lookup","False","True","True","False","Custom Columns","","","SMTotalFileCount",,""
"Form Templates","c5f27346-c3bc-4098-ac30-a643c47c1aa2","Select","SelectTitle","SelectTitle","Computed","Computed","Computed","False","True","True","False","Custom Columns","",,,,""
"Form Templates","c5f27346-c3bc-4098-ac30-a643c47c1aa2","Select","SelectFilename","SelectFilename","Computed","Computed","Computed","False","True","True","False","Custom Columns","",,,,""
"Form Templates","c5f27346-c3bc-4098-ac30-a643c47c1aa2","Edit","Edit","Edit","Computed","Computed","Computed","False","False","True","False","Custom Columns","",,,,""
"Form Templates","c5f27346-c3bc-4098-ac30-a643c47c1aa2","owshiddenversion","owshiddenversion","owshiddenversion","Integer","Integer","Integer","False","True","True","False","Custom Columns","",,,,""
"Form Templates","c5f27346-c3bc-4098-ac30-a643c47c1aa2","UI Version","_UIVersion","_UIVersion","Integer","Integer","Integer","False","True","True","False","Custom Columns","",,,,""
"Form Templates","c5f27346-c3bc-4098-ac30-a643c47c1aa2","Version","_UIVersionString","_UIVersionString","Single line of text","Text","Text","False","False","True","False","Custom Columns","",,,,""
"Form Templates","c5f27346-c3bc-4098-ac30-a643c47c1aa2","Instance ID","InstanceID","InstanceID","Integer","Integer","Integer","False","True","True","False","Custom Columns","",,,,""
"Form Templates","c5f27346-c3bc-4098-ac30-a643c47c1aa2","Order","Order","Order","Number","Number","Number","False","True","False","False","Custom Columns","",,,,""
"Form Templates","c5f27346-c3bc-4098-ac30-a643c47c1aa2","GUID","GUID","GUID","Guid","Guid","Guid","False","True","True","False","Custom Columns","",,,,""
"Form Templates","c5f27346-c3bc-4098-ac30-a643c47c1aa2","Workflow Version","WorkflowVersion","WorkflowVersion","Integer","Integer","Integer","False","True","True","False","Custom Columns","",,,,""
"Form Templates","c5f27346-c3bc-4098-ac30-a643c47c1aa2","Workflow Instance ID","WorkflowInstanceID","WorkflowInstanceID","Guid","Guid","Guid","False","True","True","False","Custom Columns","",,,,""
"Form Templates","c5f27346-c3bc-4098-ac30-a643c47c1aa2","Source Version (Converted Document)","ParentVersionString","ParentVersionString","Lookup","Lookup","Lookup","False","False","True","False","Custom Columns","","","ParentVersionString",,""
"Form Templates","c5f27346-c3bc-4098-ac30-a643c47c1aa2","Source Name (Converted Document)","ParentLeafName","ParentLeafName","Lookup","Lookup","Lookup","False","False","True","False","Custom Columns","","","ParentLeafName",,""
"Form Templates","c5f27346-c3bc-4098-ac30-a643c47c1aa2","Document Concurrency Number","DocConcurrencyNumber","DocConcurrencyNumber","Lookup","Lookup","Lookup","False","True","True","False","Custom Columns","","","DocConcurrencyNumber",,""
"Form Templates","c5f27346-c3bc-4098-ac30-a643c47c1aa2","Document Stream Hash","StreamHash","StreamHash","Lookup","Lookup","Lookup","False","True","True","False","Custom Columns","","","StreamHash",,""
"Form Templates","c5f27346-c3bc-4098-ac30-a643c47c1aa2","Merge","Combine","Combine","Computed","Computed","Computed","False","True","True","False","Custom Columns","",,,,""
"Form Templates","c5f27346-c3bc-4098-ac30-a643c47c1aa2","Relink","RepairDocument","RepairDocument","Computed","Computed","Computed","False","True","True","False","Custom Columns","",,,,""
"Form Templates","c5f27346-c3bc-4098-ac30-a643c47c1aa2","Actions Disabled by Policy","PolicyDisabledUICapabilities","PolicyDisabledUICapabilities","Computed","Computed","Computed","False","True","True","False","Custom Columns","",,,,""
"Form Templates","c5f27346-c3bc-4098-ac30-a643c47c1aa2","Effective Sensitivity Label Id","_EffectiveIpLabelId","_EffectiveIpLabelId","Computed","Computed","Computed","False","True","True","False","Custom Columns","",,,,""
"In-House Certificates Register","aa8e69e0-4bf8-4ac2-a14c-6db121bc4863","Content Type ID","ContentTypeId","ContentTypeId","Content Type Id","ContentTypeId","ContentTypeId","False","True","True","False","Custom Columns","",,,,""
"In-House Certificates Register","aa8e69e0-4bf8-4ac2-a14c-6db121bc4863","Title","Title","Title","Single line of text","Text","Text","False","False","False","False","Custom Columns","",,,,""
"In-House Certificates Register","aa8e69e0-4bf8-4ac2-a14c-6db121bc4863","Approver Comments","_ModerationComments","_ModerationComments","Multiple lines of text","Note","Note","False","True","True","False","Custom Columns","",,,,""
"In-House Certificates Register","aa8e69e0-4bf8-4ac2-a14c-6db121bc4863","File Type","File_x0020_Type","File_x0020_Type","Single line of text","Text","Text","False","True","True","False","Custom Columns","",,,,""
"In-House Certificates Register","aa8e69e0-4bf8-4ac2-a14c-6db121bc4863","Color","_ColorHex","_ColorHex","Single line of text","Text","Text","False","True","True","False","Custom Columns","",,,,""
"In-House Certificates Register","aa8e69e0-4bf8-4ac2-a14c-6db121bc4863","Color Tag","_ColorTag","_ColorTag","Single line of text","Text","Text","False","False","True","False","Custom Columns","",,,,""
"In-House Certificates Register","aa8e69e0-4bf8-4ac2-a14c-6db121bc4863","Emoji","_Emoji","_Emoji","Single line of text","Text","Text","False","True","True","False","Custom Columns","",,,,""
"In-House Certificates Register","aa8e69e0-4bf8-4ac2-a14c-6db121bc4863","Compliance Asset Id","ComplianceAssetId","ComplianceAssetId","Single line of text","Text","Text","False","False","True","False","Custom Columns","",,,,""
"In-House Certificates Register","aa8e69e0-4bf8-4ac2-a14c-6db121bc4863","Candidate Name","CandidateName","CandidateName","Lookup","Lookup","Lookup","True","False","False","True","Custom Columns","","dd110a2d-a447-4b0e-aec7-c3ff9980bfc9","CandidateName",,""
"In-House Certificates Register","aa8e69e0-4bf8-4ac2-a14c-6db121bc4863","Course Date","CourseDate","CourseDate","Date and Time","DateTime","DateTime","False","False","False","False","Custom Columns","",,,,""
"In-House Certificates Register","aa8e69e0-4bf8-4ac2-a14c-6db121bc4863","Expiry Date","ExpiryDate","ExpiryDate","Date and Time","DateTime","DateTime","False","False","False","False","Custom Columns","",,,,""
"In-House Certificates Register","aa8e69e0-4bf8-4ac2-a14c-6db121bc4863","CUSTOMER","CUSTOMER","CUSTOMER","Single line of text","Text","Text","False","False","False","False","Custom Columns","",,,,""
"In-House Certificates Register","aa8e69e0-4bf8-4ac2-a14c-6db121bc4863","Certificate Sent Date","CertificateSentDate","CertificateSentDate","Date and Time","DateTime","DateTime","False","False","False","False","Custom Columns","",,,,""
"In-House Certificates Register","aa8e69e0-4bf8-4ac2-a14c-6db121bc4863","CERTS SENT TO","CERTSSENTTO","CERTSSENTTO","Multiple lines of text","Note","Note","False","False","False","False","Custom Columns","",,,,""
"In-House Certificates Register","aa8e69e0-4bf8-4ac2-a14c-6db121bc4863","Notes","Notes","Notes","Multiple lines of text","Note","Note","False","False","False","False","Custom Columns","",,,,""
"In-House Certificates Register","aa8e69e0-4bf8-4ac2-a14c-6db121bc4863","Company Name","CompanyName","CompanyName","Lookup","Lookup","Lookup","False","False","False","True","Custom Columns","","6079c6aa-d657-42a8-9a7b-9c8e074386b4","CompanyName",,""
"In-House Certificates Register","aa8e69e0-4bf8-4ac2-a14c-6db121bc4863","In-House Certification Number","Candidate_x0020_Name_x003a__x002","Candidate_x0020_Name_x003a__x002","Lookup","Lookup","Lookup","True","False","True","False","Custom Columns","","dd110a2d-a447-4b0e-aec7-c3ff9980bfc9","InHouseCertificationNumber",,""
"In-House Certificates Register","aa8e69e0-4bf8-4ac2-a14c-6db121bc4863","Certificate Category","CertificateCategory","CertificateCategory","Choice","Choice","Choice","False","False","False","False","Custom Columns","Manual Handling | Working at Height | Abrasive Wheels | Fire Marshal | First Aid | Plant Awareness | Other",,,,""
"In-House Certificates Register","aa8e69e0-4bf8-4ac2-a14c-6db121bc4863","ID","ID","ID","Counter","Counter","Counter","False","False","True","False","Custom Columns","",,,,""
"In-House Certificates Register","aa8e69e0-4bf8-4ac2-a14c-6db121bc4863","Content Type","ContentType","ContentType","Computed","Computed","Computed","False","False","False","False","_Hidden","",,,,""
"In-House Certificates Register","aa8e69e0-4bf8-4ac2-a14c-6db121bc4863","Modified","Modified","Modified","Date and Time","DateTime","DateTime","False","False","True","False","Custom Columns","",,,,""
"In-House Certificates Register","aa8e69e0-4bf8-4ac2-a14c-6db121bc4863","Created","Created","Created","Date and Time","DateTime","DateTime","False","False","True","False","Custom Columns","",,,,""
"In-House Certificates Register","aa8e69e0-4bf8-4ac2-a14c-6db121bc4863","Created By","Author","Author","Person or Group","User","User","False","False","True","False","Custom Columns","","{05970f80-1382-466a-ab40-156b3e727c70}","",,""
"In-House Certificates Register","aa8e69e0-4bf8-4ac2-a14c-6db121bc4863","Modified By","Editor","Editor","Person or Group","User","User","False","False","True","False","Custom Columns","","{05970f80-1382-466a-ab40-156b3e727c70}","",,""
"In-House Certificates Register","aa8e69e0-4bf8-4ac2-a14c-6db121bc4863","Has Copy Destinations","_HasCopyDestinations","_HasCopyDestinations","Yes/No","Boolean","Boolean","False","True","True","False","Custom Columns","",,,,""
"In-House Certificates Register","aa8e69e0-4bf8-4ac2-a14c-6db121bc4863","Copy Source","_CopySource","_CopySource","Single line of text","Text","Text","False","True","True","False","Custom Columns","",,,,""
"In-House Certificates Register","aa8e69e0-4bf8-4ac2-a14c-6db121bc4863","owshiddenversion","owshiddenversion","owshiddenversion","Integer","Integer","Integer","False","True","True","False","Custom Columns","",,,,""
"In-House Certificates Register","aa8e69e0-4bf8-4ac2-a14c-6db121bc4863","Workflow Version","WorkflowVersion","WorkflowVersion","Integer","Integer","Integer","False","True","True","False","Custom Columns","",,,,""
"In-House Certificates Register","aa8e69e0-4bf8-4ac2-a14c-6db121bc4863","UI Version","_UIVersion","_UIVersion","Integer","Integer","Integer","False","True","True","False","Custom Columns","",,,,""
"In-House Certificates Register","aa8e69e0-4bf8-4ac2-a14c-6db121bc4863","Version","_UIVersionString","_UIVersionString","Single line of text","Text","Text","False","False","True","False","Custom Columns","",,,,""
"In-House Certificates Register","aa8e69e0-4bf8-4ac2-a14c-6db121bc4863","Attachments","Attachments","Attachments","Attachments","Attachments","Attachments","False","False","False","False","Custom Columns","",,,,""
"In-House Certificates Register","aa8e69e0-4bf8-4ac2-a14c-6db121bc4863","Approval Status","_ModerationStatus","_ModerationStatus","Moderation Status","ModStat","ModStat","False","True","True","False","Custom Columns","0;#Approved | 1;#Rejected | 2;#Pending | 3;#Draft | 4;#Scheduled",,,"0",""
"In-House Certificates Register","aa8e69e0-4bf8-4ac2-a14c-6db121bc4863","Edit","Edit","Edit","Computed","Computed","Computed","False","False","True","False","Custom Columns","",,,,""
"In-House Certificates Register","aa8e69e0-4bf8-4ac2-a14c-6db121bc4863","Title","LinkTitleNoMenu","LinkTitleNoMenu","Computed","Computed","Computed","False","False","True","False","Custom Columns","",,,,""
"In-House Certificates Register","aa8e69e0-4bf8-4ac2-a14c-6db121bc4863","Title","LinkTitle","LinkTitle","Computed","Computed","Computed","False","False","True","False","Custom Columns","",,,,""
"In-House Certificates Register","aa8e69e0-4bf8-4ac2-a14c-6db121bc4863","Title","LinkTitle2","LinkTitle2","Computed","Computed","Computed","False","True","True","False","Custom Columns","",,,,""
"In-House Certificates Register","aa8e69e0-4bf8-4ac2-a14c-6db121bc4863","Select","SelectTitle","SelectTitle","Computed","Computed","Computed","False","True","True","False","Custom Columns","",,,,""
"In-House Certificates Register","aa8e69e0-4bf8-4ac2-a14c-6db121bc4863","Instance ID","InstanceID","InstanceID","Integer","Integer","Integer","False","True","True","False","Custom Columns","",,,,""
"In-House Certificates Register","aa8e69e0-4bf8-4ac2-a14c-6db121bc4863","Order","Order","Order","Number","Number","Number","False","True","False","False","Custom Columns","",,,,""
"In-House Certificates Register","aa8e69e0-4bf8-4ac2-a14c-6db121bc4863","GUID","GUID","GUID","Guid","Guid","Guid","False","True","True","False","Custom Columns","",,,,""
"In-House Certificates Register","aa8e69e0-4bf8-4ac2-a14c-6db121bc4863","Workflow Instance ID","WorkflowInstanceID","WorkflowInstanceID","Guid","Guid","Guid","False","True","True","False","Custom Columns","",,,,""
"In-House Certificates Register","aa8e69e0-4bf8-4ac2-a14c-6db121bc4863","URL Path","FileRef","FileRef","Lookup","Lookup","Lookup","False","True","True","False","Custom Columns","","","FullUrl",,""
"In-House Certificates Register","aa8e69e0-4bf8-4ac2-a14c-6db121bc4863","Path","FileDirRef","FileDirRef","Lookup","Lookup","Lookup","False","True","True","False","Custom Columns","","","DirName",,""
"In-House Certificates Register","aa8e69e0-4bf8-4ac2-a14c-6db121bc4863","Modified","Last_x0020_Modified","Last_x0020_Modified","Lookup","Lookup","Lookup","False","True","True","False","Custom Columns","","","TimeLastModified",,""
"In-House Certificates Register","aa8e69e0-4bf8-4ac2-a14c-6db121bc4863","Created","Created_x0020_Date","Created_x0020_Date","Lookup","Lookup","Lookup","False","True","True","False","Custom Columns","","","TimeCreated",,""
"In-House Certificates Register","aa8e69e0-4bf8-4ac2-a14c-6db121bc4863","Item Type","FSObjType","FSObjType","Lookup","Lookup","Lookup","False","True","True","False","Custom Columns","","","FSType",,""
"In-House Certificates Register","aa8e69e0-4bf8-4ac2-a14c-6db121bc4863","Sort Type","SortBehavior","SortBehavior","Lookup","Lookup","Lookup","False","True","True","False","Custom Columns","","","SortBehavior",,""
"In-House Certificates Register","aa8e69e0-4bf8-4ac2-a14c-6db121bc4863","Effective Permissions Mask","PermMask","PermMask","Computed","Computed","Computed","False","True","True","False","Custom Columns","",,,,""
"In-House Certificates Register","aa8e69e0-4bf8-4ac2-a14c-6db121bc4863","Principal Count","PrincipalCount","PrincipalCount","Computed","Computed","Computed","False","True","True","False","Custom Columns","",,,,""
"In-House Certificates Register","aa8e69e0-4bf8-4ac2-a14c-6db121bc4863","Name","FileLeafRef","FileLeafRef","File","File","File","False","True","False","False","Custom Columns","",,,,""
"In-House Certificates Register","aa8e69e0-4bf8-4ac2-a14c-6db121bc4863","Unique Id","UniqueId","UniqueId","Lookup","Lookup","Lookup","False","True","True","False","Custom Columns","","","UniqueId",,""
"In-House Certificates Register","aa8e69e0-4bf8-4ac2-a14c-6db121bc4863","Document Parent Identifier","ParentUniqueId","ParentUniqueId","Lookup","Lookup","Lookup","False","True","True","False","Custom Columns","","","ParentUniqueId",,""
"In-House Certificates Register","aa8e69e0-4bf8-4ac2-a14c-6db121bc4863","Client Id","SyncClientId","SyncClientId","Lookup","Lookup","Lookup","False","True","True","False","Custom Columns","","","SyncClientId",,""
"In-House Certificates Register","aa8e69e0-4bf8-4ac2-a14c-6db121bc4863","ProgId","ProgId","ProgId","Lookup","Lookup","Lookup","False","True","True","False","Custom Columns","","","ProgId",,""
"In-House Certificates Register","aa8e69e0-4bf8-4ac2-a14c-6db121bc4863","ScopeId","ScopeId","ScopeId","Lookup","Lookup","Lookup","False","True","True","False","Custom Columns","","","ScopeId",,""
"In-House Certificates Register","aa8e69e0-4bf8-4ac2-a14c-6db121bc4863","HTML File Type","HTML_x0020_File_x0020_Type","HTML_x0020_File_x0020_Type","Computed","Computed","Computed","False","True","True","False","Custom Columns","",,,,""
"In-House Certificates Register","aa8e69e0-4bf8-4ac2-a14c-6db121bc4863","Edit Menu Table Start","_EditMenuTableStart","_EditMenuTableStart","Computed","Computed","Computed","False","True","True","False","Custom Columns","",,,,""
"In-House Certificates Register","aa8e69e0-4bf8-4ac2-a14c-6db121bc4863","Edit Menu Table Start","_EditMenuTableStart2","_EditMenuTableStart2","Computed","Computed","Computed","False","True","True","False","Custom Columns","",,,,""
"In-House Certificates Register","aa8e69e0-4bf8-4ac2-a14c-6db121bc4863","Edit Menu Table End","_EditMenuTableEnd","_EditMenuTableEnd","Computed","Computed","Computed","False","True","True","False","Custom Columns","",,,,""
"In-House Certificates Register","aa8e69e0-4bf8-4ac2-a14c-6db121bc4863","Name","LinkFilenameNoMenu","LinkFilenameNoMenu","Computed","Computed","Computed","False","True","True","False","Custom Columns","",,,,""
"In-House Certificates Register","aa8e69e0-4bf8-4ac2-a14c-6db121bc4863","Name","LinkFilename","LinkFilename","Computed","Computed","Computed","False","True","True","False","Custom Columns","",,,,""
"In-House Certificates Register","aa8e69e0-4bf8-4ac2-a14c-6db121bc4863","Name","LinkFilename2","LinkFilename2","Computed","Computed","Computed","False","True","True","False","Custom Columns","",,,,""
"In-House Certificates Register","aa8e69e0-4bf8-4ac2-a14c-6db121bc4863","Type","DocIcon","DocIcon","Computed","Computed","Computed","False","False","True","False","Custom Columns","",,,,""
"In-House Certificates Register","aa8e69e0-4bf8-4ac2-a14c-6db121bc4863","Server Relative URL","ServerUrl","ServerUrl","Computed","Computed","Computed","False","True","True","False","Custom Columns","",,,,""
"In-House Certificates Register","aa8e69e0-4bf8-4ac2-a14c-6db121bc4863","Encoded Absolute URL","EncodedAbsUrl","EncodedAbsUrl","Computed","Computed","Computed","False","True","True","False","Custom Columns","",,,,""
"In-House Certificates Register","aa8e69e0-4bf8-4ac2-a14c-6db121bc4863","File Name","BaseName","BaseName","Computed","Computed","Computed","False","True","True","False","Custom Columns","",,,,""
"In-House Certificates Register","aa8e69e0-4bf8-4ac2-a14c-6db121bc4863","Property Bag","MetaInfo","MetaInfo","Lookup","Lookup","Lookup","False","True","False","False","Custom Columns","","","MetaInfo",,""
"In-House Certificates Register","aa8e69e0-4bf8-4ac2-a14c-6db121bc4863","Level","_Level","_Level","Integer","Integer","Integer","False","True","True","False","Custom Columns","",,,,""
"In-House Certificates Register","aa8e69e0-4bf8-4ac2-a14c-6db121bc4863","Is Current Version","_IsCurrentVersion","_IsCurrentVersion","Yes/No","Boolean","Boolean","False","True","True","False","Custom Columns","",,,,""
"In-House Certificates Register","aa8e69e0-4bf8-4ac2-a14c-6db121bc4863","Item Child Count","ItemChildCount","ItemChildCount","Lookup","Lookup","Lookup","False","False","True","False","Custom Columns","","","ItemChildCount",,""
"In-House Certificates Register","aa8e69e0-4bf8-4ac2-a14c-6db121bc4863","Folder Child Count","FolderChildCount","FolderChildCount","Lookup","Lookup","Lookup","False","False","True","False","Custom Columns","","","FolderChildCount",,""
"In-House Certificates Register","aa8e69e0-4bf8-4ac2-a14c-6db121bc4863","Restricted","Restricted","Restricted","Lookup","Lookup","Lookup","False","True","True","False","Custom Columns","","","Restricted",,""
"In-House Certificates Register","aa8e69e0-4bf8-4ac2-a14c-6db121bc4863","Originator Id","OriginatorId","OriginatorId","Lookup","Lookup","Lookup","False","True","True","False","Custom Columns","","","OriginatorId",,""
"In-House Certificates Register","aa8e69e0-4bf8-4ac2-a14c-6db121bc4863","NoExecute","NoExecute","NoExecute","Lookup","Lookup","Lookup","False","True","True","False","Custom Columns","","","DocFlags",,""
"In-House Certificates Register","aa8e69e0-4bf8-4ac2-a14c-6db121bc4863","Content Version","ContentVersion","ContentVersion","Lookup","Lookup","Lookup","False","True","True","False","Custom Columns","","","ContentVersion",,""
"In-House Certificates Register","aa8e69e0-4bf8-4ac2-a14c-6db121bc4863","Label setting","_ComplianceFlags","_ComplianceFlags","Lookup","Lookup","Lookup","False","False","True","False","Custom Columns","","","ComplianceFlags",,""
"In-House Certificates Register","aa8e69e0-4bf8-4ac2-a14c-6db121bc4863","Retention label","_ComplianceTag","_ComplianceTag","Lookup","Lookup","Lookup","False","False","True","False","Custom Columns","","","ComplianceTag",,""
"In-House Certificates Register","aa8e69e0-4bf8-4ac2-a14c-6db121bc4863","Retention label Applied","_ComplianceTagWrittenTime","_ComplianceTagWrittenTime","Lookup","Lookup","Lookup","False","False","True","False","Custom Columns","","","ComplianceTagWrittenTime",,""
"In-House Certificates Register","aa8e69e0-4bf8-4ac2-a14c-6db121bc4863","Label applied by","_ComplianceTagUserId","_ComplianceTagUserId","Lookup","Lookup","Lookup","False","False","True","False","Custom Columns","","","ComplianceTagUserId",,""
"In-House Certificates Register","aa8e69e0-4bf8-4ac2-a14c-6db121bc4863","Item is a Record","_IsRecord","_IsRecord","Computed","Computed","Computed","False","False","True","False","Custom Columns","",,,,""
"In-House Certificates Register","aa8e69e0-4bf8-4ac2-a14c-6db121bc4863","Access Policy","AccessPolicy","AccessPolicy","Lookup","Lookup","Lookup","False","True","True","False","Custom Columns","","","AccessPolicy",,""
"In-House Certificates Register","aa8e69e0-4bf8-4ac2-a14c-6db121bc4863","VirusStatus","_VirusStatus","_VirusStatus","Lookup","Lookup","Lookup","False","True","True","False","Custom Columns","","","VirusStatus",,""
"In-House Certificates Register","aa8e69e0-4bf8-4ac2-a14c-6db121bc4863","VirusVendorID","_VirusVendorID","_VirusVendorID","Lookup","Lookup","Lookup","False","True","True","False","Custom Columns","","","VirusVendorID",,""
"In-House Certificates Register","aa8e69e0-4bf8-4ac2-a14c-6db121bc4863","VirusInfo","_VirusInfo","_VirusInfo","Lookup","Lookup","Lookup","False","True","True","False","Custom Columns","","","VirusInfo",,""
"In-House Certificates Register","aa8e69e0-4bf8-4ac2-a14c-6db121bc4863","RansomwareAnomalyMetaInfo","_RansomwareAnomalyMetaInfo","_RansomwareAnomalyMetaInfo","Lookup","Lookup","Lookup","False","True","True","False","Custom Columns","","","RansomwareAnomalyMetaInfo",,""
"In-House Certificates Register","aa8e69e0-4bf8-4ac2-a14c-6db121bc4863","Draft Owner Id","_DraftOwnerId","_DraftOwnerId","Lookup","Lookup","Lookup","False","True","True","False","Custom Columns","","","DraftOwnerId",,""
"In-House Certificates Register","aa8e69e0-4bf8-4ac2-a14c-6db121bc4863","Main Link settings","MainLinkSettings","MainLinkSettings","Computed","Computed","Computed","False","True","True","False","Custom Columns","",,,,""
"In-House Certificates Register","aa8e69e0-4bf8-4ac2-a14c-6db121bc4863","App Created By","AppAuthor","AppAuthor","Lookup","Lookup","Lookup","False","False","True","False","Custom Columns","","AppPrincipals","Title",,""
"In-House Certificates Register","aa8e69e0-4bf8-4ac2-a14c-6db121bc4863","App Modified By","AppEditor","AppEditor","Lookup","Lookup","Lookup","False","False","True","False","Custom Columns","","AppPrincipals","Title",,""
"In-House Certificates Register","aa8e69e0-4bf8-4ac2-a14c-6db121bc4863","Total Size","SMTotalSize","SMTotalSize","Lookup","Lookup","Lookup","False","True","True","False","Custom Columns","","","SMTotalSize",,""
"In-House Certificates Register","aa8e69e0-4bf8-4ac2-a14c-6db121bc4863","Last Modified Date","SMLastModifiedDate","SMLastModifiedDate","Lookup","Lookup","Lookup","False","True","True","False","Custom Columns","","","SMLastModifiedDate",,""
"In-House Certificates Register","aa8e69e0-4bf8-4ac2-a14c-6db121bc4863","Total File Stream Size","SMTotalFileStreamSize","SMTotalFileStreamSize","Lookup","Lookup","Lookup","False","True","True","False","Custom Columns","","","SMTotalFileStreamSize",,""
"In-House Certificates Register","aa8e69e0-4bf8-4ac2-a14c-6db121bc4863","Total File Count","SMTotalFileCount","SMTotalFileCount","Lookup","Lookup","Lookup","False","True","True","False","Custom Columns","","","SMTotalFileCount",,""
"In-House Certificates Register","aa8e69e0-4bf8-4ac2-a14c-6db121bc4863","Comment settings","_CommentFlags","_CommentFlags","Lookup","Lookup","Lookup","False","True","True","False","Custom Columns","","","CommentFlags",,""
"In-House Certificates Register","aa8e69e0-4bf8-4ac2-a14c-6db121bc4863","Comment count","_CommentCount","_CommentCount","Lookup","Lookup","Lookup","False","True","True","False","Custom Columns","","","CommentCount",,""
"NPORS Categories","663428f3-d7a8-4ec6-af6f-a22a1a7af36f","Content Type ID","ContentTypeId","ContentTypeId","Content Type Id","ContentTypeId","ContentTypeId","False","True","True","False","Custom Columns","",,,,""
"NPORS Categories","663428f3-d7a8-4ec6-af6f-a22a1a7af36f","Title","Title","Title","Single line of text","Text","Text","False","False","False","False","Custom Columns","",,,,""
"NPORS Categories","663428f3-d7a8-4ec6-af6f-a22a1a7af36f","Approver Comments","_ModerationComments","_ModerationComments","Multiple lines of text","Note","Note","False","True","True","False","Custom Columns","",,,,""
"NPORS Categories","663428f3-d7a8-4ec6-af6f-a22a1a7af36f","File Type","File_x0020_Type","File_x0020_Type","Single line of text","Text","Text","False","True","True","False","Custom Columns","",,,,""
"NPORS Categories","663428f3-d7a8-4ec6-af6f-a22a1a7af36f","Color","_ColorHex","_ColorHex","Single line of text","Text","Text","False","True","True","False","Custom Columns","",,,,""
"NPORS Categories","663428f3-d7a8-4ec6-af6f-a22a1a7af36f","Color Tag","_ColorTag","_ColorTag","Single line of text","Text","Text","False","False","True","False","Custom Columns","",,,,""
"NPORS Categories","663428f3-d7a8-4ec6-af6f-a22a1a7af36f","Emoji","_Emoji","_Emoji","Single line of text","Text","Text","False","True","True","False","Custom Columns","",,,,""
"NPORS Categories","663428f3-d7a8-4ec6-af6f-a22a1a7af36f","Compliance Asset Id","ComplianceAssetId","ComplianceAssetId","Single line of text","Text","Text","False","False","True","False","Custom Columns","",,,,""
"NPORS Categories","663428f3-d7a8-4ec6-af6f-a22a1a7af36f","Category Code","Category_x0020_Code","CategoryCode","Single line of text","Text","Text","False","False","False","False","PAVE Schema","",,,,""
"NPORS Categories","663428f3-d7a8-4ec6-af6f-a22a1a7af36f","Machine Type","Machine_x0020_Type","MachineType","Single line of text","Text","Text","False","False","False","False","PAVE Schema","",,,,""
"NPORS Categories","663428f3-d7a8-4ec6-af6f-a22a1a7af36f","Category Group","Category_x0020_Group","CategoryGroup","Choice","Choice","Choice","False","False","False","False","PAVE Schema","Lift Trucks | Accessing Equipment | Cranes / Lifting | Earthmoving Machinery | Street Works | Transportation | Small Equipment | Miscellaneous Equipment | Health & Safety Related Courses | Construction Site Safety Scheme | Other",,,,""
"NPORS Categories","663428f3-d7a8-4ec6-af6f-a22a1a7af36f","Course Duration","Course_x0020_Duration","CourseDuration","Single line of text","Text","Text","False","False","False","False","PAVE Schema","",,,,""
"NPORS Categories","663428f3-d7a8-4ec6-af6f-a22a1a7af36f","Active","Active","Active","Yes/No","Boolean","Boolean","False","False","False","False","PAVE Schema","",,,"1",""
"NPORS Categories","663428f3-d7a8-4ec6-af6f-a22a1a7af36f","Customer Visible","Customer_x0020_Visible","CustomerVisible","Yes/No","Boolean","Boolean","False","False","False","False","PAVE Schema","",,,"1",""
"NPORS Categories","663428f3-d7a8-4ec6-af6f-a22a1a7af36f","Display Order","Display_x0020_Order","DisplayOrder","Number","Number","Number","False","False","False","False","PAVE Schema","",,,,""
"NPORS Categories","663428f3-d7a8-4ec6-af6f-a22a1a7af36f","Notes","Notes","Notes","Multiple lines of text","Note","Note","False","False","False","False","PAVE Schema","",,,,""
"NPORS Categories","663428f3-d7a8-4ec6-af6f-a22a1a7af36f","Category Code","Category_x0020_Code0","CategoryCode","Single line of text","Text","Text","False","False","False","False","PAVE Schema","",,,,""
"NPORS Categories","663428f3-d7a8-4ec6-af6f-a22a1a7af36f","Machine Type","Machine_x0020_Type0","MachineType","Single line of text","Text","Text","False","False","False","False","PAVE Schema","",,,,""
"NPORS Categories","663428f3-d7a8-4ec6-af6f-a22a1a7af36f","Category Group","Category_x0020_Group0","CategoryGroup","Choice","Choice","Choice","False","False","False","False","PAVE Schema","Lift Trucks | Accessing Equipment | Cranes / Lifting | Earthmoving Machinery | Street Works | Transportation | Small Equipment | Miscellaneous Equipment | Health & Safety Related Courses | Construction Site Safety Scheme | Other",,,,""
"NPORS Categories","663428f3-d7a8-4ec6-af6f-a22a1a7af36f","Course Duration","Course_x0020_Duration0","CourseDuration","Single line of text","Text","Text","False","False","False","False","PAVE Schema","",,,,""
"NPORS Categories","663428f3-d7a8-4ec6-af6f-a22a1a7af36f","Customer Visible","Customer_x0020_Visible0","CustomerVisible","Yes/No","Boolean","Boolean","False","False","False","False","PAVE Schema","",,,"1",""
"NPORS Categories","663428f3-d7a8-4ec6-af6f-a22a1a7af36f","Display Order","Display_x0020_Order0","DisplayOrder","Number","Number","Number","False","False","False","False","PAVE Schema","",,,,""
"NPORS Categories","663428f3-d7a8-4ec6-af6f-a22a1a7af36f","Category Code","Category_x0020_Code1","CategoryCode","Single line of text","Text","Text","False","False","False","False","PAVE Schema","",,,,""
"NPORS Categories","663428f3-d7a8-4ec6-af6f-a22a1a7af36f","Machine Type","Machine_x0020_Type1","MachineType","Single line of text","Text","Text","False","False","False","False","PAVE Schema","",,,,""
"NPORS Categories","663428f3-d7a8-4ec6-af6f-a22a1a7af36f","Category Group","Category_x0020_Group1","CategoryGroup","Choice","Choice","Choice","False","False","False","False","PAVE Schema","Lift Trucks | Accessing Equipment | Cranes / Lifting | Earthmoving Machinery | Street Works | Transportation | Small Equipment | Miscellaneous Equipment | Health & Safety Related Courses | Construction Site Safety Scheme | Other",,,,""
"NPORS Categories","663428f3-d7a8-4ec6-af6f-a22a1a7af36f","Course Duration","Course_x0020_Duration1","CourseDuration","Single line of text","Text","Text","False","False","False","False","PAVE Schema","",,,,""
"NPORS Categories","663428f3-d7a8-4ec6-af6f-a22a1a7af36f","Customer Visible","Customer_x0020_Visible1","CustomerVisible","Yes/No","Boolean","Boolean","False","False","False","False","PAVE Schema","",,,"1",""
"NPORS Categories","663428f3-d7a8-4ec6-af6f-a22a1a7af36f","Display Order","Display_x0020_Order1","DisplayOrder","Number","Number","Number","False","False","False","False","PAVE Schema","",,,,""
"NPORS Categories","663428f3-d7a8-4ec6-af6f-a22a1a7af36f","Category Code","Category_x0020_Code2","CategoryCode","Single line of text","Text","Text","False","False","False","False","PAVE Schema","",,,,""
"NPORS Categories","663428f3-d7a8-4ec6-af6f-a22a1a7af36f","Machine Type","Machine_x0020_Type2","MachineType","Single line of text","Text","Text","False","False","False","False","PAVE Schema","",,,,""
"NPORS Categories","663428f3-d7a8-4ec6-af6f-a22a1a7af36f","Category Group","Category_x0020_Group2","CategoryGroup","Choice","Choice","Choice","False","False","False","False","PAVE Schema","Lift Trucks | Accessing Equipment | Cranes / Lifting | Earthmoving Machinery | Street Works | Transportation | Small Equipment | Miscellaneous Equipment | Health & Safety Related Courses | Construction Site Safety Scheme | Other",,,,""
"NPORS Categories","663428f3-d7a8-4ec6-af6f-a22a1a7af36f","Course Duration","Course_x0020_Duration2","CourseDuration","Single line of text","Text","Text","False","False","False","False","PAVE Schema","",,,,""
"NPORS Categories","663428f3-d7a8-4ec6-af6f-a22a1a7af36f","Customer Visible","Customer_x0020_Visible2","CustomerVisible","Yes/No","Boolean","Boolean","False","False","False","False","PAVE Schema","",,,"1",""
"NPORS Categories","663428f3-d7a8-4ec6-af6f-a22a1a7af36f","Display Order","Display_x0020_Order2","DisplayOrder","Number","Number","Number","False","False","False","False","PAVE Schema","",,,,""
"NPORS Categories","663428f3-d7a8-4ec6-af6f-a22a1a7af36f","ID","ID","ID","Counter","Counter","Counter","False","False","True","False","Custom Columns","",,,,""
"NPORS Categories","663428f3-d7a8-4ec6-af6f-a22a1a7af36f","Content Type","ContentType","ContentType","Computed","Computed","Computed","False","False","False","False","_Hidden","",,,,""
"NPORS Categories","663428f3-d7a8-4ec6-af6f-a22a1a7af36f","Modified","Modified","Modified","Date and Time","DateTime","DateTime","False","False","True","False","Custom Columns","",,,,""
"NPORS Categories","663428f3-d7a8-4ec6-af6f-a22a1a7af36f","Created","Created","Created","Date and Time","DateTime","DateTime","False","False","True","False","Custom Columns","",,,,""
"NPORS Categories","663428f3-d7a8-4ec6-af6f-a22a1a7af36f","Created By","Author","Author","Person or Group","User","User","False","False","True","False","Custom Columns","","{05970f80-1382-466a-ab40-156b3e727c70}","",,""
"NPORS Categories","663428f3-d7a8-4ec6-af6f-a22a1a7af36f","Modified By","Editor","Editor","Person or Group","User","User","False","False","True","False","Custom Columns","","{05970f80-1382-466a-ab40-156b3e727c70}","",,""
"NPORS Categories","663428f3-d7a8-4ec6-af6f-a22a1a7af36f","Has Copy Destinations","_HasCopyDestinations","_HasCopyDestinations","Yes/No","Boolean","Boolean","False","True","True","False","Custom Columns","",,,,""
"NPORS Categories","663428f3-d7a8-4ec6-af6f-a22a1a7af36f","Copy Source","_CopySource","_CopySource","Single line of text","Text","Text","False","True","True","False","Custom Columns","",,,,""
"NPORS Categories","663428f3-d7a8-4ec6-af6f-a22a1a7af36f","owshiddenversion","owshiddenversion","owshiddenversion","Integer","Integer","Integer","False","True","True","False","Custom Columns","",,,,""
"NPORS Categories","663428f3-d7a8-4ec6-af6f-a22a1a7af36f","Workflow Version","WorkflowVersion","WorkflowVersion","Integer","Integer","Integer","False","True","True","False","Custom Columns","",,,,""
"NPORS Categories","663428f3-d7a8-4ec6-af6f-a22a1a7af36f","UI Version","_UIVersion","_UIVersion","Integer","Integer","Integer","False","True","True","False","Custom Columns","",,,,""
"NPORS Categories","663428f3-d7a8-4ec6-af6f-a22a1a7af36f","Version","_UIVersionString","_UIVersionString","Single line of text","Text","Text","False","False","True","False","Custom Columns","",,,,""
"NPORS Categories","663428f3-d7a8-4ec6-af6f-a22a1a7af36f","Attachments","Attachments","Attachments","Attachments","Attachments","Attachments","False","False","False","False","Custom Columns","",,,,""
"NPORS Categories","663428f3-d7a8-4ec6-af6f-a22a1a7af36f","Approval Status","_ModerationStatus","_ModerationStatus","Moderation Status","ModStat","ModStat","False","True","True","False","Custom Columns","0;#Approved | 1;#Rejected | 2;#Pending | 3;#Draft | 4;#Scheduled",,,"0",""
"NPORS Categories","663428f3-d7a8-4ec6-af6f-a22a1a7af36f","Edit","Edit","Edit","Computed","Computed","Computed","False","False","True","False","Custom Columns","",,,,""
"NPORS Categories","663428f3-d7a8-4ec6-af6f-a22a1a7af36f","Title","LinkTitleNoMenu","LinkTitleNoMenu","Computed","Computed","Computed","False","False","True","False","Custom Columns","",,,,""
"NPORS Categories","663428f3-d7a8-4ec6-af6f-a22a1a7af36f","Title","LinkTitle","LinkTitle","Computed","Computed","Computed","False","False","True","False","Custom Columns","",,,,""
"NPORS Categories","663428f3-d7a8-4ec6-af6f-a22a1a7af36f","Title","LinkTitle2","LinkTitle2","Computed","Computed","Computed","False","True","True","False","Custom Columns","",,,,""
"NPORS Categories","663428f3-d7a8-4ec6-af6f-a22a1a7af36f","Select","SelectTitle","SelectTitle","Computed","Computed","Computed","False","True","True","False","Custom Columns","",,,,""
"NPORS Categories","663428f3-d7a8-4ec6-af6f-a22a1a7af36f","Instance ID","InstanceID","InstanceID","Integer","Integer","Integer","False","True","True","False","Custom Columns","",,,,""
"NPORS Categories","663428f3-d7a8-4ec6-af6f-a22a1a7af36f","Order","Order","Order","Number","Number","Number","False","True","False","False","Custom Columns","",,,,""
"NPORS Categories","663428f3-d7a8-4ec6-af6f-a22a1a7af36f","GUID","GUID","GUID","Guid","Guid","Guid","False","True","True","False","Custom Columns","",,,,""
"NPORS Categories","663428f3-d7a8-4ec6-af6f-a22a1a7af36f","Workflow Instance ID","WorkflowInstanceID","WorkflowInstanceID","Guid","Guid","Guid","False","True","True","False","Custom Columns","",,,,""
"NPORS Categories","663428f3-d7a8-4ec6-af6f-a22a1a7af36f","URL Path","FileRef","FileRef","Lookup","Lookup","Lookup","False","True","True","False","Custom Columns","","","FullUrl",,""
"NPORS Categories","663428f3-d7a8-4ec6-af6f-a22a1a7af36f","Path","FileDirRef","FileDirRef","Lookup","Lookup","Lookup","False","True","True","False","Custom Columns","","","DirName",,""
"NPORS Categories","663428f3-d7a8-4ec6-af6f-a22a1a7af36f","Modified","Last_x0020_Modified","Last_x0020_Modified","Lookup","Lookup","Lookup","False","True","True","False","Custom Columns","","","TimeLastModified",,""
"NPORS Categories","663428f3-d7a8-4ec6-af6f-a22a1a7af36f","Created","Created_x0020_Date","Created_x0020_Date","Lookup","Lookup","Lookup","False","True","True","False","Custom Columns","","","TimeCreated",,""
"NPORS Categories","663428f3-d7a8-4ec6-af6f-a22a1a7af36f","Item Type","FSObjType","FSObjType","Lookup","Lookup","Lookup","False","True","True","False","Custom Columns","","","FSType",,""
"NPORS Categories","663428f3-d7a8-4ec6-af6f-a22a1a7af36f","Sort Type","SortBehavior","SortBehavior","Lookup","Lookup","Lookup","False","True","True","False","Custom Columns","","","SortBehavior",,""
"NPORS Categories","663428f3-d7a8-4ec6-af6f-a22a1a7af36f","Effective Permissions Mask","PermMask","PermMask","Computed","Computed","Computed","False","True","True","False","Custom Columns","",,,,""
"NPORS Categories","663428f3-d7a8-4ec6-af6f-a22a1a7af36f","Principal Count","PrincipalCount","PrincipalCount","Computed","Computed","Computed","False","True","True","False","Custom Columns","",,,,""
"NPORS Categories","663428f3-d7a8-4ec6-af6f-a22a1a7af36f","Name","FileLeafRef","FileLeafRef","File","File","File","False","True","False","False","Custom Columns","",,,,""
"NPORS Categories","663428f3-d7a8-4ec6-af6f-a22a1a7af36f","Unique Id","UniqueId","UniqueId","Lookup","Lookup","Lookup","False","True","True","False","Custom Columns","","","UniqueId",,""
"NPORS Categories","663428f3-d7a8-4ec6-af6f-a22a1a7af36f","Document Parent Identifier","ParentUniqueId","ParentUniqueId","Lookup","Lookup","Lookup","False","True","True","False","Custom Columns","","","ParentUniqueId",,""
"NPORS Categories","663428f3-d7a8-4ec6-af6f-a22a1a7af36f","Client Id","SyncClientId","SyncClientId","Lookup","Lookup","Lookup","False","True","True","False","Custom Columns","","","SyncClientId",,""
"NPORS Categories","663428f3-d7a8-4ec6-af6f-a22a1a7af36f","ProgId","ProgId","ProgId","Lookup","Lookup","Lookup","False","True","True","False","Custom Columns","","","ProgId",,""
"NPORS Categories","663428f3-d7a8-4ec6-af6f-a22a1a7af36f","ScopeId","ScopeId","ScopeId","Lookup","Lookup","Lookup","False","True","True","False","Custom Columns","","","ScopeId",,""
"NPORS Categories","663428f3-d7a8-4ec6-af6f-a22a1a7af36f","HTML File Type","HTML_x0020_File_x0020_Type","HTML_x0020_File_x0020_Type","Computed","Computed","Computed","False","True","True","False","Custom Columns","",,,,""
"NPORS Categories","663428f3-d7a8-4ec6-af6f-a22a1a7af36f","Edit Menu Table Start","_EditMenuTableStart","_EditMenuTableStart","Computed","Computed","Computed","False","True","True","False","Custom Columns","",,,,""
"NPORS Categories","663428f3-d7a8-4ec6-af6f-a22a1a7af36f","Edit Menu Table Start","_EditMenuTableStart2","_EditMenuTableStart2","Computed","Computed","Computed","False","True","True","False","Custom Columns","",,,,""
"NPORS Categories","663428f3-d7a8-4ec6-af6f-a22a1a7af36f","Edit Menu Table End","_EditMenuTableEnd","_EditMenuTableEnd","Computed","Computed","Computed","False","True","True","False","Custom Columns","",,,,""
"NPORS Categories","663428f3-d7a8-4ec6-af6f-a22a1a7af36f","Name","LinkFilenameNoMenu","LinkFilenameNoMenu","Computed","Computed","Computed","False","True","True","False","Custom Columns","",,,,""
"NPORS Categories","663428f3-d7a8-4ec6-af6f-a22a1a7af36f","Name","LinkFilename","LinkFilename","Computed","Computed","Computed","False","True","True","False","Custom Columns","",,,,""
"NPORS Categories","663428f3-d7a8-4ec6-af6f-a22a1a7af36f","Name","LinkFilename2","LinkFilename2","Computed","Computed","Computed","False","True","True","False","Custom Columns","",,,,""
"NPORS Categories","663428f3-d7a8-4ec6-af6f-a22a1a7af36f","Type","DocIcon","DocIcon","Computed","Computed","Computed","False","False","True","False","Custom Columns","",,,,""
"NPORS Categories","663428f3-d7a8-4ec6-af6f-a22a1a7af36f","Server Relative URL","ServerUrl","ServerUrl","Computed","Computed","Computed","False","True","True","False","Custom Columns","",,,,""
"NPORS Categories","663428f3-d7a8-4ec6-af6f-a22a1a7af36f","Encoded Absolute URL","EncodedAbsUrl","EncodedAbsUrl","Computed","Computed","Computed","False","True","True","False","Custom Columns","",,,,""
"NPORS Categories","663428f3-d7a8-4ec6-af6f-a22a1a7af36f","File Name","BaseName","BaseName","Computed","Computed","Computed","False","True","True","False","Custom Columns","",,,,""
"NPORS Categories","663428f3-d7a8-4ec6-af6f-a22a1a7af36f","Property Bag","MetaInfo","MetaInfo","Lookup","Lookup","Lookup","False","True","False","False","Custom Columns","","","MetaInfo",,""
"NPORS Categories","663428f3-d7a8-4ec6-af6f-a22a1a7af36f","Level","_Level","_Level","Integer","Integer","Integer","False","True","True","False","Custom Columns","",,,,""
"NPORS Categories","663428f3-d7a8-4ec6-af6f-a22a1a7af36f","Is Current Version","_IsCurrentVersion","_IsCurrentVersion","Yes/No","Boolean","Boolean","False","True","True","False","Custom Columns","",,,,""
"NPORS Categories","663428f3-d7a8-4ec6-af6f-a22a1a7af36f","Item Child Count","ItemChildCount","ItemChildCount","Lookup","Lookup","Lookup","False","False","True","False","Custom Columns","","","ItemChildCount",,""
"NPORS Categories","663428f3-d7a8-4ec6-af6f-a22a1a7af36f","Folder Child Count","FolderChildCount","FolderChildCount","Lookup","Lookup","Lookup","False","False","True","False","Custom Columns","","","FolderChildCount",,""
"NPORS Categories","663428f3-d7a8-4ec6-af6f-a22a1a7af36f","Restricted","Restricted","Restricted","Lookup","Lookup","Lookup","False","True","True","False","Custom Columns","","","Restricted",,""
"NPORS Categories","663428f3-d7a8-4ec6-af6f-a22a1a7af36f","Originator Id","OriginatorId","OriginatorId","Lookup","Lookup","Lookup","False","True","True","False","Custom Columns","","","OriginatorId",,""
"NPORS Categories","663428f3-d7a8-4ec6-af6f-a22a1a7af36f","NoExecute","NoExecute","NoExecute","Lookup","Lookup","Lookup","False","True","True","False","Custom Columns","","","DocFlags",,""
"NPORS Categories","663428f3-d7a8-4ec6-af6f-a22a1a7af36f","Content Version","ContentVersion","ContentVersion","Lookup","Lookup","Lookup","False","True","True","False","Custom Columns","","","ContentVersion",,""
"NPORS Categories","663428f3-d7a8-4ec6-af6f-a22a1a7af36f","Label setting","_ComplianceFlags","_ComplianceFlags","Lookup","Lookup","Lookup","False","False","True","False","Custom Columns","","","ComplianceFlags",,""
"NPORS Categories","663428f3-d7a8-4ec6-af6f-a22a1a7af36f","Retention label","_ComplianceTag","_ComplianceTag","Lookup","Lookup","Lookup","False","False","True","False","Custom Columns","","","ComplianceTag",,""
"NPORS Categories","663428f3-d7a8-4ec6-af6f-a22a1a7af36f","Retention label Applied","_ComplianceTagWrittenTime","_ComplianceTagWrittenTime","Lookup","Lookup","Lookup","False","False","True","False","Custom Columns","","","ComplianceTagWrittenTime",,""
"NPORS Categories","663428f3-d7a8-4ec6-af6f-a22a1a7af36f","Label applied by","_ComplianceTagUserId","_ComplianceTagUserId","Lookup","Lookup","Lookup","False","False","True","False","Custom Columns","","","ComplianceTagUserId",,""
"NPORS Categories","663428f3-d7a8-4ec6-af6f-a22a1a7af36f","Item is a Record","_IsRecord","_IsRecord","Computed","Computed","Computed","False","False","True","False","Custom Columns","",,,,""
"NPORS Categories","663428f3-d7a8-4ec6-af6f-a22a1a7af36f","Access Policy","AccessPolicy","AccessPolicy","Lookup","Lookup","Lookup","False","True","True","False","Custom Columns","","","AccessPolicy",,""
"NPORS Categories","663428f3-d7a8-4ec6-af6f-a22a1a7af36f","VirusStatus","_VirusStatus","_VirusStatus","Lookup","Lookup","Lookup","False","True","True","False","Custom Columns","","","VirusStatus",,""
"NPORS Categories","663428f3-d7a8-4ec6-af6f-a22a1a7af36f","VirusVendorID","_VirusVendorID","_VirusVendorID","Lookup","Lookup","Lookup","False","True","True","False","Custom Columns","","","VirusVendorID",,""
"NPORS Categories","663428f3-d7a8-4ec6-af6f-a22a1a7af36f","VirusInfo","_VirusInfo","_VirusInfo","Lookup","Lookup","Lookup","False","True","True","False","Custom Columns","","","VirusInfo",,""
"NPORS Categories","663428f3-d7a8-4ec6-af6f-a22a1a7af36f","RansomwareAnomalyMetaInfo","_RansomwareAnomalyMetaInfo","_RansomwareAnomalyMetaInfo","Lookup","Lookup","Lookup","False","True","True","False","Custom Columns","","","RansomwareAnomalyMetaInfo",,""
"NPORS Categories","663428f3-d7a8-4ec6-af6f-a22a1a7af36f","Draft Owner Id","_DraftOwnerId","_DraftOwnerId","Lookup","Lookup","Lookup","False","True","True","False","Custom Columns","","","DraftOwnerId",,""
"NPORS Categories","663428f3-d7a8-4ec6-af6f-a22a1a7af36f","Main Link settings","MainLinkSettings","MainLinkSettings","Computed","Computed","Computed","False","True","True","False","Custom Columns","",,,,""
"NPORS Categories","663428f3-d7a8-4ec6-af6f-a22a1a7af36f","App Created By","AppAuthor","AppAuthor","Lookup","Lookup","Lookup","False","False","True","False","Custom Columns","","AppPrincipals","Title",,""
"NPORS Categories","663428f3-d7a8-4ec6-af6f-a22a1a7af36f","App Modified By","AppEditor","AppEditor","Lookup","Lookup","Lookup","False","False","True","False","Custom Columns","","AppPrincipals","Title",,""
"NPORS Categories","663428f3-d7a8-4ec6-af6f-a22a1a7af36f","Total Size","SMTotalSize","SMTotalSize","Lookup","Lookup","Lookup","False","True","True","False","Custom Columns","","","SMTotalSize",,""
"NPORS Categories","663428f3-d7a8-4ec6-af6f-a22a1a7af36f","Last Modified Date","SMLastModifiedDate","SMLastModifiedDate","Lookup","Lookup","Lookup","False","True","True","False","Custom Columns","","","SMLastModifiedDate",,""
"NPORS Categories","663428f3-d7a8-4ec6-af6f-a22a1a7af36f","Total File Stream Size","SMTotalFileStreamSize","SMTotalFileStreamSize","Lookup","Lookup","Lookup","False","True","True","False","Custom Columns","","","SMTotalFileStreamSize",,""
"NPORS Categories","663428f3-d7a8-4ec6-af6f-a22a1a7af36f","Total File Count","SMTotalFileCount","SMTotalFileCount","Lookup","Lookup","Lookup","False","True","True","False","Custom Columns","","","SMTotalFileCount",,""
"NPORS Categories","663428f3-d7a8-4ec6-af6f-a22a1a7af36f","Comment settings","_CommentFlags","_CommentFlags","Lookup","Lookup","Lookup","False","True","True","False","Custom Columns","","","CommentFlags",,""
"NPORS Categories","663428f3-d7a8-4ec6-af6f-a22a1a7af36f","Comment count","_CommentCount","_CommentCount","Lookup","Lookup","Lookup","False","True","True","False","Custom Columns","","","CommentCount",,""
"NPORS Register","a0c8ef27-dac2-4a07-92ea-af140c9ca5d6","Content Type ID","ContentTypeId","ContentTypeId","Content Type Id","ContentTypeId","ContentTypeId","False","True","True","False","Custom Columns","",,,,""
"NPORS Register","a0c8ef27-dac2-4a07-92ea-af140c9ca5d6","Title","Title","Title","Single line of text","Text","Text","False","False","False","False","Custom Columns","",,,,""
"NPORS Register","a0c8ef27-dac2-4a07-92ea-af140c9ca5d6","Approver Comments","_ModerationComments","_ModerationComments","Multiple lines of text","Note","Note","False","True","True","False","Custom Columns","",,,,""
"NPORS Register","a0c8ef27-dac2-4a07-92ea-af140c9ca5d6","File Type","File_x0020_Type","File_x0020_Type","Single line of text","Text","Text","False","True","True","False","Custom Columns","",,,,""
"NPORS Register","a0c8ef27-dac2-4a07-92ea-af140c9ca5d6","Color","_ColorHex","_ColorHex","Single line of text","Text","Text","False","True","True","False","Custom Columns","",,,,""
"NPORS Register","a0c8ef27-dac2-4a07-92ea-af140c9ca5d6","Color Tag","_ColorTag","_ColorTag","Single line of text","Text","Text","False","False","True","False","Custom Columns","",,,,""
"NPORS Register","a0c8ef27-dac2-4a07-92ea-af140c9ca5d6","Emoji","_Emoji","_Emoji","Single line of text","Text","Text","False","True","True","False","Custom Columns","",,,,""
"NPORS Register","a0c8ef27-dac2-4a07-92ea-af140c9ca5d6","Compliance Asset Id","ComplianceAssetId","ComplianceAssetId","Single line of text","Text","Text","False","False","True","False","Custom Columns","",,,,""
"NPORS Register","a0c8ef27-dac2-4a07-92ea-af140c9ca5d6","Candidate Name","CandidateName","CandidateName","Lookup","Lookup","Lookup","True","False","False","True","Custom Columns","","dd110a2d-a447-4b0e-aec7-c3ff9980bfc9","CandidateName",,""
"NPORS Register","a0c8ef27-dac2-4a07-92ea-af140c9ca5d6","Company Name","CompanyName","CompanyName","Lookup","Lookup","Lookup","False","False","False","True","Custom Columns","","6079c6aa-d657-42a8-9a7b-9c8e074386b4","CompanyName",,""
"NPORS Register","a0c8ef27-dac2-4a07-92ea-af140c9ca5d6","Training Date","TrainingDate","TrainingDate","Date and Time","DateTime","DateTime","False","False","False","False","Custom Columns","",,,,""
"NPORS Register","a0c8ef27-dac2-4a07-92ea-af140c9ca5d6","Training Address","TrainingAddress","TrainingAddress","Multiple lines of text","Note","Note","False","False","False","False","Custom Columns","",,,,""
"NPORS Register","a0c8ef27-dac2-4a07-92ea-af140c9ca5d6","On/Number","On_x002f_Number","On_x002f_Number","Single line of text","Text","Text","False","False","False","False","Custom Columns","",,,,""
"NPORS Register","a0c8ef27-dac2-4a07-92ea-af140c9ca5d6","Novice or EWT","NoviceorEwt","NoviceorEwt","Choice","Choice","Choice","False","False","False","False","Custom Columns","Ewt | Novice",,,,""
"NPORS Register","a0c8ef27-dac2-4a07-92ea-af140c9ca5d6","Expiry","Expiry","Expiry","Date and Time","DateTime","DateTime","False","False","False","False","Custom Columns","",,,,""
"NPORS Register","a0c8ef27-dac2-4a07-92ea-af140c9ca5d6","Tester","TESTER","TESTER","Single line of text","Text","Text","False","False","False","False","Custom Columns","",,,,""
"NPORS Register","a0c8ef27-dac2-4a07-92ea-af140c9ca5d6","Date PW Uploaded","DatePwuploaded","DatePwuploaded","Date and Time","DateTime","DateTime","False","False","False","False","Custom Columns","",,,,""
"NPORS Register","a0c8ef27-dac2-4a07-92ea-af140c9ca5d6","Cards Posted Date / Address","Cardsposteddate_x002f_address","Cardsposteddate_x002f_address","Multiple lines of text","Note","Note","False","False","False","False","Custom Columns","",,,,""
"NPORS Register","a0c8ef27-dac2-4a07-92ea-af140c9ca5d6"," NI Number","Candidate_x0020_Name_x003a__x002","Candidate_x0020_Name_x003a__x002","Lookup","Lookup","Lookup","False","False","True","False","Custom Columns","","dd110a2d-a447-4b0e-aec7-c3ff9980bfc9","NiNumber",,""
"NPORS Register","a0c8ef27-dac2-4a07-92ea-af140c9ca5d6","NPORS Number","Candidate_x0020_Name_x003a__x0020","Candidate_x0020_Name_x003a__x0020","Lookup","Lookup","Lookup","True","False","True","False","Custom Columns","","dd110a2d-a447-4b0e-aec7-c3ff9980bfc9","NPORSNumbers",,""
"NPORS Register","a0c8ef27-dac2-4a07-92ea-af140c9ca5d6","NPORS Category","NPORSCategory","NPORSCategory","Choice","MultiChoice","MultiChoice","False","False","False","False","Custom Columns","N001 | N003 | N004 | N010 | N020 | N020 | N027 | Choice 8",,,,""
"NPORS Register","a0c8ef27-dac2-4a07-92ea-af140c9ca5d6","Notes","Notes","Notes","Multiple lines of text","Note","Note","False","False","False","False","Custom Columns","",,,,""
"NPORS Register","a0c8ef27-dac2-4a07-92ea-af140c9ca5d6","ID","ID","ID","Counter","Counter","Counter","False","False","True","False","Custom Columns","",,,,""
"NPORS Register","a0c8ef27-dac2-4a07-92ea-af140c9ca5d6","Content Type","ContentType","ContentType","Computed","Computed","Computed","False","False","False","False","_Hidden","",,,,""
"NPORS Register","a0c8ef27-dac2-4a07-92ea-af140c9ca5d6","Modified","Modified","Modified","Date and Time","DateTime","DateTime","False","False","True","False","Custom Columns","",,,,""
"NPORS Register","a0c8ef27-dac2-4a07-92ea-af140c9ca5d6","Created","Created","Created","Date and Time","DateTime","DateTime","False","False","True","False","Custom Columns","",,,,""
"NPORS Register","a0c8ef27-dac2-4a07-92ea-af140c9ca5d6","Created By","Author","Author","Person or Group","User","User","False","False","True","False","Custom Columns","","{05970f80-1382-466a-ab40-156b3e727c70}","",,""
"NPORS Register","a0c8ef27-dac2-4a07-92ea-af140c9ca5d6","Modified By","Editor","Editor","Person or Group","User","User","False","False","True","False","Custom Columns","","{05970f80-1382-466a-ab40-156b3e727c70}","",,""
"NPORS Register","a0c8ef27-dac2-4a07-92ea-af140c9ca5d6","Has Copy Destinations","_HasCopyDestinations","_HasCopyDestinations","Yes/No","Boolean","Boolean","False","True","True","False","Custom Columns","",,,,""
"NPORS Register","a0c8ef27-dac2-4a07-92ea-af140c9ca5d6","Copy Source","_CopySource","_CopySource","Single line of text","Text","Text","False","True","True","False","Custom Columns","",,,,""
"NPORS Register","a0c8ef27-dac2-4a07-92ea-af140c9ca5d6","owshiddenversion","owshiddenversion","owshiddenversion","Integer","Integer","Integer","False","True","True","False","Custom Columns","",,,,""
"NPORS Register","a0c8ef27-dac2-4a07-92ea-af140c9ca5d6","Workflow Version","WorkflowVersion","WorkflowVersion","Integer","Integer","Integer","False","True","True","False","Custom Columns","",,,,""
"NPORS Register","a0c8ef27-dac2-4a07-92ea-af140c9ca5d6","UI Version","_UIVersion","_UIVersion","Integer","Integer","Integer","False","True","True","False","Custom Columns","",,,,""
"NPORS Register","a0c8ef27-dac2-4a07-92ea-af140c9ca5d6","Version","_UIVersionString","_UIVersionString","Single line of text","Text","Text","False","False","True","False","Custom Columns","",,,,""
"NPORS Register","a0c8ef27-dac2-4a07-92ea-af140c9ca5d6","Attachments","Attachments","Attachments","Attachments","Attachments","Attachments","False","False","False","False","Custom Columns","",,,,""
"NPORS Register","a0c8ef27-dac2-4a07-92ea-af140c9ca5d6","Approval Status","_ModerationStatus","_ModerationStatus","Moderation Status","ModStat","ModStat","False","True","True","False","Custom Columns","0;#Approved | 1;#Rejected | 2;#Pending | 3;#Draft | 4;#Scheduled",,,"0",""
"NPORS Register","a0c8ef27-dac2-4a07-92ea-af140c9ca5d6","Edit","Edit","Edit","Computed","Computed","Computed","False","False","True","False","Custom Columns","",,,,""
"NPORS Register","a0c8ef27-dac2-4a07-92ea-af140c9ca5d6","Title","LinkTitleNoMenu","LinkTitleNoMenu","Computed","Computed","Computed","False","False","True","False","Custom Columns","",,,,""
"NPORS Register","a0c8ef27-dac2-4a07-92ea-af140c9ca5d6","Title","LinkTitle","LinkTitle","Computed","Computed","Computed","False","False","True","False","Custom Columns","",,,,""
"NPORS Register","a0c8ef27-dac2-4a07-92ea-af140c9ca5d6","Title","LinkTitle2","LinkTitle2","Computed","Computed","Computed","False","True","True","False","Custom Columns","",,,,""
"NPORS Register","a0c8ef27-dac2-4a07-92ea-af140c9ca5d6","Select","SelectTitle","SelectTitle","Computed","Computed","Computed","False","True","True","False","Custom Columns","",,,,""
"NPORS Register","a0c8ef27-dac2-4a07-92ea-af140c9ca5d6","Instance ID","InstanceID","InstanceID","Integer","Integer","Integer","False","True","True","False","Custom Columns","",,,,""
"NPORS Register","a0c8ef27-dac2-4a07-92ea-af140c9ca5d6","Order","Order","Order","Number","Number","Number","False","True","False","False","Custom Columns","",,,,""
"NPORS Register","a0c8ef27-dac2-4a07-92ea-af140c9ca5d6","GUID","GUID","GUID","Guid","Guid","Guid","False","True","True","False","Custom Columns","",,,,""
"NPORS Register","a0c8ef27-dac2-4a07-92ea-af140c9ca5d6","Workflow Instance ID","WorkflowInstanceID","WorkflowInstanceID","Guid","Guid","Guid","False","True","True","False","Custom Columns","",,,,""
"NPORS Register","a0c8ef27-dac2-4a07-92ea-af140c9ca5d6","URL Path","FileRef","FileRef","Lookup","Lookup","Lookup","False","True","True","False","Custom Columns","","","FullUrl",,""
"NPORS Register","a0c8ef27-dac2-4a07-92ea-af140c9ca5d6","Path","FileDirRef","FileDirRef","Lookup","Lookup","Lookup","False","True","True","False","Custom Columns","","","DirName",,""
"NPORS Register","a0c8ef27-dac2-4a07-92ea-af140c9ca5d6","Modified","Last_x0020_Modified","Last_x0020_Modified","Lookup","Lookup","Lookup","False","True","True","False","Custom Columns","","","TimeLastModified",,""
"NPORS Register","a0c8ef27-dac2-4a07-92ea-af140c9ca5d6","Created","Created_x0020_Date","Created_x0020_Date","Lookup","Lookup","Lookup","False","True","True","False","Custom Columns","","","TimeCreated",,""
"NPORS Register","a0c8ef27-dac2-4a07-92ea-af140c9ca5d6","Item Type","FSObjType","FSObjType","Lookup","Lookup","Lookup","False","True","True","False","Custom Columns","","","FSType",,""
"NPORS Register","a0c8ef27-dac2-4a07-92ea-af140c9ca5d6","Sort Type","SortBehavior","SortBehavior","Lookup","Lookup","Lookup","False","True","True","False","Custom Columns","","","SortBehavior",,""
"NPORS Register","a0c8ef27-dac2-4a07-92ea-af140c9ca5d6","Effective Permissions Mask","PermMask","PermMask","Computed","Computed","Computed","False","True","True","False","Custom Columns","",,,,""
"NPORS Register","a0c8ef27-dac2-4a07-92ea-af140c9ca5d6","Principal Count","PrincipalCount","PrincipalCount","Computed","Computed","Computed","False","True","True","False","Custom Columns","",,,,""
"NPORS Register","a0c8ef27-dac2-4a07-92ea-af140c9ca5d6","Name","FileLeafRef","FileLeafRef","File","File","File","False","True","False","False","Custom Columns","",,,,""
"NPORS Register","a0c8ef27-dac2-4a07-92ea-af140c9ca5d6","Unique Id","UniqueId","UniqueId","Lookup","Lookup","Lookup","False","True","True","False","Custom Columns","","","UniqueId",,""
"NPORS Register","a0c8ef27-dac2-4a07-92ea-af140c9ca5d6","Document Parent Identifier","ParentUniqueId","ParentUniqueId","Lookup","Lookup","Lookup","False","True","True","False","Custom Columns","","","ParentUniqueId",,""
"NPORS Register","a0c8ef27-dac2-4a07-92ea-af140c9ca5d6","Client Id","SyncClientId","SyncClientId","Lookup","Lookup","Lookup","False","True","True","False","Custom Columns","","","SyncClientId",,""
"NPORS Register","a0c8ef27-dac2-4a07-92ea-af140c9ca5d6","ProgId","ProgId","ProgId","Lookup","Lookup","Lookup","False","True","True","False","Custom Columns","","","ProgId",,""
"NPORS Register","a0c8ef27-dac2-4a07-92ea-af140c9ca5d6","ScopeId","ScopeId","ScopeId","Lookup","Lookup","Lookup","False","True","True","False","Custom Columns","","","ScopeId",,""
"NPORS Register","a0c8ef27-dac2-4a07-92ea-af140c9ca5d6","HTML File Type","HTML_x0020_File_x0020_Type","HTML_x0020_File_x0020_Type","Computed","Computed","Computed","False","True","True","False","Custom Columns","",,,,""
"NPORS Register","a0c8ef27-dac2-4a07-92ea-af140c9ca5d6","Edit Menu Table Start","_EditMenuTableStart","_EditMenuTableStart","Computed","Computed","Computed","False","True","True","False","Custom Columns","",,,,""
"NPORS Register","a0c8ef27-dac2-4a07-92ea-af140c9ca5d6","Edit Menu Table Start","_EditMenuTableStart2","_EditMenuTableStart2","Computed","Computed","Computed","False","True","True","False","Custom Columns","",,,,""
"NPORS Register","a0c8ef27-dac2-4a07-92ea-af140c9ca5d6","Edit Menu Table End","_EditMenuTableEnd","_EditMenuTableEnd","Computed","Computed","Computed","False","True","True","False","Custom Columns","",,,,""
"NPORS Register","a0c8ef27-dac2-4a07-92ea-af140c9ca5d6","Name","LinkFilenameNoMenu","LinkFilenameNoMenu","Computed","Computed","Computed","False","True","True","False","Custom Columns","",,,,""
"NPORS Register","a0c8ef27-dac2-4a07-92ea-af140c9ca5d6","Name","LinkFilename","LinkFilename","Computed","Computed","Computed","False","True","True","False","Custom Columns","",,,,""
"NPORS Register","a0c8ef27-dac2-4a07-92ea-af140c9ca5d6","Name","LinkFilename2","LinkFilename2","Computed","Computed","Computed","False","True","True","False","Custom Columns","",,,,""
"NPORS Register","a0c8ef27-dac2-4a07-92ea-af140c9ca5d6","Type","DocIcon","DocIcon","Computed","Computed","Computed","False","False","True","False","Custom Columns","",,,,""
"NPORS Register","a0c8ef27-dac2-4a07-92ea-af140c9ca5d6","Server Relative URL","ServerUrl","ServerUrl","Computed","Computed","Computed","False","True","True","False","Custom Columns","",,,,""
"NPORS Register","a0c8ef27-dac2-4a07-92ea-af140c9ca5d6","Encoded Absolute URL","EncodedAbsUrl","EncodedAbsUrl","Computed","Computed","Computed","False","True","True","False","Custom Columns","",,,,""
"NPORS Register","a0c8ef27-dac2-4a07-92ea-af140c9ca5d6","File Name","BaseName","BaseName","Computed","Computed","Computed","False","True","True","False","Custom Columns","",,,,""
"NPORS Register","a0c8ef27-dac2-4a07-92ea-af140c9ca5d6","Property Bag","MetaInfo","MetaInfo","Lookup","Lookup","Lookup","False","True","False","False","Custom Columns","","","MetaInfo",,""
"NPORS Register","a0c8ef27-dac2-4a07-92ea-af140c9ca5d6","Level","_Level","_Level","Integer","Integer","Integer","False","True","True","False","Custom Columns","",,,,""
"NPORS Register","a0c8ef27-dac2-4a07-92ea-af140c9ca5d6","Is Current Version","_IsCurrentVersion","_IsCurrentVersion","Yes/No","Boolean","Boolean","False","True","True","False","Custom Columns","",,,,""
"NPORS Register","a0c8ef27-dac2-4a07-92ea-af140c9ca5d6","Item Child Count","ItemChildCount","ItemChildCount","Lookup","Lookup","Lookup","False","False","True","False","Custom Columns","","","ItemChildCount",,""
"NPORS Register","a0c8ef27-dac2-4a07-92ea-af140c9ca5d6","Folder Child Count","FolderChildCount","FolderChildCount","Lookup","Lookup","Lookup","False","False","True","False","Custom Columns","","","FolderChildCount",,""
"NPORS Register","a0c8ef27-dac2-4a07-92ea-af140c9ca5d6","Restricted","Restricted","Restricted","Lookup","Lookup","Lookup","False","True","True","False","Custom Columns","","","Restricted",,""
"NPORS Register","a0c8ef27-dac2-4a07-92ea-af140c9ca5d6","Originator Id","OriginatorId","OriginatorId","Lookup","Lookup","Lookup","False","True","True","False","Custom Columns","","","OriginatorId",,""
"NPORS Register","a0c8ef27-dac2-4a07-92ea-af140c9ca5d6","NoExecute","NoExecute","NoExecute","Lookup","Lookup","Lookup","False","True","True","False","Custom Columns","","","DocFlags",,""
"NPORS Register","a0c8ef27-dac2-4a07-92ea-af140c9ca5d6","Content Version","ContentVersion","ContentVersion","Lookup","Lookup","Lookup","False","True","True","False","Custom Columns","","","ContentVersion",,""
"NPORS Register","a0c8ef27-dac2-4a07-92ea-af140c9ca5d6","Label setting","_ComplianceFlags","_ComplianceFlags","Lookup","Lookup","Lookup","False","False","True","False","Custom Columns","","","ComplianceFlags",,""
"NPORS Register","a0c8ef27-dac2-4a07-92ea-af140c9ca5d6","Retention label","_ComplianceTag","_ComplianceTag","Lookup","Lookup","Lookup","False","False","True","False","Custom Columns","","","ComplianceTag",,""
"NPORS Register","a0c8ef27-dac2-4a07-92ea-af140c9ca5d6","Retention label Applied","_ComplianceTagWrittenTime","_ComplianceTagWrittenTime","Lookup","Lookup","Lookup","False","False","True","False","Custom Columns","","","ComplianceTagWrittenTime",,""
"NPORS Register","a0c8ef27-dac2-4a07-92ea-af140c9ca5d6","Label applied by","_ComplianceTagUserId","_ComplianceTagUserId","Lookup","Lookup","Lookup","False","False","True","False","Custom Columns","","","ComplianceTagUserId",,""
"NPORS Register","a0c8ef27-dac2-4a07-92ea-af140c9ca5d6","Item is a Record","_IsRecord","_IsRecord","Computed","Computed","Computed","False","False","True","False","Custom Columns","",,,,""
"NPORS Register","a0c8ef27-dac2-4a07-92ea-af140c9ca5d6","Access Policy","AccessPolicy","AccessPolicy","Lookup","Lookup","Lookup","False","True","True","False","Custom Columns","","","AccessPolicy",,""
"NPORS Register","a0c8ef27-dac2-4a07-92ea-af140c9ca5d6","VirusStatus","_VirusStatus","_VirusStatus","Lookup","Lookup","Lookup","False","True","True","False","Custom Columns","","","VirusStatus",,""
"NPORS Register","a0c8ef27-dac2-4a07-92ea-af140c9ca5d6","VirusVendorID","_VirusVendorID","_VirusVendorID","Lookup","Lookup","Lookup","False","True","True","False","Custom Columns","","","VirusVendorID",,""
"NPORS Register","a0c8ef27-dac2-4a07-92ea-af140c9ca5d6","VirusInfo","_VirusInfo","_VirusInfo","Lookup","Lookup","Lookup","False","True","True","False","Custom Columns","","","VirusInfo",,""
"NPORS Register","a0c8ef27-dac2-4a07-92ea-af140c9ca5d6","RansomwareAnomalyMetaInfo","_RansomwareAnomalyMetaInfo","_RansomwareAnomalyMetaInfo","Lookup","Lookup","Lookup","False","True","True","False","Custom Columns","","","RansomwareAnomalyMetaInfo",,""
"NPORS Register","a0c8ef27-dac2-4a07-92ea-af140c9ca5d6","Draft Owner Id","_DraftOwnerId","_DraftOwnerId","Lookup","Lookup","Lookup","False","True","True","False","Custom Columns","","","DraftOwnerId",,""
"NPORS Register","a0c8ef27-dac2-4a07-92ea-af140c9ca5d6","Main Link settings","MainLinkSettings","MainLinkSettings","Computed","Computed","Computed","False","True","True","False","Custom Columns","",,,,""
"NPORS Register","a0c8ef27-dac2-4a07-92ea-af140c9ca5d6","App Created By","AppAuthor","AppAuthor","Lookup","Lookup","Lookup","False","False","True","False","Custom Columns","","AppPrincipals","Title",,""
"NPORS Register","a0c8ef27-dac2-4a07-92ea-af140c9ca5d6","App Modified By","AppEditor","AppEditor","Lookup","Lookup","Lookup","False","False","True","False","Custom Columns","","AppPrincipals","Title",,""
"NPORS Register","a0c8ef27-dac2-4a07-92ea-af140c9ca5d6","Total Size","SMTotalSize","SMTotalSize","Lookup","Lookup","Lookup","False","True","True","False","Custom Columns","","","SMTotalSize",,""
"NPORS Register","a0c8ef27-dac2-4a07-92ea-af140c9ca5d6","Last Modified Date","SMLastModifiedDate","SMLastModifiedDate","Lookup","Lookup","Lookup","False","True","True","False","Custom Columns","","","SMLastModifiedDate",,""
"NPORS Register","a0c8ef27-dac2-4a07-92ea-af140c9ca5d6","Total File Stream Size","SMTotalFileStreamSize","SMTotalFileStreamSize","Lookup","Lookup","Lookup","False","True","True","False","Custom Columns","","","SMTotalFileStreamSize",,""
"NPORS Register","a0c8ef27-dac2-4a07-92ea-af140c9ca5d6","Total File Count","SMTotalFileCount","SMTotalFileCount","Lookup","Lookup","Lookup","False","True","True","False","Custom Columns","","","SMTotalFileCount",,""
"NPORS Register","a0c8ef27-dac2-4a07-92ea-af140c9ca5d6","Comment settings","_CommentFlags","_CommentFlags","Lookup","Lookup","Lookup","False","True","True","False","Custom Columns","","","CommentFlags",,""
"NPORS Register","a0c8ef27-dac2-4a07-92ea-af140c9ca5d6","Comment count","_CommentCount","_CommentCount","Lookup","Lookup","Lookup","False","True","True","False","Custom Columns","","","CommentCount",,""
"NRSWA Register","9bdcf9b0-31f9-45b9-b3c8-29a699482eb4","Content Type ID","ContentTypeId","ContentTypeId","Content Type Id","ContentTypeId","ContentTypeId","False","True","True","False","Custom Columns","",,,,""
"NRSWA Register","9bdcf9b0-31f9-45b9-b3c8-29a699482eb4","Title","Title","Title","Single line of text","Text","Text","False","False","False","False","Custom Columns","",,,,""
"NRSWA Register","9bdcf9b0-31f9-45b9-b3c8-29a699482eb4","Approver Comments","_ModerationComments","_ModerationComments","Multiple lines of text","Note","Note","False","True","True","False","Custom Columns","",,,,""
"NRSWA Register","9bdcf9b0-31f9-45b9-b3c8-29a699482eb4","File Type","File_x0020_Type","File_x0020_Type","Single line of text","Text","Text","False","True","True","False","Custom Columns","",,,,""
"NRSWA Register","9bdcf9b0-31f9-45b9-b3c8-29a699482eb4","Color","_ColorHex","_ColorHex","Single line of text","Text","Text","False","True","True","False","Custom Columns","",,,,""
"NRSWA Register","9bdcf9b0-31f9-45b9-b3c8-29a699482eb4","Color Tag","_ColorTag","_ColorTag","Single line of text","Text","Text","False","False","True","False","Custom Columns","",,,,""
"NRSWA Register","9bdcf9b0-31f9-45b9-b3c8-29a699482eb4","Emoji","_Emoji","_Emoji","Single line of text","Text","Text","False","True","True","False","Custom Columns","",,,,""
"NRSWA Register","9bdcf9b0-31f9-45b9-b3c8-29a699482eb4","Compliance Asset Id","ComplianceAssetId","ComplianceAssetId","Single line of text","Text","Text","False","False","True","False","Custom Columns","",,,,""
"NRSWA Register","9bdcf9b0-31f9-45b9-b3c8-29a699482eb4","Candidate Name","CandidateName","CandidateName","Lookup","Lookup","Lookup","True","False","False","True","Custom Columns","","dd110a2d-a447-4b0e-aec7-c3ff9980bfc9","CandidateName",,""
"NRSWA Register","9bdcf9b0-31f9-45b9-b3c8-29a699482eb4","Training Date","TrainingDate","TrainingDate","Date and Time","DateTime","DateTime","False","False","False","False","Custom Columns","",,,,""
"NRSWA Register","9bdcf9b0-31f9-45b9-b3c8-29a699482eb4","Expiry Date","Expirydate","Expirydate","Date and Time","DateTime","DateTime","False","False","False","False","Custom Columns","",,,,""
"NRSWA Register","9bdcf9b0-31f9-45b9-b3c8-29a699482eb4","Streetworks Category","StreetworksCategory","StreetworksCategory","Choice","MultiChoice","MultiChoice","False","False","False","False","Custom Columns","LA | 01 | 02 | 03 | 04 | 05 | 06 | 07 | 08 | S1 | S2 | S3 | S4 | S5 | S6 | S7",,,,""
"NRSWA Register","9bdcf9b0-31f9-45b9-b3c8-29a699482eb4","Certs & Card Applied For","CERTSCARDAPPLIEDFOR","CERTSCARDAPPLIEDFOR","Yes/No","Boolean","Boolean","False","False","False","False","Custom Columns","",,,"0",""
"NRSWA Register","9bdcf9b0-31f9-45b9-b3c8-29a699482eb4"," Cert/Card Sent Date","CERT_x002f_CARDSENTDATE","CERT_x002f_CARDSENTDATE","Date and Time","DateTime","DateTime","False","False","False","False","Custom Columns","",,,,""
"NRSWA Register","9bdcf9b0-31f9-45b9-b3c8-29a699482eb4"," Certs Sent To","CERTSSENTTO","CERTSSENTTO","Multiple lines of text","Note","Note","False","False","False","False","Custom Columns","",,,,""
"NRSWA Register","9bdcf9b0-31f9-45b9-b3c8-29a699482eb4","Course","Course","Course","Choice","Choice","Choice","False","False","False","False","Custom Columns","Supervisor | Operative | Refresher | Unit 1 | Unit 2 | Unit 10 | Choice 7 | other",,,,""
"NRSWA Register","9bdcf9b0-31f9-45b9-b3c8-29a699482eb4","NI Number","Candidate_x0020_Name_x003a__x002","Candidate_x0020_Name_x003a__x002","Lookup","Lookup","Lookup","False","False","True","False","Custom Columns","","dd110a2d-a447-4b0e-aec7-c3ff9980bfc9","NiNumber",,""
"NRSWA Register","9bdcf9b0-31f9-45b9-b3c8-29a699482eb4","SWQR Number","Candidate_x0020_Name_x003a__x0020","Candidate_x0020_Name_x003a__x0020","Lookup","Lookup","Lookup","True","False","True","False","Custom Columns","","dd110a2d-a447-4b0e-aec7-c3ff9980bfc9","SWQRNumber",,""
"NRSWA Register","9bdcf9b0-31f9-45b9-b3c8-29a699482eb4","ID","ID","ID","Counter","Counter","Counter","False","False","True","False","Custom Columns","",,,,""
"NRSWA Register","9bdcf9b0-31f9-45b9-b3c8-29a699482eb4","Content Type","ContentType","ContentType","Computed","Computed","Computed","False","False","False","False","_Hidden","",,,,""
"NRSWA Register","9bdcf9b0-31f9-45b9-b3c8-29a699482eb4","Modified","Modified","Modified","Date and Time","DateTime","DateTime","False","False","True","False","Custom Columns","",,,,""
"NRSWA Register","9bdcf9b0-31f9-45b9-b3c8-29a699482eb4","Created","Created","Created","Date and Time","DateTime","DateTime","False","False","True","False","Custom Columns","",,,,""
"NRSWA Register","9bdcf9b0-31f9-45b9-b3c8-29a699482eb4","Created By","Author","Author","Person or Group","User","User","False","False","True","False","Custom Columns","","{05970f80-1382-466a-ab40-156b3e727c70}","",,""
"NRSWA Register","9bdcf9b0-31f9-45b9-b3c8-29a699482eb4","Modified By","Editor","Editor","Person or Group","User","User","False","False","True","False","Custom Columns","","{05970f80-1382-466a-ab40-156b3e727c70}","",,""
"NRSWA Register","9bdcf9b0-31f9-45b9-b3c8-29a699482eb4","Has Copy Destinations","_HasCopyDestinations","_HasCopyDestinations","Yes/No","Boolean","Boolean","False","True","True","False","Custom Columns","",,,,""
"NRSWA Register","9bdcf9b0-31f9-45b9-b3c8-29a699482eb4","Copy Source","_CopySource","_CopySource","Single line of text","Text","Text","False","True","True","False","Custom Columns","",,,,""
"NRSWA Register","9bdcf9b0-31f9-45b9-b3c8-29a699482eb4","owshiddenversion","owshiddenversion","owshiddenversion","Integer","Integer","Integer","False","True","True","False","Custom Columns","",,,,""
"NRSWA Register","9bdcf9b0-31f9-45b9-b3c8-29a699482eb4","Workflow Version","WorkflowVersion","WorkflowVersion","Integer","Integer","Integer","False","True","True","False","Custom Columns","",,,,""
"NRSWA Register","9bdcf9b0-31f9-45b9-b3c8-29a699482eb4","UI Version","_UIVersion","_UIVersion","Integer","Integer","Integer","False","True","True","False","Custom Columns","",,,,""
"NRSWA Register","9bdcf9b0-31f9-45b9-b3c8-29a699482eb4","Version","_UIVersionString","_UIVersionString","Single line of text","Text","Text","False","False","True","False","Custom Columns","",,,,""
"NRSWA Register","9bdcf9b0-31f9-45b9-b3c8-29a699482eb4","Attachments","Attachments","Attachments","Attachments","Attachments","Attachments","False","False","False","False","Custom Columns","",,,,""
"NRSWA Register","9bdcf9b0-31f9-45b9-b3c8-29a699482eb4","Approval Status","_ModerationStatus","_ModerationStatus","Moderation Status","ModStat","ModStat","False","True","True","False","Custom Columns","0;#Approved | 1;#Rejected | 2;#Pending | 3;#Draft | 4;#Scheduled",,,"0",""
"NRSWA Register","9bdcf9b0-31f9-45b9-b3c8-29a699482eb4","Edit","Edit","Edit","Computed","Computed","Computed","False","False","True","False","Custom Columns","",,,,""
"NRSWA Register","9bdcf9b0-31f9-45b9-b3c8-29a699482eb4","Title","LinkTitleNoMenu","LinkTitleNoMenu","Computed","Computed","Computed","False","False","True","False","Custom Columns","",,,,""
"NRSWA Register","9bdcf9b0-31f9-45b9-b3c8-29a699482eb4","Title","LinkTitle","LinkTitle","Computed","Computed","Computed","False","False","True","False","Custom Columns","",,,,""
"NRSWA Register","9bdcf9b0-31f9-45b9-b3c8-29a699482eb4","Title","LinkTitle2","LinkTitle2","Computed","Computed","Computed","False","True","True","False","Custom Columns","",,,,""
"NRSWA Register","9bdcf9b0-31f9-45b9-b3c8-29a699482eb4","Select","SelectTitle","SelectTitle","Computed","Computed","Computed","False","True","True","False","Custom Columns","",,,,""
"NRSWA Register","9bdcf9b0-31f9-45b9-b3c8-29a699482eb4","Instance ID","InstanceID","InstanceID","Integer","Integer","Integer","False","True","True","False","Custom Columns","",,,,""
"NRSWA Register","9bdcf9b0-31f9-45b9-b3c8-29a699482eb4","Order","Order","Order","Number","Number","Number","False","True","False","False","Custom Columns","",,,,""
"NRSWA Register","9bdcf9b0-31f9-45b9-b3c8-29a699482eb4","GUID","GUID","GUID","Guid","Guid","Guid","False","True","True","False","Custom Columns","",,,,""
"NRSWA Register","9bdcf9b0-31f9-45b9-b3c8-29a699482eb4","Workflow Instance ID","WorkflowInstanceID","WorkflowInstanceID","Guid","Guid","Guid","False","True","True","False","Custom Columns","",,,,""
"NRSWA Register","9bdcf9b0-31f9-45b9-b3c8-29a699482eb4","URL Path","FileRef","FileRef","Lookup","Lookup","Lookup","False","True","True","False","Custom Columns","","","FullUrl",,""
"NRSWA Register","9bdcf9b0-31f9-45b9-b3c8-29a699482eb4","Path","FileDirRef","FileDirRef","Lookup","Lookup","Lookup","False","True","True","False","Custom Columns","","","DirName",,""
"NRSWA Register","9bdcf9b0-31f9-45b9-b3c8-29a699482eb4","Modified","Last_x0020_Modified","Last_x0020_Modified","Lookup","Lookup","Lookup","False","True","True","False","Custom Columns","","","TimeLastModified",,""
"NRSWA Register","9bdcf9b0-31f9-45b9-b3c8-29a699482eb4","Created","Created_x0020_Date","Created_x0020_Date","Lookup","Lookup","Lookup","False","True","True","False","Custom Columns","","","TimeCreated",,""
"NRSWA Register","9bdcf9b0-31f9-45b9-b3c8-29a699482eb4","Item Type","FSObjType","FSObjType","Lookup","Lookup","Lookup","False","True","True","False","Custom Columns","","","FSType",,""
"NRSWA Register","9bdcf9b0-31f9-45b9-b3c8-29a699482eb4","Sort Type","SortBehavior","SortBehavior","Lookup","Lookup","Lookup","False","True","True","False","Custom Columns","","","SortBehavior",,""
"NRSWA Register","9bdcf9b0-31f9-45b9-b3c8-29a699482eb4","Effective Permissions Mask","PermMask","PermMask","Computed","Computed","Computed","False","True","True","False","Custom Columns","",,,,""
"NRSWA Register","9bdcf9b0-31f9-45b9-b3c8-29a699482eb4","Principal Count","PrincipalCount","PrincipalCount","Computed","Computed","Computed","False","True","True","False","Custom Columns","",,,,""
"NRSWA Register","9bdcf9b0-31f9-45b9-b3c8-29a699482eb4","Name","FileLeafRef","FileLeafRef","File","File","File","False","True","False","False","Custom Columns","",,,,""
"NRSWA Register","9bdcf9b0-31f9-45b9-b3c8-29a699482eb4","Unique Id","UniqueId","UniqueId","Lookup","Lookup","Lookup","False","True","True","False","Custom Columns","","","UniqueId",,""
"NRSWA Register","9bdcf9b0-31f9-45b9-b3c8-29a699482eb4","Document Parent Identifier","ParentUniqueId","ParentUniqueId","Lookup","Lookup","Lookup","False","True","True","False","Custom Columns","","","ParentUniqueId",,""
"NRSWA Register","9bdcf9b0-31f9-45b9-b3c8-29a699482eb4","Client Id","SyncClientId","SyncClientId","Lookup","Lookup","Lookup","False","True","True","False","Custom Columns","","","SyncClientId",,""
"NRSWA Register","9bdcf9b0-31f9-45b9-b3c8-29a699482eb4","ProgId","ProgId","ProgId","Lookup","Lookup","Lookup","False","True","True","False","Custom Columns","","","ProgId",,""
"NRSWA Register","9bdcf9b0-31f9-45b9-b3c8-29a699482eb4","ScopeId","ScopeId","ScopeId","Lookup","Lookup","Lookup","False","True","True","False","Custom Columns","","","ScopeId",,""
"NRSWA Register","9bdcf9b0-31f9-45b9-b3c8-29a699482eb4","HTML File Type","HTML_x0020_File_x0020_Type","HTML_x0020_File_x0020_Type","Computed","Computed","Computed","False","True","True","False","Custom Columns","",,,,""
"NRSWA Register","9bdcf9b0-31f9-45b9-b3c8-29a699482eb4","Edit Menu Table Start","_EditMenuTableStart","_EditMenuTableStart","Computed","Computed","Computed","False","True","True","False","Custom Columns","",,,,""
"NRSWA Register","9bdcf9b0-31f9-45b9-b3c8-29a699482eb4","Edit Menu Table Start","_EditMenuTableStart2","_EditMenuTableStart2","Computed","Computed","Computed","False","True","True","False","Custom Columns","",,,,""
"NRSWA Register","9bdcf9b0-31f9-45b9-b3c8-29a699482eb4","Edit Menu Table End","_EditMenuTableEnd","_EditMenuTableEnd","Computed","Computed","Computed","False","True","True","False","Custom Columns","",,,,""
"NRSWA Register","9bdcf9b0-31f9-45b9-b3c8-29a699482eb4","Name","LinkFilenameNoMenu","LinkFilenameNoMenu","Computed","Computed","Computed","False","True","True","False","Custom Columns","",,,,""
"NRSWA Register","9bdcf9b0-31f9-45b9-b3c8-29a699482eb4","Name","LinkFilename","LinkFilename","Computed","Computed","Computed","False","True","True","False","Custom Columns","",,,,""
"NRSWA Register","9bdcf9b0-31f9-45b9-b3c8-29a699482eb4","Name","LinkFilename2","LinkFilename2","Computed","Computed","Computed","False","True","True","False","Custom Columns","",,,,""
"NRSWA Register","9bdcf9b0-31f9-45b9-b3c8-29a699482eb4","Type","DocIcon","DocIcon","Computed","Computed","Computed","False","False","True","False","Custom Columns","",,,,""
"NRSWA Register","9bdcf9b0-31f9-45b9-b3c8-29a699482eb4","Server Relative URL","ServerUrl","ServerUrl","Computed","Computed","Computed","False","True","True","False","Custom Columns","",,,,""
"NRSWA Register","9bdcf9b0-31f9-45b9-b3c8-29a699482eb4","Encoded Absolute URL","EncodedAbsUrl","EncodedAbsUrl","Computed","Computed","Computed","False","True","True","False","Custom Columns","",,,,""
"NRSWA Register","9bdcf9b0-31f9-45b9-b3c8-29a699482eb4","File Name","BaseName","BaseName","Computed","Computed","Computed","False","True","True","False","Custom Columns","",,,,""
"NRSWA Register","9bdcf9b0-31f9-45b9-b3c8-29a699482eb4","Property Bag","MetaInfo","MetaInfo","Lookup","Lookup","Lookup","False","True","False","False","Custom Columns","","","MetaInfo",,""
"NRSWA Register","9bdcf9b0-31f9-45b9-b3c8-29a699482eb4","Level","_Level","_Level","Integer","Integer","Integer","False","True","True","False","Custom Columns","",,,,""
"NRSWA Register","9bdcf9b0-31f9-45b9-b3c8-29a699482eb4","Is Current Version","_IsCurrentVersion","_IsCurrentVersion","Yes/No","Boolean","Boolean","False","True","True","False","Custom Columns","",,,,""
"NRSWA Register","9bdcf9b0-31f9-45b9-b3c8-29a699482eb4","Item Child Count","ItemChildCount","ItemChildCount","Lookup","Lookup","Lookup","False","False","True","False","Custom Columns","","","ItemChildCount",,""
"NRSWA Register","9bdcf9b0-31f9-45b9-b3c8-29a699482eb4","Folder Child Count","FolderChildCount","FolderChildCount","Lookup","Lookup","Lookup","False","False","True","False","Custom Columns","","","FolderChildCount",,""
"NRSWA Register","9bdcf9b0-31f9-45b9-b3c8-29a699482eb4","Restricted","Restricted","Restricted","Lookup","Lookup","Lookup","False","True","True","False","Custom Columns","","","Restricted",,""
"NRSWA Register","9bdcf9b0-31f9-45b9-b3c8-29a699482eb4","Originator Id","OriginatorId","OriginatorId","Lookup","Lookup","Lookup","False","True","True","False","Custom Columns","","","OriginatorId",,""
"NRSWA Register","9bdcf9b0-31f9-45b9-b3c8-29a699482eb4","NoExecute","NoExecute","NoExecute","Lookup","Lookup","Lookup","False","True","True","False","Custom Columns","","","DocFlags",,""
"NRSWA Register","9bdcf9b0-31f9-45b9-b3c8-29a699482eb4","Content Version","ContentVersion","ContentVersion","Lookup","Lookup","Lookup","False","True","True","False","Custom Columns","","","ContentVersion",,""
"NRSWA Register","9bdcf9b0-31f9-45b9-b3c8-29a699482eb4","Label setting","_ComplianceFlags","_ComplianceFlags","Lookup","Lookup","Lookup","False","False","True","False","Custom Columns","","","ComplianceFlags",,""
"NRSWA Register","9bdcf9b0-31f9-45b9-b3c8-29a699482eb4","Retention label","_ComplianceTag","_ComplianceTag","Lookup","Lookup","Lookup","False","False","True","False","Custom Columns","","","ComplianceTag",,""
"NRSWA Register","9bdcf9b0-31f9-45b9-b3c8-29a699482eb4","Retention label Applied","_ComplianceTagWrittenTime","_ComplianceTagWrittenTime","Lookup","Lookup","Lookup","False","False","True","False","Custom Columns","","","ComplianceTagWrittenTime",,""
"NRSWA Register","9bdcf9b0-31f9-45b9-b3c8-29a699482eb4","Label applied by","_ComplianceTagUserId","_ComplianceTagUserId","Lookup","Lookup","Lookup","False","False","True","False","Custom Columns","","","ComplianceTagUserId",,""
"NRSWA Register","9bdcf9b0-31f9-45b9-b3c8-29a699482eb4","Item is a Record","_IsRecord","_IsRecord","Computed","Computed","Computed","False","False","True","False","Custom Columns","",,,,""
"NRSWA Register","9bdcf9b0-31f9-45b9-b3c8-29a699482eb4","Access Policy","AccessPolicy","AccessPolicy","Lookup","Lookup","Lookup","False","True","True","False","Custom Columns","","","AccessPolicy",,""
"NRSWA Register","9bdcf9b0-31f9-45b9-b3c8-29a699482eb4","VirusStatus","_VirusStatus","_VirusStatus","Lookup","Lookup","Lookup","False","True","True","False","Custom Columns","","","VirusStatus",,""
"NRSWA Register","9bdcf9b0-31f9-45b9-b3c8-29a699482eb4","VirusVendorID","_VirusVendorID","_VirusVendorID","Lookup","Lookup","Lookup","False","True","True","False","Custom Columns","","","VirusVendorID",,""
"NRSWA Register","9bdcf9b0-31f9-45b9-b3c8-29a699482eb4","VirusInfo","_VirusInfo","_VirusInfo","Lookup","Lookup","Lookup","False","True","True","False","Custom Columns","","","VirusInfo",,""
"NRSWA Register","9bdcf9b0-31f9-45b9-b3c8-29a699482eb4","RansomwareAnomalyMetaInfo","_RansomwareAnomalyMetaInfo","_RansomwareAnomalyMetaInfo","Lookup","Lookup","Lookup","False","True","True","False","Custom Columns","","","RansomwareAnomalyMetaInfo",,""
"NRSWA Register","9bdcf9b0-31f9-45b9-b3c8-29a699482eb4","Draft Owner Id","_DraftOwnerId","_DraftOwnerId","Lookup","Lookup","Lookup","False","True","True","False","Custom Columns","","","DraftOwnerId",,""
"NRSWA Register","9bdcf9b0-31f9-45b9-b3c8-29a699482eb4","Main Link settings","MainLinkSettings","MainLinkSettings","Computed","Computed","Computed","False","True","True","False","Custom Columns","",,,,""
"NRSWA Register","9bdcf9b0-31f9-45b9-b3c8-29a699482eb4","App Created By","AppAuthor","AppAuthor","Lookup","Lookup","Lookup","False","False","True","False","Custom Columns","","AppPrincipals","Title",,""
"NRSWA Register","9bdcf9b0-31f9-45b9-b3c8-29a699482eb4","App Modified By","AppEditor","AppEditor","Lookup","Lookup","Lookup","False","False","True","False","Custom Columns","","AppPrincipals","Title",,""
"NRSWA Register","9bdcf9b0-31f9-45b9-b3c8-29a699482eb4","Total Size","SMTotalSize","SMTotalSize","Lookup","Lookup","Lookup","False","True","True","False","Custom Columns","","","SMTotalSize",,""
"NRSWA Register","9bdcf9b0-31f9-45b9-b3c8-29a699482eb4","Last Modified Date","SMLastModifiedDate","SMLastModifiedDate","Lookup","Lookup","Lookup","False","True","True","False","Custom Columns","","","SMLastModifiedDate",,""
"NRSWA Register","9bdcf9b0-31f9-45b9-b3c8-29a699482eb4","Total File Stream Size","SMTotalFileStreamSize","SMTotalFileStreamSize","Lookup","Lookup","Lookup","False","True","True","False","Custom Columns","","","SMTotalFileStreamSize",,""
"NRSWA Register","9bdcf9b0-31f9-45b9-b3c8-29a699482eb4","Total File Count","SMTotalFileCount","SMTotalFileCount","Lookup","Lookup","Lookup","False","True","True","False","Custom Columns","","","SMTotalFileCount",,""
"NRSWA Register","9bdcf9b0-31f9-45b9-b3c8-29a699482eb4","Comment settings","_CommentFlags","_CommentFlags","Lookup","Lookup","Lookup","False","True","True","False","Custom Columns","","","CommentFlags",,""
"NRSWA Register","9bdcf9b0-31f9-45b9-b3c8-29a699482eb4","Comment count","_CommentCount","_CommentCount","Lookup","Lookup","Lookup","False","True","True","False","Custom Columns","","","CommentCount",,""
"NVQ Register","77c99635-016f-49b6-a3d8-b1ef501edab6","Content Type ID","ContentTypeId","ContentTypeId","Content Type Id","ContentTypeId","ContentTypeId","False","True","True","False","Custom Columns","",,,,""
"NVQ Register","77c99635-016f-49b6-a3d8-b1ef501edab6","Title","Title","Title","Single line of text","Text","Text","False","False","False","False","Custom Columns","",,,,""
"NVQ Register","77c99635-016f-49b6-a3d8-b1ef501edab6","Approver Comments","_ModerationComments","_ModerationComments","Multiple lines of text","Note","Note","False","True","True","False","Custom Columns","",,,,""
"NVQ Register","77c99635-016f-49b6-a3d8-b1ef501edab6","File Type","File_x0020_Type","File_x0020_Type","Single line of text","Text","Text","False","True","True","False","Custom Columns","",,,,""
"NVQ Register","77c99635-016f-49b6-a3d8-b1ef501edab6","Color","_ColorHex","_ColorHex","Single line of text","Text","Text","False","True","True","False","Custom Columns","",,,,""
"NVQ Register","77c99635-016f-49b6-a3d8-b1ef501edab6","Color Tag","_ColorTag","_ColorTag","Single line of text","Text","Text","False","False","True","False","Custom Columns","",,,,""
"NVQ Register","77c99635-016f-49b6-a3d8-b1ef501edab6","Emoji","_Emoji","_Emoji","Single line of text","Text","Text","False","True","True","False","Custom Columns","",,,,""
"NVQ Register","77c99635-016f-49b6-a3d8-b1ef501edab6","Compliance Asset Id","ComplianceAssetId","ComplianceAssetId","Single line of text","Text","Text","False","False","True","False","Custom Columns","",,,,""
"NVQ Register","77c99635-016f-49b6-a3d8-b1ef501edab6","NVQ Title","NvqTitle","NvqTitle","Single line of text","Text","Text","False","False","False","False","Custom Columns","",,,,""
"NVQ Register","77c99635-016f-49b6-a3d8-b1ef501edab6","Bolt-on NVQ","BoltonNvq","BoltonNvq","Single line of text","Text","Text","False","False","False","False","Custom Columns","",,,,""
"NVQ Register","77c99635-016f-49b6-a3d8-b1ef501edab6","ULN Number","ULNNumber","ULNNumber","Single line of text","Text","Text","False","False","False","False","Custom Columns","",,,,""
"NVQ Register","77c99635-016f-49b6-a3d8-b1ef501edab6","PO Number","PONumber","PONumber","Single line of text","Text","Text","False","False","False","False","Custom Columns","",,,,""
"NVQ Register","77c99635-016f-49b6-a3d8-b1ef501edab6","Card Scheme Category","CardSchemeCategory","CardSchemeCategory","Choice","Choice","Choice","False","False","False","False","Custom Columns","NPORS | CPCS | CSCS | NOCN | Other | Choice 6",,,,""
"NVQ Register","77c99635-016f-49b6-a3d8-b1ef501edab6","Site Address","SiteAddress","SiteAddress","Multiple lines of text","Note","Note","False","False","False","False","Custom Columns","",,,,""
"NVQ Register","77c99635-016f-49b6-a3d8-b1ef501edab6","Site Contact Name/Number","SiteContactName_x002f_Number","SiteContactName_x002f_Number","Single line of text","Text","Text","False","False","False","False","Custom Columns","",,,,""
"NVQ Register","77c99635-016f-49b6-a3d8-b1ef501edab6","English Understanding Confirmed","EnglishUnderstandingConfirmed","EnglishUnderstandingConfirmed","Yes/No","Boolean","Boolean","False","False","False","False","Custom Columns","",,,"1",""
"NVQ Register","77c99635-016f-49b6-a3d8-b1ef501edab6","T&C Acknowledged","TCAcknowledged","TCAcknowledged","Yes/No","Boolean","Boolean","False","False","False","False","Custom Columns","",,,"1",""
"NVQ Register","77c99635-016f-49b6-a3d8-b1ef501edab6","GDPR Consent","GDPRConsent","GDPRConsent","Yes/No","Boolean","Boolean","False","False","False","False","Custom Columns","",,,"1",""
"NVQ Register","77c99635-016f-49b6-a3d8-b1ef501edab6"," Card Extension Date Needed","CardExtensiondateneeded","CardExtensiondateneeded","Date and Time","DateTime","DateTime","False","False","False","False","Custom Columns","",,,,""
"NVQ Register","77c99635-016f-49b6-a3d8-b1ef501edab6","Date Registered","DateRegistered","DateRegistered","Date and Time","DateTime","DateTime","False","False","False","False","Custom Columns","",,,,""
"NVQ Register","77c99635-016f-49b6-a3d8-b1ef501edab6","Date Induction Booked","DateinductionBooked","DateinductionBooked","Date and Time","DateTime","DateTime","False","False","False","False","Custom Columns","",,,,""
"NVQ Register","77c99635-016f-49b6-a3d8-b1ef501edab6","Stage of NVQ","StageofNvq","StageofNvq","Choice","Choice","Choice","False","False","False","False","Custom Columns","Enquiry | Awaiting Details | Registered | Induction Booked | In Progress | Visit Booked | Awaiting Evidence | Completed | Completed | Choice 10",,,,""
"NVQ Register","77c99635-016f-49b6-a3d8-b1ef501edab6","Notes","Notes","Notes","Multiple lines of text","Note","Note","False","False","False","False","Custom Columns","",,,,""
"NVQ Register","77c99635-016f-49b6-a3d8-b1ef501edab6","Completed Date","CompletedDate","CompletedDate","Date and Time","DateTime","DateTime","False","False","False","False","Custom Columns","",,,,""
"NVQ Register","77c99635-016f-49b6-a3d8-b1ef501edab6","Certification Date","CertificationDate","CertificationDate","Date and Time","DateTime","DateTime","False","False","False","False","Custom Columns","",,,,""
"NVQ Register","77c99635-016f-49b6-a3d8-b1ef501edab6","Candidate Name","CandidateName","CandidateName","Lookup","Lookup","Lookup","True","False","False","True","Custom Columns","","dd110a2d-a447-4b0e-aec7-c3ff9980bfc9","CandidateName",,""
"NVQ Register","77c99635-016f-49b6-a3d8-b1ef501edab6","NI Number","Candidate_x0020_Name_x003a__x002","Candidate_x0020_Name_x003a__x002","Lookup","Lookup","Lookup","True","False","True","False","Custom Columns","","dd110a2d-a447-4b0e-aec7-c3ff9980bfc9","NiNumber",,""
"NVQ Register","77c99635-016f-49b6-a3d8-b1ef501edab6"," Customer Update Notes","CustomerUpdateNotes","CustomerUpdateNotes","Multiple lines of text","Note","Note","False","False","False","False","Custom Columns","",,,,""
"NVQ Register","77c99635-016f-49b6-a3d8-b1ef501edab6","NVQ Company","NVQCompany","NVQCompany","Lookup","Lookup","Lookup","False","False","False","False","Custom Columns","","6079c6aa-d657-42a8-9a7b-9c8e074386b4","CompanyName",,""
"NVQ Register","77c99635-016f-49b6-a3d8-b1ef501edab6","Company Name","Company_x0020_Name","CompanyNameLookup","Lookup","Lookup","Lookup","False","False","False","False","PAVE Schema","","{6079c6aa-d657-42a8-9a7b-9c8e074386b4}","Title",,""
"NVQ Register","77c99635-016f-49b6-a3d8-b1ef501edab6","Internal Notes","Internal_x0020_Notes","InternalNotes","Multiple lines of text","Note","Note","False","False","False","False","PAVE Schema","",,,,""
"NVQ Register","77c99635-016f-49b6-a3d8-b1ef501edab6","ID","ID","ID","Counter","Counter","Counter","False","False","True","False","Custom Columns","",,,,""
"NVQ Register","77c99635-016f-49b6-a3d8-b1ef501edab6","Content Type","ContentType","ContentType","Computed","Computed","Computed","False","False","False","False","_Hidden","",,,,""
"NVQ Register","77c99635-016f-49b6-a3d8-b1ef501edab6","Modified","Modified","Modified","Date and Time","DateTime","DateTime","False","False","True","False","Custom Columns","",,,,""
"NVQ Register","77c99635-016f-49b6-a3d8-b1ef501edab6","Created","Created","Created","Date and Time","DateTime","DateTime","False","False","True","False","Custom Columns","",,,,""
"NVQ Register","77c99635-016f-49b6-a3d8-b1ef501edab6","Created By","Author","Author","Person or Group","User","User","False","False","True","False","Custom Columns","","{05970f80-1382-466a-ab40-156b3e727c70}","",,""
"NVQ Register","77c99635-016f-49b6-a3d8-b1ef501edab6","Modified By","Editor","Editor","Person or Group","User","User","False","False","True","False","Custom Columns","","{05970f80-1382-466a-ab40-156b3e727c70}","",,""
"NVQ Register","77c99635-016f-49b6-a3d8-b1ef501edab6","Has Copy Destinations","_HasCopyDestinations","_HasCopyDestinations","Yes/No","Boolean","Boolean","False","True","True","False","Custom Columns","",,,,""
"NVQ Register","77c99635-016f-49b6-a3d8-b1ef501edab6","Copy Source","_CopySource","_CopySource","Single line of text","Text","Text","False","True","True","False","Custom Columns","",,,,""
"NVQ Register","77c99635-016f-49b6-a3d8-b1ef501edab6","owshiddenversion","owshiddenversion","owshiddenversion","Integer","Integer","Integer","False","True","True","False","Custom Columns","",,,,""
"NVQ Register","77c99635-016f-49b6-a3d8-b1ef501edab6","Workflow Version","WorkflowVersion","WorkflowVersion","Integer","Integer","Integer","False","True","True","False","Custom Columns","",,,,""
"NVQ Register","77c99635-016f-49b6-a3d8-b1ef501edab6","UI Version","_UIVersion","_UIVersion","Integer","Integer","Integer","False","True","True","False","Custom Columns","",,,,""
"NVQ Register","77c99635-016f-49b6-a3d8-b1ef501edab6","Version","_UIVersionString","_UIVersionString","Single line of text","Text","Text","False","False","True","False","Custom Columns","",,,,""
"NVQ Register","77c99635-016f-49b6-a3d8-b1ef501edab6","Attachments","Attachments","Attachments","Attachments","Attachments","Attachments","False","False","False","False","Custom Columns","",,,,""
"NVQ Register","77c99635-016f-49b6-a3d8-b1ef501edab6","Approval Status","_ModerationStatus","_ModerationStatus","Moderation Status","ModStat","ModStat","False","True","True","False","Custom Columns","0;#Approved | 1;#Rejected | 2;#Pending | 3;#Draft | 4;#Scheduled",,,"0",""
"NVQ Register","77c99635-016f-49b6-a3d8-b1ef501edab6","Edit","Edit","Edit","Computed","Computed","Computed","False","False","True","False","Custom Columns","",,,,""
"NVQ Register","77c99635-016f-49b6-a3d8-b1ef501edab6","Title","LinkTitleNoMenu","LinkTitleNoMenu","Computed","Computed","Computed","False","False","True","False","Custom Columns","",,,,""
"NVQ Register","77c99635-016f-49b6-a3d8-b1ef501edab6","Title","LinkTitle","LinkTitle","Computed","Computed","Computed","False","False","True","False","Custom Columns","",,,,""
"NVQ Register","77c99635-016f-49b6-a3d8-b1ef501edab6","Title","LinkTitle2","LinkTitle2","Computed","Computed","Computed","False","True","True","False","Custom Columns","",,,,""
"NVQ Register","77c99635-016f-49b6-a3d8-b1ef501edab6","Select","SelectTitle","SelectTitle","Computed","Computed","Computed","False","True","True","False","Custom Columns","",,,,""
"NVQ Register","77c99635-016f-49b6-a3d8-b1ef501edab6","Instance ID","InstanceID","InstanceID","Integer","Integer","Integer","False","True","True","False","Custom Columns","",,,,""
"NVQ Register","77c99635-016f-49b6-a3d8-b1ef501edab6","Order","Order","Order","Number","Number","Number","False","True","False","False","Custom Columns","",,,,""
"NVQ Register","77c99635-016f-49b6-a3d8-b1ef501edab6","GUID","GUID","GUID","Guid","Guid","Guid","False","True","True","False","Custom Columns","",,,,""
"NVQ Register","77c99635-016f-49b6-a3d8-b1ef501edab6","Workflow Instance ID","WorkflowInstanceID","WorkflowInstanceID","Guid","Guid","Guid","False","True","True","False","Custom Columns","",,,,""
"NVQ Register","77c99635-016f-49b6-a3d8-b1ef501edab6","URL Path","FileRef","FileRef","Lookup","Lookup","Lookup","False","True","True","False","Custom Columns","","","FullUrl",,""
"NVQ Register","77c99635-016f-49b6-a3d8-b1ef501edab6","Path","FileDirRef","FileDirRef","Lookup","Lookup","Lookup","False","True","True","False","Custom Columns","","","DirName",,""
"NVQ Register","77c99635-016f-49b6-a3d8-b1ef501edab6","Modified","Last_x0020_Modified","Last_x0020_Modified","Lookup","Lookup","Lookup","False","True","True","False","Custom Columns","","","TimeLastModified",,""
"NVQ Register","77c99635-016f-49b6-a3d8-b1ef501edab6","Created","Created_x0020_Date","Created_x0020_Date","Lookup","Lookup","Lookup","False","True","True","False","Custom Columns","","","TimeCreated",,""
"NVQ Register","77c99635-016f-49b6-a3d8-b1ef501edab6","Item Type","FSObjType","FSObjType","Lookup","Lookup","Lookup","False","True","True","False","Custom Columns","","","FSType",,""
"NVQ Register","77c99635-016f-49b6-a3d8-b1ef501edab6","Sort Type","SortBehavior","SortBehavior","Lookup","Lookup","Lookup","False","True","True","False","Custom Columns","","","SortBehavior",,""
"NVQ Register","77c99635-016f-49b6-a3d8-b1ef501edab6","Effective Permissions Mask","PermMask","PermMask","Computed","Computed","Computed","False","True","True","False","Custom Columns","",,,,""
"NVQ Register","77c99635-016f-49b6-a3d8-b1ef501edab6","Principal Count","PrincipalCount","PrincipalCount","Computed","Computed","Computed","False","True","True","False","Custom Columns","",,,,""
"NVQ Register","77c99635-016f-49b6-a3d8-b1ef501edab6","Name","FileLeafRef","FileLeafRef","File","File","File","False","True","False","False","Custom Columns","",,,,""
"NVQ Register","77c99635-016f-49b6-a3d8-b1ef501edab6","Unique Id","UniqueId","UniqueId","Lookup","Lookup","Lookup","False","True","True","False","Custom Columns","","","UniqueId",,""
"NVQ Register","77c99635-016f-49b6-a3d8-b1ef501edab6","Document Parent Identifier","ParentUniqueId","ParentUniqueId","Lookup","Lookup","Lookup","False","True","True","False","Custom Columns","","","ParentUniqueId",,""
"NVQ Register","77c99635-016f-49b6-a3d8-b1ef501edab6","Client Id","SyncClientId","SyncClientId","Lookup","Lookup","Lookup","False","True","True","False","Custom Columns","","","SyncClientId",,""
"NVQ Register","77c99635-016f-49b6-a3d8-b1ef501edab6","ProgId","ProgId","ProgId","Lookup","Lookup","Lookup","False","True","True","False","Custom Columns","","","ProgId",,""
"NVQ Register","77c99635-016f-49b6-a3d8-b1ef501edab6","ScopeId","ScopeId","ScopeId","Lookup","Lookup","Lookup","False","True","True","False","Custom Columns","","","ScopeId",,""
"NVQ Register","77c99635-016f-49b6-a3d8-b1ef501edab6","HTML File Type","HTML_x0020_File_x0020_Type","HTML_x0020_File_x0020_Type","Computed","Computed","Computed","False","True","True","False","Custom Columns","",,,,""
"NVQ Register","77c99635-016f-49b6-a3d8-b1ef501edab6","Edit Menu Table Start","_EditMenuTableStart","_EditMenuTableStart","Computed","Computed","Computed","False","True","True","False","Custom Columns","",,,,""
"NVQ Register","77c99635-016f-49b6-a3d8-b1ef501edab6","Edit Menu Table Start","_EditMenuTableStart2","_EditMenuTableStart2","Computed","Computed","Computed","False","True","True","False","Custom Columns","",,,,""
"NVQ Register","77c99635-016f-49b6-a3d8-b1ef501edab6","Edit Menu Table End","_EditMenuTableEnd","_EditMenuTableEnd","Computed","Computed","Computed","False","True","True","False","Custom Columns","",,,,""
"NVQ Register","77c99635-016f-49b6-a3d8-b1ef501edab6","Name","LinkFilenameNoMenu","LinkFilenameNoMenu","Computed","Computed","Computed","False","True","True","False","Custom Columns","",,,,""
"NVQ Register","77c99635-016f-49b6-a3d8-b1ef501edab6","Name","LinkFilename","LinkFilename","Computed","Computed","Computed","False","True","True","False","Custom Columns","",,,,""
"NVQ Register","77c99635-016f-49b6-a3d8-b1ef501edab6","Name","LinkFilename2","LinkFilename2","Computed","Computed","Computed","False","True","True","False","Custom Columns","",,,,""
"NVQ Register","77c99635-016f-49b6-a3d8-b1ef501edab6","Type","DocIcon","DocIcon","Computed","Computed","Computed","False","False","True","False","Custom Columns","",,,,""
"NVQ Register","77c99635-016f-49b6-a3d8-b1ef501edab6","Server Relative URL","ServerUrl","ServerUrl","Computed","Computed","Computed","False","True","True","False","Custom Columns","",,,,""
"NVQ Register","77c99635-016f-49b6-a3d8-b1ef501edab6","Encoded Absolute URL","EncodedAbsUrl","EncodedAbsUrl","Computed","Computed","Computed","False","True","True","False","Custom Columns","",,,,""
"NVQ Register","77c99635-016f-49b6-a3d8-b1ef501edab6","File Name","BaseName","BaseName","Computed","Computed","Computed","False","True","True","False","Custom Columns","",,,,""
"NVQ Register","77c99635-016f-49b6-a3d8-b1ef501edab6","Property Bag","MetaInfo","MetaInfo","Lookup","Lookup","Lookup","False","True","False","False","Custom Columns","","","MetaInfo",,""
"NVQ Register","77c99635-016f-49b6-a3d8-b1ef501edab6","Level","_Level","_Level","Integer","Integer","Integer","False","True","True","False","Custom Columns","",,,,""
"NVQ Register","77c99635-016f-49b6-a3d8-b1ef501edab6","Is Current Version","_IsCurrentVersion","_IsCurrentVersion","Yes/No","Boolean","Boolean","False","True","True","False","Custom Columns","",,,,""
"NVQ Register","77c99635-016f-49b6-a3d8-b1ef501edab6","Item Child Count","ItemChildCount","ItemChildCount","Lookup","Lookup","Lookup","False","False","True","False","Custom Columns","","","ItemChildCount",,""
"NVQ Register","77c99635-016f-49b6-a3d8-b1ef501edab6","Folder Child Count","FolderChildCount","FolderChildCount","Lookup","Lookup","Lookup","False","False","True","False","Custom Columns","","","FolderChildCount",,""
"NVQ Register","77c99635-016f-49b6-a3d8-b1ef501edab6","Restricted","Restricted","Restricted","Lookup","Lookup","Lookup","False","True","True","False","Custom Columns","","","Restricted",,""
"NVQ Register","77c99635-016f-49b6-a3d8-b1ef501edab6","Originator Id","OriginatorId","OriginatorId","Lookup","Lookup","Lookup","False","True","True","False","Custom Columns","","","OriginatorId",,""
"NVQ Register","77c99635-016f-49b6-a3d8-b1ef501edab6","NoExecute","NoExecute","NoExecute","Lookup","Lookup","Lookup","False","True","True","False","Custom Columns","","","DocFlags",,""
"NVQ Register","77c99635-016f-49b6-a3d8-b1ef501edab6","Content Version","ContentVersion","ContentVersion","Lookup","Lookup","Lookup","False","True","True","False","Custom Columns","","","ContentVersion",,""
"NVQ Register","77c99635-016f-49b6-a3d8-b1ef501edab6","Label setting","_ComplianceFlags","_ComplianceFlags","Lookup","Lookup","Lookup","False","False","True","False","Custom Columns","","","ComplianceFlags",,""
"NVQ Register","77c99635-016f-49b6-a3d8-b1ef501edab6","Retention label","_ComplianceTag","_ComplianceTag","Lookup","Lookup","Lookup","False","False","True","False","Custom Columns","","","ComplianceTag",,""
"NVQ Register","77c99635-016f-49b6-a3d8-b1ef501edab6","Retention label Applied","_ComplianceTagWrittenTime","_ComplianceTagWrittenTime","Lookup","Lookup","Lookup","False","False","True","False","Custom Columns","","","ComplianceTagWrittenTime",,""
"NVQ Register","77c99635-016f-49b6-a3d8-b1ef501edab6","Label applied by","_ComplianceTagUserId","_ComplianceTagUserId","Lookup","Lookup","Lookup","False","False","True","False","Custom Columns","","","ComplianceTagUserId",,""
"NVQ Register","77c99635-016f-49b6-a3d8-b1ef501edab6","Item is a Record","_IsRecord","_IsRecord","Computed","Computed","Computed","False","False","True","False","Custom Columns","",,,,""
"NVQ Register","77c99635-016f-49b6-a3d8-b1ef501edab6","Access Policy","AccessPolicy","AccessPolicy","Lookup","Lookup","Lookup","False","True","True","False","Custom Columns","","","AccessPolicy",,""
"NVQ Register","77c99635-016f-49b6-a3d8-b1ef501edab6","VirusStatus","_VirusStatus","_VirusStatus","Lookup","Lookup","Lookup","False","True","True","False","Custom Columns","","","VirusStatus",,""
"NVQ Register","77c99635-016f-49b6-a3d8-b1ef501edab6","VirusVendorID","_VirusVendorID","_VirusVendorID","Lookup","Lookup","Lookup","False","True","True","False","Custom Columns","","","VirusVendorID",,""
"NVQ Register","77c99635-016f-49b6-a3d8-b1ef501edab6","VirusInfo","_VirusInfo","_VirusInfo","Lookup","Lookup","Lookup","False","True","True","False","Custom Columns","","","VirusInfo",,""
"NVQ Register","77c99635-016f-49b6-a3d8-b1ef501edab6","RansomwareAnomalyMetaInfo","_RansomwareAnomalyMetaInfo","_RansomwareAnomalyMetaInfo","Lookup","Lookup","Lookup","False","True","True","False","Custom Columns","","","RansomwareAnomalyMetaInfo",,""
"NVQ Register","77c99635-016f-49b6-a3d8-b1ef501edab6","Draft Owner Id","_DraftOwnerId","_DraftOwnerId","Lookup","Lookup","Lookup","False","True","True","False","Custom Columns","","","DraftOwnerId",,""
"NVQ Register","77c99635-016f-49b6-a3d8-b1ef501edab6","Main Link settings","MainLinkSettings","MainLinkSettings","Computed","Computed","Computed","False","True","True","False","Custom Columns","",,,,""
"NVQ Register","77c99635-016f-49b6-a3d8-b1ef501edab6","App Created By","AppAuthor","AppAuthor","Lookup","Lookup","Lookup","False","False","True","False","Custom Columns","","AppPrincipals","Title",,""
"NVQ Register","77c99635-016f-49b6-a3d8-b1ef501edab6","App Modified By","AppEditor","AppEditor","Lookup","Lookup","Lookup","False","False","True","False","Custom Columns","","AppPrincipals","Title",,""
"NVQ Register","77c99635-016f-49b6-a3d8-b1ef501edab6","Total Size","SMTotalSize","SMTotalSize","Lookup","Lookup","Lookup","False","True","True","False","Custom Columns","","","SMTotalSize",,""
"NVQ Register","77c99635-016f-49b6-a3d8-b1ef501edab6","Last Modified Date","SMLastModifiedDate","SMLastModifiedDate","Lookup","Lookup","Lookup","False","True","True","False","Custom Columns","","","SMLastModifiedDate",,""
"NVQ Register","77c99635-016f-49b6-a3d8-b1ef501edab6","Total File Stream Size","SMTotalFileStreamSize","SMTotalFileStreamSize","Lookup","Lookup","Lookup","False","True","True","False","Custom Columns","","","SMTotalFileStreamSize",,""
"NVQ Register","77c99635-016f-49b6-a3d8-b1ef501edab6","Total File Count","SMTotalFileCount","SMTotalFileCount","Lookup","Lookup","Lookup","False","True","True","False","Custom Columns","","","SMTotalFileCount",,""
"NVQ Register","77c99635-016f-49b6-a3d8-b1ef501edab6","Comment settings","_CommentFlags","_CommentFlags","Lookup","Lookup","Lookup","False","True","True","False","Custom Columns","","","CommentFlags",,""
"NVQ Register","77c99635-016f-49b6-a3d8-b1ef501edab6","Comment count","_CommentCount","_CommentCount","Lookup","Lookup","Lookup","False","True","True","False","Custom Columns","","","CommentCount",,""
"Offers / Promotions","8e887fc7-0404-47e3-977c-e6e24e0b85c6","Content Type ID","ContentTypeId","ContentTypeId","Content Type Id","ContentTypeId","ContentTypeId","False","True","True","False","Custom Columns","",,,,""
"Offers / Promotions","8e887fc7-0404-47e3-977c-e6e24e0b85c6","Title","Title","Title","Single line of text","Text","Text","False","False","False","False","Custom Columns","",,,,""
"Offers / Promotions","8e887fc7-0404-47e3-977c-e6e24e0b85c6","Approver Comments","_ModerationComments","_ModerationComments","Multiple lines of text","Note","Note","False","True","True","False","Custom Columns","",,,,""
"Offers / Promotions","8e887fc7-0404-47e3-977c-e6e24e0b85c6","Offer Title","LinkTitle","LinkTitle","Computed","Computed","Computed","False","False","True","False","Custom Columns","",,,,""
"Offers / Promotions","8e887fc7-0404-47e3-977c-e6e24e0b85c6","File Type","File_x0020_Type","File_x0020_Type","Single line of text","Text","Text","False","True","True","False","Custom Columns","",,,,""
"Offers / Promotions","8e887fc7-0404-47e3-977c-e6e24e0b85c6","Color","_ColorHex","_ColorHex","Single line of text","Text","Text","False","True","True","False","Custom Columns","",,,,""
"Offers / Promotions","8e887fc7-0404-47e3-977c-e6e24e0b85c6","Color Tag","_ColorTag","_ColorTag","Single line of text","Text","Text","False","False","True","False","Custom Columns","",,,,""
"Offers / Promotions","8e887fc7-0404-47e3-977c-e6e24e0b85c6","Emoji","_Emoji","_Emoji","Single line of text","Text","Text","False","True","True","False","Custom Columns","",,,,""
"Offers / Promotions","8e887fc7-0404-47e3-977c-e6e24e0b85c6","Compliance Asset Id","ComplianceAssetId","ComplianceAssetId","Single line of text","Text","Text","False","False","True","False","Custom Columns","",,,,""
"Offers / Promotions","8e887fc7-0404-47e3-977c-e6e24e0b85c6","Category","Category","Category","Choice","Choice","Choice","False","False","False","False","Custom Columns","NPORS | EUSR | Streetworks | NVQ | In-House | M4S | General",,,,""
"Offers / Promotions","8e887fc7-0404-47e3-977c-e6e24e0b85c6","Short Description","ShortDescription","ShortDescription","Multiple lines of text","Note","Note","False","False","False","False","Custom Columns","",,,,""
"Offers / Promotions","8e887fc7-0404-47e3-977c-e6e24e0b85c6","Start Date","StartDate","StartDate","Date and Time","DateTime","DateTime","False","False","False","False","Custom Columns","",,,,""
"Offers / Promotions","8e887fc7-0404-47e3-977c-e6e24e0b85c6","End Date ","EndDate","EndDate","Date and Time","DateTime","DateTime","False","False","False","False","Custom Columns","",,,,""
"Offers / Promotions","8e887fc7-0404-47e3-977c-e6e24e0b85c6","Status","Status","Status","Choice","Choice","Choice","False","False","False","False","Custom Columns","Active | Inactive | Expired",,,"Active",""
"Offers / Promotions","8e887fc7-0404-47e3-977c-e6e24e0b85c6","Customer Visible","CustomerVisible","CustomerVisible","Yes/No","Boolean","Boolean","False","False","False","False","Custom Columns","",,,"1",""
"Offers / Promotions","8e887fc7-0404-47e3-977c-e6e24e0b85c6","ID","ID","ID","Counter","Counter","Counter","False","False","True","False","Custom Columns","",,,,""
"Offers / Promotions","8e887fc7-0404-47e3-977c-e6e24e0b85c6","Content Type","ContentType","ContentType","Computed","Computed","Computed","False","False","False","False","_Hidden","",,,,""
"Offers / Promotions","8e887fc7-0404-47e3-977c-e6e24e0b85c6","Modified","Modified","Modified","Date and Time","DateTime","DateTime","False","False","True","False","Custom Columns","",,,,""
"Offers / Promotions","8e887fc7-0404-47e3-977c-e6e24e0b85c6","Created","Created","Created","Date and Time","DateTime","DateTime","False","False","True","False","Custom Columns","",,,,""
"Offers / Promotions","8e887fc7-0404-47e3-977c-e6e24e0b85c6","Created By","Author","Author","Person or Group","User","User","False","False","True","False","Custom Columns","","{05970f80-1382-466a-ab40-156b3e727c70}","",,""
"Offers / Promotions","8e887fc7-0404-47e3-977c-e6e24e0b85c6","Modified By","Editor","Editor","Person or Group","User","User","False","False","True","False","Custom Columns","","{05970f80-1382-466a-ab40-156b3e727c70}","",,""
"Offers / Promotions","8e887fc7-0404-47e3-977c-e6e24e0b85c6","Has Copy Destinations","_HasCopyDestinations","_HasCopyDestinations","Yes/No","Boolean","Boolean","False","True","True","False","Custom Columns","",,,,""
"Offers / Promotions","8e887fc7-0404-47e3-977c-e6e24e0b85c6","Copy Source","_CopySource","_CopySource","Single line of text","Text","Text","False","True","True","False","Custom Columns","",,,,""
"Offers / Promotions","8e887fc7-0404-47e3-977c-e6e24e0b85c6","owshiddenversion","owshiddenversion","owshiddenversion","Integer","Integer","Integer","False","True","True","False","Custom Columns","",,,,""
"Offers / Promotions","8e887fc7-0404-47e3-977c-e6e24e0b85c6","Workflow Version","WorkflowVersion","WorkflowVersion","Integer","Integer","Integer","False","True","True","False","Custom Columns","",,,,""
"Offers / Promotions","8e887fc7-0404-47e3-977c-e6e24e0b85c6","UI Version","_UIVersion","_UIVersion","Integer","Integer","Integer","False","True","True","False","Custom Columns","",,,,""
"Offers / Promotions","8e887fc7-0404-47e3-977c-e6e24e0b85c6","Version","_UIVersionString","_UIVersionString","Single line of text","Text","Text","False","False","True","False","Custom Columns","",,,,""
"Offers / Promotions","8e887fc7-0404-47e3-977c-e6e24e0b85c6","Attachments","Attachments","Attachments","Attachments","Attachments","Attachments","False","False","False","False","Custom Columns","",,,,""
"Offers / Promotions","8e887fc7-0404-47e3-977c-e6e24e0b85c6","Approval Status","_ModerationStatus","_ModerationStatus","Moderation Status","ModStat","ModStat","False","True","True","False","Custom Columns","0;#Approved | 1;#Rejected | 2;#Pending | 3;#Draft | 4;#Scheduled",,,"0",""
"Offers / Promotions","8e887fc7-0404-47e3-977c-e6e24e0b85c6","Edit","Edit","Edit","Computed","Computed","Computed","False","False","True","False","Custom Columns","",,,,""
"Offers / Promotions","8e887fc7-0404-47e3-977c-e6e24e0b85c6","Title","LinkTitleNoMenu","LinkTitleNoMenu","Computed","Computed","Computed","False","False","True","False","Custom Columns","",,,,""
"Offers / Promotions","8e887fc7-0404-47e3-977c-e6e24e0b85c6","Title","LinkTitle2","LinkTitle2","Computed","Computed","Computed","False","True","True","False","Custom Columns","",,,,""
"Offers / Promotions","8e887fc7-0404-47e3-977c-e6e24e0b85c6","Select","SelectTitle","SelectTitle","Computed","Computed","Computed","False","True","True","False","Custom Columns","",,,,""
"Offers / Promotions","8e887fc7-0404-47e3-977c-e6e24e0b85c6","Instance ID","InstanceID","InstanceID","Integer","Integer","Integer","False","True","True","False","Custom Columns","",,,,""
"Offers / Promotions","8e887fc7-0404-47e3-977c-e6e24e0b85c6","Order","Order","Order","Number","Number","Number","False","True","False","False","Custom Columns","",,,,""
"Offers / Promotions","8e887fc7-0404-47e3-977c-e6e24e0b85c6","GUID","GUID","GUID","Guid","Guid","Guid","False","True","True","False","Custom Columns","",,,,""
"Offers / Promotions","8e887fc7-0404-47e3-977c-e6e24e0b85c6","Workflow Instance ID","WorkflowInstanceID","WorkflowInstanceID","Guid","Guid","Guid","False","True","True","False","Custom Columns","",,,,""
"Offers / Promotions","8e887fc7-0404-47e3-977c-e6e24e0b85c6","URL Path","FileRef","FileRef","Lookup","Lookup","Lookup","False","True","True","False","Custom Columns","","","FullUrl",,""
"Offers / Promotions","8e887fc7-0404-47e3-977c-e6e24e0b85c6","Path","FileDirRef","FileDirRef","Lookup","Lookup","Lookup","False","True","True","False","Custom Columns","","","DirName",,""
"Offers / Promotions","8e887fc7-0404-47e3-977c-e6e24e0b85c6","Modified","Last_x0020_Modified","Last_x0020_Modified","Lookup","Lookup","Lookup","False","True","True","False","Custom Columns","","","TimeLastModified",,""
"Offers / Promotions","8e887fc7-0404-47e3-977c-e6e24e0b85c6","Created","Created_x0020_Date","Created_x0020_Date","Lookup","Lookup","Lookup","False","True","True","False","Custom Columns","","","TimeCreated",,""
"Offers / Promotions","8e887fc7-0404-47e3-977c-e6e24e0b85c6","Item Type","FSObjType","FSObjType","Lookup","Lookup","Lookup","False","True","True","False","Custom Columns","","","FSType",,""
"Offers / Promotions","8e887fc7-0404-47e3-977c-e6e24e0b85c6","Sort Type","SortBehavior","SortBehavior","Lookup","Lookup","Lookup","False","True","True","False","Custom Columns","","","SortBehavior",,""
"Offers / Promotions","8e887fc7-0404-47e3-977c-e6e24e0b85c6","Effective Permissions Mask","PermMask","PermMask","Computed","Computed","Computed","False","True","True","False","Custom Columns","",,,,""
"Offers / Promotions","8e887fc7-0404-47e3-977c-e6e24e0b85c6","Principal Count","PrincipalCount","PrincipalCount","Computed","Computed","Computed","False","True","True","False","Custom Columns","",,,,""
"Offers / Promotions","8e887fc7-0404-47e3-977c-e6e24e0b85c6","Name","FileLeafRef","FileLeafRef","File","File","File","False","True","False","False","Custom Columns","",,,,""
"Offers / Promotions","8e887fc7-0404-47e3-977c-e6e24e0b85c6","Unique Id","UniqueId","UniqueId","Lookup","Lookup","Lookup","False","True","True","False","Custom Columns","","","UniqueId",,""
"Offers / Promotions","8e887fc7-0404-47e3-977c-e6e24e0b85c6","Document Parent Identifier","ParentUniqueId","ParentUniqueId","Lookup","Lookup","Lookup","False","True","True","False","Custom Columns","","","ParentUniqueId",,""
"Offers / Promotions","8e887fc7-0404-47e3-977c-e6e24e0b85c6","Client Id","SyncClientId","SyncClientId","Lookup","Lookup","Lookup","False","True","True","False","Custom Columns","","","SyncClientId",,""
"Offers / Promotions","8e887fc7-0404-47e3-977c-e6e24e0b85c6","ProgId","ProgId","ProgId","Lookup","Lookup","Lookup","False","True","True","False","Custom Columns","","","ProgId",,""
"Offers / Promotions","8e887fc7-0404-47e3-977c-e6e24e0b85c6","ScopeId","ScopeId","ScopeId","Lookup","Lookup","Lookup","False","True","True","False","Custom Columns","","","ScopeId",,""
"Offers / Promotions","8e887fc7-0404-47e3-977c-e6e24e0b85c6","HTML File Type","HTML_x0020_File_x0020_Type","HTML_x0020_File_x0020_Type","Computed","Computed","Computed","False","True","True","False","Custom Columns","",,,,""
"Offers / Promotions","8e887fc7-0404-47e3-977c-e6e24e0b85c6","Edit Menu Table Start","_EditMenuTableStart","_EditMenuTableStart","Computed","Computed","Computed","False","True","True","False","Custom Columns","",,,,""
"Offers / Promotions","8e887fc7-0404-47e3-977c-e6e24e0b85c6","Edit Menu Table Start","_EditMenuTableStart2","_EditMenuTableStart2","Computed","Computed","Computed","False","True","True","False","Custom Columns","",,,,""
"Offers / Promotions","8e887fc7-0404-47e3-977c-e6e24e0b85c6","Edit Menu Table End","_EditMenuTableEnd","_EditMenuTableEnd","Computed","Computed","Computed","False","True","True","False","Custom Columns","",,,,""
"Offers / Promotions","8e887fc7-0404-47e3-977c-e6e24e0b85c6","Name","LinkFilenameNoMenu","LinkFilenameNoMenu","Computed","Computed","Computed","False","True","True","False","Custom Columns","",,,,""
"Offers / Promotions","8e887fc7-0404-47e3-977c-e6e24e0b85c6","Name","LinkFilename","LinkFilename","Computed","Computed","Computed","False","True","True","False","Custom Columns","",,,,""
"Offers / Promotions","8e887fc7-0404-47e3-977c-e6e24e0b85c6","Name","LinkFilename2","LinkFilename2","Computed","Computed","Computed","False","True","True","False","Custom Columns","",,,,""
"Offers / Promotions","8e887fc7-0404-47e3-977c-e6e24e0b85c6","Type","DocIcon","DocIcon","Computed","Computed","Computed","False","False","True","False","Custom Columns","",,,,""
"Offers / Promotions","8e887fc7-0404-47e3-977c-e6e24e0b85c6","Server Relative URL","ServerUrl","ServerUrl","Computed","Computed","Computed","False","True","True","False","Custom Columns","",,,,""
"Offers / Promotions","8e887fc7-0404-47e3-977c-e6e24e0b85c6","Encoded Absolute URL","EncodedAbsUrl","EncodedAbsUrl","Computed","Computed","Computed","False","True","True","False","Custom Columns","",,,,""
"Offers / Promotions","8e887fc7-0404-47e3-977c-e6e24e0b85c6","File Name","BaseName","BaseName","Computed","Computed","Computed","False","True","True","False","Custom Columns","",,,,""
"Offers / Promotions","8e887fc7-0404-47e3-977c-e6e24e0b85c6","Property Bag","MetaInfo","MetaInfo","Lookup","Lookup","Lookup","False","True","False","False","Custom Columns","","","MetaInfo",,""
"Offers / Promotions","8e887fc7-0404-47e3-977c-e6e24e0b85c6","Level","_Level","_Level","Integer","Integer","Integer","False","True","True","False","Custom Columns","",,,,""
"Offers / Promotions","8e887fc7-0404-47e3-977c-e6e24e0b85c6","Is Current Version","_IsCurrentVersion","_IsCurrentVersion","Yes/No","Boolean","Boolean","False","True","True","False","Custom Columns","",,,,""
"Offers / Promotions","8e887fc7-0404-47e3-977c-e6e24e0b85c6","Item Child Count","ItemChildCount","ItemChildCount","Lookup","Lookup","Lookup","False","False","True","False","Custom Columns","","","ItemChildCount",,""
"Offers / Promotions","8e887fc7-0404-47e3-977c-e6e24e0b85c6","Folder Child Count","FolderChildCount","FolderChildCount","Lookup","Lookup","Lookup","False","False","True","False","Custom Columns","","","FolderChildCount",,""
"Offers / Promotions","8e887fc7-0404-47e3-977c-e6e24e0b85c6","Restricted","Restricted","Restricted","Lookup","Lookup","Lookup","False","True","True","False","Custom Columns","","","Restricted",,""
"Offers / Promotions","8e887fc7-0404-47e3-977c-e6e24e0b85c6","Originator Id","OriginatorId","OriginatorId","Lookup","Lookup","Lookup","False","True","True","False","Custom Columns","","","OriginatorId",,""
"Offers / Promotions","8e887fc7-0404-47e3-977c-e6e24e0b85c6","NoExecute","NoExecute","NoExecute","Lookup","Lookup","Lookup","False","True","True","False","Custom Columns","","","DocFlags",,""
"Offers / Promotions","8e887fc7-0404-47e3-977c-e6e24e0b85c6","Content Version","ContentVersion","ContentVersion","Lookup","Lookup","Lookup","False","True","True","False","Custom Columns","","","ContentVersion",,""
"Offers / Promotions","8e887fc7-0404-47e3-977c-e6e24e0b85c6","Label setting","_ComplianceFlags","_ComplianceFlags","Lookup","Lookup","Lookup","False","False","True","False","Custom Columns","","","ComplianceFlags",,""
"Offers / Promotions","8e887fc7-0404-47e3-977c-e6e24e0b85c6","Retention label","_ComplianceTag","_ComplianceTag","Lookup","Lookup","Lookup","False","False","True","False","Custom Columns","","","ComplianceTag",,""
"Offers / Promotions","8e887fc7-0404-47e3-977c-e6e24e0b85c6","Retention label Applied","_ComplianceTagWrittenTime","_ComplianceTagWrittenTime","Lookup","Lookup","Lookup","False","False","True","False","Custom Columns","","","ComplianceTagWrittenTime",,""
"Offers / Promotions","8e887fc7-0404-47e3-977c-e6e24e0b85c6","Label applied by","_ComplianceTagUserId","_ComplianceTagUserId","Lookup","Lookup","Lookup","False","False","True","False","Custom Columns","","","ComplianceTagUserId",,""
"Offers / Promotions","8e887fc7-0404-47e3-977c-e6e24e0b85c6","Item is a Record","_IsRecord","_IsRecord","Computed","Computed","Computed","False","False","True","False","Custom Columns","",,,,""
"Offers / Promotions","8e887fc7-0404-47e3-977c-e6e24e0b85c6","Access Policy","AccessPolicy","AccessPolicy","Lookup","Lookup","Lookup","False","True","True","False","Custom Columns","","","AccessPolicy",,""
"Offers / Promotions","8e887fc7-0404-47e3-977c-e6e24e0b85c6","VirusStatus","_VirusStatus","_VirusStatus","Lookup","Lookup","Lookup","False","True","True","False","Custom Columns","","","VirusStatus",,""
"Offers / Promotions","8e887fc7-0404-47e3-977c-e6e24e0b85c6","VirusVendorID","_VirusVendorID","_VirusVendorID","Lookup","Lookup","Lookup","False","True","True","False","Custom Columns","","","VirusVendorID",,""
"Offers / Promotions","8e887fc7-0404-47e3-977c-e6e24e0b85c6","VirusInfo","_VirusInfo","_VirusInfo","Lookup","Lookup","Lookup","False","True","True","False","Custom Columns","","","VirusInfo",,""
"Offers / Promotions","8e887fc7-0404-47e3-977c-e6e24e0b85c6","RansomwareAnomalyMetaInfo","_RansomwareAnomalyMetaInfo","_RansomwareAnomalyMetaInfo","Lookup","Lookup","Lookup","False","True","True","False","Custom Columns","","","RansomwareAnomalyMetaInfo",,""
"Offers / Promotions","8e887fc7-0404-47e3-977c-e6e24e0b85c6","Draft Owner Id","_DraftOwnerId","_DraftOwnerId","Lookup","Lookup","Lookup","False","True","True","False","Custom Columns","","","DraftOwnerId",,""
"Offers / Promotions","8e887fc7-0404-47e3-977c-e6e24e0b85c6","Main Link settings","MainLinkSettings","MainLinkSettings","Computed","Computed","Computed","False","True","True","False","Custom Columns","",,,,""
"Offers / Promotions","8e887fc7-0404-47e3-977c-e6e24e0b85c6","App Created By","AppAuthor","AppAuthor","Lookup","Lookup","Lookup","False","False","True","False","Custom Columns","","AppPrincipals","Title",,""
"Offers / Promotions","8e887fc7-0404-47e3-977c-e6e24e0b85c6","App Modified By","AppEditor","AppEditor","Lookup","Lookup","Lookup","False","False","True","False","Custom Columns","","AppPrincipals","Title",,""
"Offers / Promotions","8e887fc7-0404-47e3-977c-e6e24e0b85c6","Total Size","SMTotalSize","SMTotalSize","Lookup","Lookup","Lookup","False","True","True","False","Custom Columns","","","SMTotalSize",,""
"Offers / Promotions","8e887fc7-0404-47e3-977c-e6e24e0b85c6","Last Modified Date","SMLastModifiedDate","SMLastModifiedDate","Lookup","Lookup","Lookup","False","True","True","False","Custom Columns","","","SMLastModifiedDate",,""
"Offers / Promotions","8e887fc7-0404-47e3-977c-e6e24e0b85c6","Total File Stream Size","SMTotalFileStreamSize","SMTotalFileStreamSize","Lookup","Lookup","Lookup","False","True","True","False","Custom Columns","","","SMTotalFileStreamSize",,""
"Offers / Promotions","8e887fc7-0404-47e3-977c-e6e24e0b85c6","Total File Count","SMTotalFileCount","SMTotalFileCount","Lookup","Lookup","Lookup","False","True","True","False","Custom Columns","","","SMTotalFileCount",,""
"Offers / Promotions","8e887fc7-0404-47e3-977c-e6e24e0b85c6","Comment settings","_CommentFlags","_CommentFlags","Lookup","Lookup","Lookup","False","True","True","False","Custom Columns","","","CommentFlags",,""
"Offers / Promotions","8e887fc7-0404-47e3-977c-e6e24e0b85c6","Comment count","_CommentCount","_CommentCount","Lookup","Lookup","Lookup","False","True","True","False","Custom Columns","","","CommentCount",,""
"Permissions List","68ca20bb-5246-4dd0-89ea-9f0ea382d99d","Content Type ID","ContentTypeId","ContentTypeId","Content Type Id","ContentTypeId","ContentTypeId","False","True","True","False","Custom Columns","",,,,""
"Permissions List","68ca20bb-5246-4dd0-89ea-9f0ea382d99d","Title","Title","Title","Single line of text","Text","Text","False","False","False","False","Custom Columns","",,,,""
"Permissions List","68ca20bb-5246-4dd0-89ea-9f0ea382d99d","Approver Comments","_ModerationComments","_ModerationComments","Multiple lines of text","Note","Note","False","True","True","False","Custom Columns","",,,,""
"Permissions List","68ca20bb-5246-4dd0-89ea-9f0ea382d99d","File Type","File_x0020_Type","File_x0020_Type","Single line of text","Text","Text","False","True","True","False","Custom Columns","",,,,""
"Permissions List","68ca20bb-5246-4dd0-89ea-9f0ea382d99d","Color","_ColorHex","_ColorHex","Single line of text","Text","Text","False","True","True","False","Custom Columns","",,,,""
"Permissions List","68ca20bb-5246-4dd0-89ea-9f0ea382d99d","Color Tag","_ColorTag","_ColorTag","Single line of text","Text","Text","False","False","True","False","Custom Columns","",,,,""
"Permissions List","68ca20bb-5246-4dd0-89ea-9f0ea382d99d","Emoji","_Emoji","_Emoji","Single line of text","Text","Text","False","True","True","False","Custom Columns","",,,,""
"Permissions List","68ca20bb-5246-4dd0-89ea-9f0ea382d99d","Compliance Asset Id","ComplianceAssetId","ComplianceAssetId","Single line of text","Text","Text","False","False","True","False","Custom Columns","",,,,""
"Permissions List","68ca20bb-5246-4dd0-89ea-9f0ea382d99d","Company","Company","Company","Lookup","Lookup","Lookup","True","False","False","True","Custom Columns","","6079c6aa-d657-42a8-9a7b-9c8e074386b4","CompanyName",,""
"Permissions List","68ca20bb-5246-4dd0-89ea-9f0ea382d99d","Role Type","RoleType","RoleType","Choice","Choice","Choice","True","False","False","False","Custom Columns","Training Manager | Supervisor",,,,""
"Permissions List","68ca20bb-5246-4dd0-89ea-9f0ea382d99d","User Email","UserEmail","UserEmail","Single line of text","Text","Text","True","False","False","False","Custom Columns","",,,,""
"Permissions List","68ca20bb-5246-4dd0-89ea-9f0ea382d99d","flowCreation","flowCreation","flowCreation","Single line of text","Text","Text","False","False","False","False","Custom Columns","",,,"Allow",""
"Permissions List","68ca20bb-5246-4dd0-89ea-9f0ea382d99d","Name","Name","Name","Single line of text","Text","Text","False","False","False","False","Custom Columns","",,,,""
"Permissions List","68ca20bb-5246-4dd0-89ea-9f0ea382d99d","Departments","Departments","Departments","Choice","MultiChoice","MultiChoice","False","False","False","False","Custom Columns","Plant | Transport | Surfacing | Utilities",,,,""
"Permissions List","68ca20bb-5246-4dd0-89ea-9f0ea382d99d","Departments Allowed","DepartmentsAllowed","DepartmentsAllowed","Lookup","LookupMulti","Lookup","False","False","False","False","Custom Columns","","6138bc88-b49e-4c46-b4de-5f02fd8da8b0","Name",,""
"Permissions List","68ca20bb-5246-4dd0-89ea-9f0ea382d99d","Status","Status","Status","Choice","Choice","Choice","False","False","False","False","Custom Columns","Active | Inactive",,,"Active",""
"Permissions List","68ca20bb-5246-4dd0-89ea-9f0ea382d99d","Access Scope","AccessScope","AccessScope","Choice","Choice","Choice","False","False","False","False","Custom Columns","Full Company | Department Only | Candidate Only",,,"Department Only",""
"Permissions List","68ca20bb-5246-4dd0-89ea-9f0ea382d99d","Can View","CanView","CanView","Yes/No","Boolean","Boolean","False","False","False","False","Custom Columns","",,,"1",""
"Permissions List","68ca20bb-5246-4dd0-89ea-9f0ea382d99d","Can Download","CanDownload","CanDownload","Yes/No","Boolean","Boolean","False","False","False","False","Custom Columns","",,,"1",""
"Permissions List","68ca20bb-5246-4dd0-89ea-9f0ea382d99d","Can Edit","CanEdit","CanEdit","Yes/No","Boolean","Boolean","False","False","False","False","Custom Columns","",,,"0",""
"Permissions List","68ca20bb-5246-4dd0-89ea-9f0ea382d99d","Receive Expiry Notifications","ReceiveExpiryNotifications","ReceiveExpiryNotifications","Yes/No","Boolean","Boolean","False","False","False","False","Custom Columns","",,,"1",""
"Permissions List","68ca20bb-5246-4dd0-89ea-9f0ea382d99d","Receive Document Notifications","ReceiveDocumentNotifications","ReceiveDocumentNotifications","Yes/No","Boolean","Boolean","False","False","False","False","Custom Columns","",,,"1",""
"Permissions List","68ca20bb-5246-4dd0-89ea-9f0ea382d99d","Customer Notifications Enabled","CustomerNotificationsEnabled","CustomerNotificationsEnabled","Yes/No","Boolean","Boolean","False","False","False","False","Custom Columns","",,,"1",""
"Permissions List","68ca20bb-5246-4dd0-89ea-9f0ea382d99d","Start Date","StartDate","StartDate","Date and Time","DateTime","DateTime","False","False","False","False","Custom Columns","",,,,""
"Permissions List","68ca20bb-5246-4dd0-89ea-9f0ea382d99d"," End Date","EndDate","EndDate","Date and Time","DateTime","DateTime","False","False","False","False","Custom Columns","",,,,""
"Permissions List","68ca20bb-5246-4dd0-89ea-9f0ea382d99d","Notes","Notes","Notes","Multiple lines of text","Note","Note","False","False","False","False","Custom Columns","",,,,""
"Permissions List","68ca20bb-5246-4dd0-89ea-9f0ea382d99d","Receive Notifications","Receive_x0020_Notifications","ReceiveNotifications","Yes/No","Boolean","Boolean","False","False","False","False","PAVE Schema","",,,"1",""
"Permissions List","68ca20bb-5246-4dd0-89ea-9f0ea382d99d","ID","ID","ID","Counter","Counter","Counter","False","False","True","False","Custom Columns","",,,,""
"Permissions List","68ca20bb-5246-4dd0-89ea-9f0ea382d99d","Content Type","ContentType","ContentType","Computed","Computed","Computed","False","False","False","False","_Hidden","",,,,""
"Permissions List","68ca20bb-5246-4dd0-89ea-9f0ea382d99d","Modified","Modified","Modified","Date and Time","DateTime","DateTime","False","False","True","False","Custom Columns","",,,,""
"Permissions List","68ca20bb-5246-4dd0-89ea-9f0ea382d99d","Created","Created","Created","Date and Time","DateTime","DateTime","False","False","True","False","Custom Columns","",,,,""
"Permissions List","68ca20bb-5246-4dd0-89ea-9f0ea382d99d","Created By","Author","Author","Person or Group","User","User","False","False","True","False","Custom Columns","","{05970f80-1382-466a-ab40-156b3e727c70}","",,""
"Permissions List","68ca20bb-5246-4dd0-89ea-9f0ea382d99d","Modified By","Editor","Editor","Person or Group","User","User","False","False","True","False","Custom Columns","","{05970f80-1382-466a-ab40-156b3e727c70}","",,""
"Permissions List","68ca20bb-5246-4dd0-89ea-9f0ea382d99d","Has Copy Destinations","_HasCopyDestinations","_HasCopyDestinations","Yes/No","Boolean","Boolean","False","True","True","False","Custom Columns","",,,,""
"Permissions List","68ca20bb-5246-4dd0-89ea-9f0ea382d99d","Copy Source","_CopySource","_CopySource","Single line of text","Text","Text","False","True","True","False","Custom Columns","",,,,""
"Permissions List","68ca20bb-5246-4dd0-89ea-9f0ea382d99d","owshiddenversion","owshiddenversion","owshiddenversion","Integer","Integer","Integer","False","True","True","False","Custom Columns","",,,,""
"Permissions List","68ca20bb-5246-4dd0-89ea-9f0ea382d99d","Workflow Version","WorkflowVersion","WorkflowVersion","Integer","Integer","Integer","False","True","True","False","Custom Columns","",,,,""
"Permissions List","68ca20bb-5246-4dd0-89ea-9f0ea382d99d","UI Version","_UIVersion","_UIVersion","Integer","Integer","Integer","False","True","True","False","Custom Columns","",,,,""
"Permissions List","68ca20bb-5246-4dd0-89ea-9f0ea382d99d","Version","_UIVersionString","_UIVersionString","Single line of text","Text","Text","False","False","True","False","Custom Columns","",,,,""
"Permissions List","68ca20bb-5246-4dd0-89ea-9f0ea382d99d","Attachments","Attachments","Attachments","Attachments","Attachments","Attachments","False","False","False","False","Custom Columns","",,,,""
"Permissions List","68ca20bb-5246-4dd0-89ea-9f0ea382d99d","Approval Status","_ModerationStatus","_ModerationStatus","Moderation Status","ModStat","ModStat","False","True","True","False","Custom Columns","0;#Approved | 1;#Rejected | 2;#Pending | 3;#Draft | 4;#Scheduled",,,"0",""
"Permissions List","68ca20bb-5246-4dd0-89ea-9f0ea382d99d","Edit","Edit","Edit","Computed","Computed","Computed","False","False","True","False","Custom Columns","",,,,""
"Permissions List","68ca20bb-5246-4dd0-89ea-9f0ea382d99d","Title","LinkTitleNoMenu","LinkTitleNoMenu","Computed","Computed","Computed","False","False","True","False","Custom Columns","",,,,""
"Permissions List","68ca20bb-5246-4dd0-89ea-9f0ea382d99d","Title","LinkTitle","LinkTitle","Computed","Computed","Computed","False","False","True","False","Custom Columns","",,,,""
"Permissions List","68ca20bb-5246-4dd0-89ea-9f0ea382d99d","Title","LinkTitle2","LinkTitle2","Computed","Computed","Computed","False","True","True","False","Custom Columns","",,,,""
"Permissions List","68ca20bb-5246-4dd0-89ea-9f0ea382d99d","Select","SelectTitle","SelectTitle","Computed","Computed","Computed","False","True","True","False","Custom Columns","",,,,""
"Permissions List","68ca20bb-5246-4dd0-89ea-9f0ea382d99d","Instance ID","InstanceID","InstanceID","Integer","Integer","Integer","False","True","True","False","Custom Columns","",,,,""
"Permissions List","68ca20bb-5246-4dd0-89ea-9f0ea382d99d","Order","Order","Order","Number","Number","Number","False","True","False","False","Custom Columns","",,,,""
"Permissions List","68ca20bb-5246-4dd0-89ea-9f0ea382d99d","GUID","GUID","GUID","Guid","Guid","Guid","False","True","True","False","Custom Columns","",,,,""
"Permissions List","68ca20bb-5246-4dd0-89ea-9f0ea382d99d","Workflow Instance ID","WorkflowInstanceID","WorkflowInstanceID","Guid","Guid","Guid","False","True","True","False","Custom Columns","",,,,""
"Permissions List","68ca20bb-5246-4dd0-89ea-9f0ea382d99d","URL Path","FileRef","FileRef","Lookup","Lookup","Lookup","False","True","True","False","Custom Columns","","","FullUrl",,""
"Permissions List","68ca20bb-5246-4dd0-89ea-9f0ea382d99d","Path","FileDirRef","FileDirRef","Lookup","Lookup","Lookup","False","True","True","False","Custom Columns","","","DirName",,""
"Permissions List","68ca20bb-5246-4dd0-89ea-9f0ea382d99d","Modified","Last_x0020_Modified","Last_x0020_Modified","Lookup","Lookup","Lookup","False","True","True","False","Custom Columns","","","TimeLastModified",,""
"Permissions List","68ca20bb-5246-4dd0-89ea-9f0ea382d99d","Created","Created_x0020_Date","Created_x0020_Date","Lookup","Lookup","Lookup","False","True","True","False","Custom Columns","","","TimeCreated",,""
"Permissions List","68ca20bb-5246-4dd0-89ea-9f0ea382d99d","Item Type","FSObjType","FSObjType","Lookup","Lookup","Lookup","False","True","True","False","Custom Columns","","","FSType",,""
"Permissions List","68ca20bb-5246-4dd0-89ea-9f0ea382d99d","Sort Type","SortBehavior","SortBehavior","Lookup","Lookup","Lookup","False","True","True","False","Custom Columns","","","SortBehavior",,""
"Permissions List","68ca20bb-5246-4dd0-89ea-9f0ea382d99d","Effective Permissions Mask","PermMask","PermMask","Computed","Computed","Computed","False","True","True","False","Custom Columns","",,,,""
"Permissions List","68ca20bb-5246-4dd0-89ea-9f0ea382d99d","Principal Count","PrincipalCount","PrincipalCount","Computed","Computed","Computed","False","True","True","False","Custom Columns","",,,,""
"Permissions List","68ca20bb-5246-4dd0-89ea-9f0ea382d99d","Name","FileLeafRef","FileLeafRef","File","File","File","False","True","False","False","Custom Columns","",,,,""
"Permissions List","68ca20bb-5246-4dd0-89ea-9f0ea382d99d","Unique Id","UniqueId","UniqueId","Lookup","Lookup","Lookup","False","True","True","False","Custom Columns","","","UniqueId",,""
"Permissions List","68ca20bb-5246-4dd0-89ea-9f0ea382d99d","Document Parent Identifier","ParentUniqueId","ParentUniqueId","Lookup","Lookup","Lookup","False","True","True","False","Custom Columns","","","ParentUniqueId",,""
"Permissions List","68ca20bb-5246-4dd0-89ea-9f0ea382d99d","Client Id","SyncClientId","SyncClientId","Lookup","Lookup","Lookup","False","True","True","False","Custom Columns","","","SyncClientId",,""
"Permissions List","68ca20bb-5246-4dd0-89ea-9f0ea382d99d","ProgId","ProgId","ProgId","Lookup","Lookup","Lookup","False","True","True","False","Custom Columns","","","ProgId",,""
"Permissions List","68ca20bb-5246-4dd0-89ea-9f0ea382d99d","ScopeId","ScopeId","ScopeId","Lookup","Lookup","Lookup","False","True","True","False","Custom Columns","","","ScopeId",,""
"Permissions List","68ca20bb-5246-4dd0-89ea-9f0ea382d99d","HTML File Type","HTML_x0020_File_x0020_Type","HTML_x0020_File_x0020_Type","Computed","Computed","Computed","False","True","True","False","Custom Columns","",,,,""
"Permissions List","68ca20bb-5246-4dd0-89ea-9f0ea382d99d","Edit Menu Table Start","_EditMenuTableStart","_EditMenuTableStart","Computed","Computed","Computed","False","True","True","False","Custom Columns","",,,,""
"Permissions List","68ca20bb-5246-4dd0-89ea-9f0ea382d99d","Edit Menu Table Start","_EditMenuTableStart2","_EditMenuTableStart2","Computed","Computed","Computed","False","True","True","False","Custom Columns","",,,,""
"Permissions List","68ca20bb-5246-4dd0-89ea-9f0ea382d99d","Edit Menu Table End","_EditMenuTableEnd","_EditMenuTableEnd","Computed","Computed","Computed","False","True","True","False","Custom Columns","",,,,""
"Permissions List","68ca20bb-5246-4dd0-89ea-9f0ea382d99d","Name","LinkFilenameNoMenu","LinkFilenameNoMenu","Computed","Computed","Computed","False","True","True","False","Custom Columns","",,,,""
"Permissions List","68ca20bb-5246-4dd0-89ea-9f0ea382d99d","Name","LinkFilename","LinkFilename","Computed","Computed","Computed","False","True","True","False","Custom Columns","",,,,""
"Permissions List","68ca20bb-5246-4dd0-89ea-9f0ea382d99d","Name","LinkFilename2","LinkFilename2","Computed","Computed","Computed","False","True","True","False","Custom Columns","",,,,""
"Permissions List","68ca20bb-5246-4dd0-89ea-9f0ea382d99d","Type","DocIcon","DocIcon","Computed","Computed","Computed","False","False","True","False","Custom Columns","",,,,""
"Permissions List","68ca20bb-5246-4dd0-89ea-9f0ea382d99d","Server Relative URL","ServerUrl","ServerUrl","Computed","Computed","Computed","False","True","True","False","Custom Columns","",,,,""
"Permissions List","68ca20bb-5246-4dd0-89ea-9f0ea382d99d","Encoded Absolute URL","EncodedAbsUrl","EncodedAbsUrl","Computed","Computed","Computed","False","True","True","False","Custom Columns","",,,,""
"Permissions List","68ca20bb-5246-4dd0-89ea-9f0ea382d99d","File Name","BaseName","BaseName","Computed","Computed","Computed","False","True","True","False","Custom Columns","",,,,""
"Permissions List","68ca20bb-5246-4dd0-89ea-9f0ea382d99d","Property Bag","MetaInfo","MetaInfo","Lookup","Lookup","Lookup","False","True","False","False","Custom Columns","","","MetaInfo",,""
"Permissions List","68ca20bb-5246-4dd0-89ea-9f0ea382d99d","Level","_Level","_Level","Integer","Integer","Integer","False","True","True","False","Custom Columns","",,,,""
"Permissions List","68ca20bb-5246-4dd0-89ea-9f0ea382d99d","Is Current Version","_IsCurrentVersion","_IsCurrentVersion","Yes/No","Boolean","Boolean","False","True","True","False","Custom Columns","",,,,""
"Permissions List","68ca20bb-5246-4dd0-89ea-9f0ea382d99d","Item Child Count","ItemChildCount","ItemChildCount","Lookup","Lookup","Lookup","False","False","True","False","Custom Columns","","","ItemChildCount",,""
"Permissions List","68ca20bb-5246-4dd0-89ea-9f0ea382d99d","Folder Child Count","FolderChildCount","FolderChildCount","Lookup","Lookup","Lookup","False","False","True","False","Custom Columns","","","FolderChildCount",,""
"Permissions List","68ca20bb-5246-4dd0-89ea-9f0ea382d99d","Restricted","Restricted","Restricted","Lookup","Lookup","Lookup","False","True","True","False","Custom Columns","","","Restricted",,""
"Permissions List","68ca20bb-5246-4dd0-89ea-9f0ea382d99d","Originator Id","OriginatorId","OriginatorId","Lookup","Lookup","Lookup","False","True","True","False","Custom Columns","","","OriginatorId",,""
"Permissions List","68ca20bb-5246-4dd0-89ea-9f0ea382d99d","NoExecute","NoExecute","NoExecute","Lookup","Lookup","Lookup","False","True","True","False","Custom Columns","","","DocFlags",,""
"Permissions List","68ca20bb-5246-4dd0-89ea-9f0ea382d99d","Content Version","ContentVersion","ContentVersion","Lookup","Lookup","Lookup","False","True","True","False","Custom Columns","","","ContentVersion",,""
"Permissions List","68ca20bb-5246-4dd0-89ea-9f0ea382d99d","Label setting","_ComplianceFlags","_ComplianceFlags","Lookup","Lookup","Lookup","False","False","True","False","Custom Columns","","","ComplianceFlags",,""
"Permissions List","68ca20bb-5246-4dd0-89ea-9f0ea382d99d","Retention label","_ComplianceTag","_ComplianceTag","Lookup","Lookup","Lookup","False","False","True","False","Custom Columns","","","ComplianceTag",,""
"Permissions List","68ca20bb-5246-4dd0-89ea-9f0ea382d99d","Retention label Applied","_ComplianceTagWrittenTime","_ComplianceTagWrittenTime","Lookup","Lookup","Lookup","False","False","True","False","Custom Columns","","","ComplianceTagWrittenTime",,""
"Permissions List","68ca20bb-5246-4dd0-89ea-9f0ea382d99d","Label applied by","_ComplianceTagUserId","_ComplianceTagUserId","Lookup","Lookup","Lookup","False","False","True","False","Custom Columns","","","ComplianceTagUserId",,""
"Permissions List","68ca20bb-5246-4dd0-89ea-9f0ea382d99d","Item is a Record","_IsRecord","_IsRecord","Computed","Computed","Computed","False","False","True","False","Custom Columns","",,,,""
"Permissions List","68ca20bb-5246-4dd0-89ea-9f0ea382d99d","Access Policy","AccessPolicy","AccessPolicy","Lookup","Lookup","Lookup","False","True","True","False","Custom Columns","","","AccessPolicy",,""
"Permissions List","68ca20bb-5246-4dd0-89ea-9f0ea382d99d","VirusStatus","_VirusStatus","_VirusStatus","Lookup","Lookup","Lookup","False","True","True","False","Custom Columns","","","VirusStatus",,""
"Permissions List","68ca20bb-5246-4dd0-89ea-9f0ea382d99d","VirusVendorID","_VirusVendorID","_VirusVendorID","Lookup","Lookup","Lookup","False","True","True","False","Custom Columns","","","VirusVendorID",,""
"Permissions List","68ca20bb-5246-4dd0-89ea-9f0ea382d99d","VirusInfo","_VirusInfo","_VirusInfo","Lookup","Lookup","Lookup","False","True","True","False","Custom Columns","","","VirusInfo",,""
"Permissions List","68ca20bb-5246-4dd0-89ea-9f0ea382d99d","RansomwareAnomalyMetaInfo","_RansomwareAnomalyMetaInfo","_RansomwareAnomalyMetaInfo","Lookup","Lookup","Lookup","False","True","True","False","Custom Columns","","","RansomwareAnomalyMetaInfo",,""
"Permissions List","68ca20bb-5246-4dd0-89ea-9f0ea382d99d","Draft Owner Id","_DraftOwnerId","_DraftOwnerId","Lookup","Lookup","Lookup","False","True","True","False","Custom Columns","","","DraftOwnerId",,""
"Permissions List","68ca20bb-5246-4dd0-89ea-9f0ea382d99d","Main Link settings","MainLinkSettings","MainLinkSettings","Computed","Computed","Computed","False","True","True","False","Custom Columns","",,,,""
"Permissions List","68ca20bb-5246-4dd0-89ea-9f0ea382d99d","App Created By","AppAuthor","AppAuthor","Lookup","Lookup","Lookup","False","False","True","False","Custom Columns","","AppPrincipals","Title",,""
"Permissions List","68ca20bb-5246-4dd0-89ea-9f0ea382d99d","App Modified By","AppEditor","AppEditor","Lookup","Lookup","Lookup","False","False","True","False","Custom Columns","","AppPrincipals","Title",,""
"Permissions List","68ca20bb-5246-4dd0-89ea-9f0ea382d99d","Total Size","SMTotalSize","SMTotalSize","Lookup","Lookup","Lookup","False","True","True","False","Custom Columns","","","SMTotalSize",,""
"Permissions List","68ca20bb-5246-4dd0-89ea-9f0ea382d99d","Last Modified Date","SMLastModifiedDate","SMLastModifiedDate","Lookup","Lookup","Lookup","False","True","True","False","Custom Columns","","","SMLastModifiedDate",,""
"Permissions List","68ca20bb-5246-4dd0-89ea-9f0ea382d99d","Total File Stream Size","SMTotalFileStreamSize","SMTotalFileStreamSize","Lookup","Lookup","Lookup","False","True","True","False","Custom Columns","","","SMTotalFileStreamSize",,""
"Permissions List","68ca20bb-5246-4dd0-89ea-9f0ea382d99d","Total File Count","SMTotalFileCount","SMTotalFileCount","Lookup","Lookup","Lookup","False","True","True","False","Custom Columns","","","SMTotalFileCount",,""
"Permissions List","68ca20bb-5246-4dd0-89ea-9f0ea382d99d","Comment settings","_CommentFlags","_CommentFlags","Lookup","Lookup","Lookup","False","True","True","False","Custom Columns","","","CommentFlags",,""
"Permissions List","68ca20bb-5246-4dd0-89ea-9f0ea382d99d","Comment count","_CommentCount","_CommentCount","Lookup","Lookup","Lookup","False","True","True","False","Custom Columns","","","CommentCount",,""
"Site Assets","795629ca-c15b-498a-b351-0bbdd15ddd15","Content Type ID","ContentTypeId","ContentTypeId","Content Type Id","ContentTypeId","ContentTypeId","False","True","True","False","Custom Columns","",,,,""
"Site Assets","795629ca-c15b-498a-b351-0bbdd15ddd15","Approver Comments","_ModerationComments","_ModerationComments","Multiple lines of text","Note","Note","False","True","True","False","Custom Columns","",,,,""
"Site Assets","795629ca-c15b-498a-b351-0bbdd15ddd15","Name","FileLeafRef","FileLeafRef","File","File","File","True","False","False","False","Custom Columns","",,,,""
"Site Assets","795629ca-c15b-498a-b351-0bbdd15ddd15","Document Modified By","Modified_x0020_By","Modified_x0020_By","Single line of text","Text","Text","False","True","True","False","Custom Columns","",,,,""
"Site Assets","795629ca-c15b-498a-b351-0bbdd15ddd15","Document Created By","Created_x0020_By","Created_x0020_By","Single line of text","Text","Text","False","True","True","False","Custom Columns","",,,,""
"Site Assets","795629ca-c15b-498a-b351-0bbdd15ddd15","File Type","File_x0020_Type","File_x0020_Type","Single line of text","Text","Text","False","True","True","False","Custom Columns","",,,,""
"Site Assets","795629ca-c15b-498a-b351-0bbdd15ddd15","HTML File Type","HTML_x0020_File_x0020_Type","HTML_x0020_File_x0020_Type","Single line of text","Text","Text","False","True","True","False","Custom Columns","",,,,""
"Site Assets","795629ca-c15b-498a-b351-0bbdd15ddd15","Source URL","_SourceUrl","_SourceUrl","Single line of text","Text","Text","False","True","False","False","Custom Columns","",,,,""
"Site Assets","795629ca-c15b-498a-b351-0bbdd15ddd15","Shared File Index","_SharedFileIndex","_SharedFileIndex","Single line of text","Text","Text","False","True","False","False","Custom Columns","",,,,""
"Site Assets","795629ca-c15b-498a-b351-0bbdd15ddd15","Color","_ColorHex","_ColorHex","Single line of text","Text","Text","False","True","True","False","Custom Columns","",,,,""
"Site Assets","795629ca-c15b-498a-b351-0bbdd15ddd15","Color Tag","_ColorTag","_ColorTag","Single line of text","Text","Text","False","False","True","False","Custom Columns","",,,,""
"Site Assets","795629ca-c15b-498a-b351-0bbdd15ddd15","Emoji","_Emoji","_Emoji","Single line of text","Text","Text","False","True","True","False","Custom Columns","",,,,""
"Site Assets","795629ca-c15b-498a-b351-0bbdd15ddd15","Media Generated Metadata","MediaGeneratedMetadata","MediaGeneratedMetadata","Multiple lines of text","Note","Note","False","True","True","False","Custom Columns","",,,,""
"Site Assets","795629ca-c15b-498a-b351-0bbdd15ddd15","Media User Metadata","MediaUserMetadata","MediaUserMetadata","Multiple lines of text","Note","Note","False","True","True","False","Custom Columns","",,,,""
"Site Assets","795629ca-c15b-498a-b351-0bbdd15ddd15","Media file metadata","ExtractedMetadataComputed","ExtractedMetadataComputed","Computed","Computed","Computed","False","True","True","False","Custom Columns","",,,,""
"Site Assets","795629ca-c15b-498a-b351-0bbdd15ddd15","Compliance Asset Id","ComplianceAssetId","ComplianceAssetId","Single line of text","Text","Text","False","False","True","False","Custom Columns","",,,,""
"Site Assets","795629ca-c15b-498a-b351-0bbdd15ddd15","Title","Title","Title","Single line of text","Text","Text","False","False","False","False","Custom Columns","",,,,""
"Site Assets","795629ca-c15b-498a-b351-0bbdd15ddd15","Template Link","TemplateUrl","TemplateUrl","Single line of text","Text","Text","False","True","False","False","Custom Columns","",,,,""
"Site Assets","795629ca-c15b-498a-b351-0bbdd15ddd15","HTML File Link","xd_ProgID","xd_ProgID","Single line of text","Text","Text","False","True","False","False","Custom Columns","",,,,""
"Site Assets","795629ca-c15b-498a-b351-0bbdd15ddd15","Is Signed","xd_Signature","xd_Signature","Yes/No","Boolean","Boolean","False","True","True","False","_Hidden","",,,,""
"Site Assets","795629ca-c15b-498a-b351-0bbdd15ddd15","Effective Sensitivity","_EffectiveIpLabelDisplayName","_EffectiveIpLabelDisplayName","Computed","Computed","Computed","False","True","True","False","Custom Columns","",,,,""
"Site Assets","795629ca-c15b-498a-b351-0bbdd15ddd15","Shortcut URL","_ShortcutUrl","_ShortcutUrl","Hyperlink or Picture","URL","URL","False","True","False","False","Custom Columns","",,,,""
"Site Assets","795629ca-c15b-498a-b351-0bbdd15ddd15","Shortcut Site Id","_ShortcutSiteId","_ShortcutSiteId","Guid","Guid","Guid","False","True","False","False","Custom Columns","",,,,""
"Site Assets","795629ca-c15b-498a-b351-0bbdd15ddd15","Shortcut Web Id","_ShortcutWebId","_ShortcutWebId","Guid","Guid","Guid","False","True","False","False","Custom Columns","",,,,""
"Site Assets","795629ca-c15b-498a-b351-0bbdd15ddd15","Shortcut Unique Id","_ShortcutUniqueId","_ShortcutUniqueId","Guid","Guid","Guid","False","True","False","False","Custom Columns","",,,,""
"Site Assets","795629ca-c15b-498a-b351-0bbdd15ddd15","Description","_ExtendedDescription","_ExtendedDescription","Multiple lines of text","Note","Note","False","False","False","False","Custom Columns","",,,,""
"Site Assets","795629ca-c15b-498a-b351-0bbdd15ddd15","Trigger Flow Info","TriggerFlowInfo","TriggerFlowInfo","Single line of text","Text","Text","False","True","True","False","Custom Columns","",,,,""
"Site Assets","795629ca-c15b-498a-b351-0bbdd15ddd15","MediaServiceMetadata","MediaServiceMetadata","MediaServiceMetadata","Multiple lines of text","Note","Note","False","True","True","False","_Hidden","",,,,""
"Site Assets","795629ca-c15b-498a-b351-0bbdd15ddd15","MediaServiceFastMetadata","MediaServiceFastMetadata","MediaServiceFastMetadata","Multiple lines of text","Note","Note","False","True","True","False","_Hidden","",,,,""
"Site Assets","795629ca-c15b-498a-b351-0bbdd15ddd15","MediaServiceSearchProperties","MediaServiceSearchProperties","MediaServiceSearchProperties","Multiple lines of text","Note","Note","False","True","True","False","_Hidden","",,,,""
"Site Assets","795629ca-c15b-498a-b351-0bbdd15ddd15","MediaServiceDateTaken","MediaServiceDateTaken","MediaServiceDateTaken","Single line of text","Text","Text","False","True","True","True","_Hidden","",,,,""
"Site Assets","795629ca-c15b-498a-b351-0bbdd15ddd15","Image Tags","MediaServiceImageTags","MediaServiceImageTags","Managed Metadata","TaxonomyFieldTypeMulti","Invalid","False","False","False","False","_Hidden","","{2535d4ab-8dd6-4504-b42e-d01a2ea6d927}","Term$Resources:core,Language;",,"Field created by MediaTA"
"Site Assets","795629ca-c15b-498a-b351-0bbdd15ddd15","Image Tags_0","lcf76f155ced4ddcb4097134ff3c332f","lcf76f155ced4ddcb4097134ff3c332f","Multiple lines of text","Note","Note","False","True","False","False","Custom Columns","",,,,""
"Site Assets","795629ca-c15b-498a-b351-0bbdd15ddd15","Taxonomy Catch All Column","TaxCatchAll","TaxCatchAll","Lookup","LookupMulti","Lookup","False","True","False","False","Custom Columns","","{2535d4ab-8dd6-4504-b42e-d01a2ea6d927}","CatchAllData",,""
"Site Assets","795629ca-c15b-498a-b351-0bbdd15ddd15","MediaServiceGenerationTime","MediaServiceGenerationTime","MediaServiceGenerationTime","Single line of text","Text","Text","False","True","True","False","_Hidden","",,,,""
"Site Assets","795629ca-c15b-498a-b351-0bbdd15ddd15","MediaServiceEventHashCode","MediaServiceEventHashCode","MediaServiceEventHashCode","Single line of text","Text","Text","False","True","True","False","_Hidden","",,,,""
"Site Assets","795629ca-c15b-498a-b351-0bbdd15ddd15","Extracted Text","MediaServiceOCR","MediaServiceOCR","Multiple lines of text","Note","Note","False","False","True","False","_Hidden","",,,,""
"Site Assets","795629ca-c15b-498a-b351-0bbdd15ddd15","Effective Sensitivity Label Id","_EffectiveIpLabelId","_EffectiveIpLabelId","Computed","Computed","Computed","False","True","True","False","Custom Columns","",,,,""
"Site Assets","795629ca-c15b-498a-b351-0bbdd15ddd15","ID","ID","ID","Counter","Counter","Counter","False","False","True","False","Custom Columns","",,,,""
"Site Assets","795629ca-c15b-498a-b351-0bbdd15ddd15","Content Type","ContentType","ContentType","Computed","Computed","Computed","False","False","False","False","_Hidden","",,,,""
"Site Assets","795629ca-c15b-498a-b351-0bbdd15ddd15","Created","Created","Created","Date and Time","DateTime","DateTime","False","False","True","False","Custom Columns","",,,,""
"Site Assets","795629ca-c15b-498a-b351-0bbdd15ddd15","Created By","Author","Author","Person or Group","User","User","False","False","True","False","Custom Columns","","{05970f80-1382-466a-ab40-156b3e727c70}","",,""
"Site Assets","795629ca-c15b-498a-b351-0bbdd15ddd15","Modified","Modified","Modified","Date and Time","DateTime","DateTime","False","False","True","False","Custom Columns","",,,,""
"Site Assets","795629ca-c15b-498a-b351-0bbdd15ddd15","Modified By","Editor","Editor","Person or Group","User","User","False","False","True","False","Custom Columns","","{05970f80-1382-466a-ab40-156b3e727c70}","",,""
"Site Assets","795629ca-c15b-498a-b351-0bbdd15ddd15","Has Copy Destinations","_HasCopyDestinations","_HasCopyDestinations","Yes/No","Boolean","Boolean","False","True","True","False","Custom Columns","",,,,""
"Site Assets","795629ca-c15b-498a-b351-0bbdd15ddd15","Copy Source","_CopySource","_CopySource","Single line of text","Text","Text","False","False","True","False","Custom Columns","",,,,""
"Site Assets","795629ca-c15b-498a-b351-0bbdd15ddd15","Approval Status","_ModerationStatus","_ModerationStatus","Moderation Status","ModStat","ModStat","False","True","True","False","Custom Columns","0;#Approved | 1;#Rejected | 2;#Pending | 3;#Draft | 4;#Scheduled",,,"0",""
"Site Assets","795629ca-c15b-498a-b351-0bbdd15ddd15","URL Path","FileRef","FileRef","Lookup","Lookup","Lookup","False","True","True","False","Custom Columns","","","FullUrl",,""
"Site Assets","795629ca-c15b-498a-b351-0bbdd15ddd15","Path","FileDirRef","FileDirRef","Lookup","Lookup","Lookup","False","True","True","False","Custom Columns","","","DirName",,""
"Site Assets","795629ca-c15b-498a-b351-0bbdd15ddd15","Modified","Last_x0020_Modified","Last_x0020_Modified","Lookup","Lookup","Lookup","False","True","True","False","Custom Columns","","","TimeLastModified",,""
"Site Assets","795629ca-c15b-498a-b351-0bbdd15ddd15","Created","Created_x0020_Date","Created_x0020_Date","Lookup","Lookup","Lookup","False","True","True","False","Custom Columns","","","TimeCreated",,""
"Site Assets","795629ca-c15b-498a-b351-0bbdd15ddd15","File Size","File_x0020_Size","File_x0020_Size","Lookup","Lookup","Lookup","False","True","True","False","Custom Columns","","","SizeInKB",,""
"Site Assets","795629ca-c15b-498a-b351-0bbdd15ddd15","Item Type","FSObjType","FSObjType","Lookup","Lookup","Lookup","False","True","True","False","Custom Columns","","","FSType",,""
"Site Assets","795629ca-c15b-498a-b351-0bbdd15ddd15","Sort Type","SortBehavior","SortBehavior","Lookup","Lookup","Lookup","False","True","True","False","Custom Columns","","","SortBehavior",,""
"Site Assets","795629ca-c15b-498a-b351-0bbdd15ddd15","Effective Permissions Mask","PermMask","PermMask","Computed","Computed","Computed","False","True","True","False","Custom Columns","",,,,""
"Site Assets","795629ca-c15b-498a-b351-0bbdd15ddd15","Principal Count","PrincipalCount","PrincipalCount","Computed","Computed","Computed","False","True","True","False","Custom Columns","",,,,""
"Site Assets","795629ca-c15b-498a-b351-0bbdd15ddd15","ID of the User who has the item Checked Out","CheckedOutUserId","CheckedOutUserId","Lookup","Lookup","Lookup","False","True","True","False","Custom Columns","","","CheckoutUserId",,""
"Site Assets","795629ca-c15b-498a-b351-0bbdd15ddd15","Is Checked out to local","IsCheckedoutToLocal","IsCheckedoutToLocal","Lookup","Lookup","Lookup","False","True","True","False","Custom Columns","","","IsCheckoutToLocal",,""
"Site Assets","795629ca-c15b-498a-b351-0bbdd15ddd15","Checked Out To","CheckoutUser","CheckoutUser","Person or Group","User","User","False","False","True","False","Custom Columns","","{05970f80-1382-466a-ab40-156b3e727c70}","",,""
"Site Assets","795629ca-c15b-498a-b351-0bbdd15ddd15","Unique Id","UniqueId","UniqueId","Lookup","Lookup","Lookup","False","True","True","False","Custom Columns","","","UniqueId",,""
"Site Assets","795629ca-c15b-498a-b351-0bbdd15ddd15","Document Parent Identifier","ParentUniqueId","ParentUniqueId","Lookup","Lookup","Lookup","False","True","True","False","Custom Columns","","","ParentUniqueId",,""
"Site Assets","795629ca-c15b-498a-b351-0bbdd15ddd15","Client Id","SyncClientId","SyncClientId","Lookup","Lookup","Lookup","False","True","True","False","Custom Columns","","","SyncClientId",,""
"Site Assets","795629ca-c15b-498a-b351-0bbdd15ddd15","ProgId","ProgId","ProgId","Lookup","Lookup","Lookup","False","True","True","False","Custom Columns","","","ProgId",,""
"Site Assets","795629ca-c15b-498a-b351-0bbdd15ddd15","ScopeId","ScopeId","ScopeId","Lookup","Lookup","Lookup","False","True","True","False","Custom Columns","","","ScopeId",,""
"Site Assets","795629ca-c15b-498a-b351-0bbdd15ddd15","Virus Status","VirusStatus","VirusStatus","Lookup","Lookup","Lookup","False","True","True","False","Custom Columns","","","Size",,""
"Site Assets","795629ca-c15b-498a-b351-0bbdd15ddd15","Checked Out To","CheckedOutTitle","CheckedOutTitle","Lookup","Lookup","Lookup","False","True","True","False","Custom Columns","","","CheckedOutTitle",,""
"Site Assets","795629ca-c15b-498a-b351-0bbdd15ddd15","Check In Comment","_CheckinComment","_CheckinComment","Lookup","Lookup","Lookup","False","False","True","False","Custom Columns","","","CheckinComment",,""
"Site Assets","795629ca-c15b-498a-b351-0bbdd15ddd15","Checked Out To","LinkCheckedOutTitle","LinkCheckedOutTitle","Computed","Computed","Computed","False","True","True","False","Custom Columns","",,,,""
"Site Assets","795629ca-c15b-498a-b351-0bbdd15ddd15","Edit Menu Table Start","_EditMenuTableStart","_EditMenuTableStart","Computed","Computed","Computed","False","True","True","False","Custom Columns","",,,,""
"Site Assets","795629ca-c15b-498a-b351-0bbdd15ddd15","Edit Menu Table Start","_EditMenuTableStart2","_EditMenuTableStart2","Computed","Computed","Computed","False","True","True","False","Custom Columns","",,,,""
"Site Assets","795629ca-c15b-498a-b351-0bbdd15ddd15","Edit Menu Table End","_EditMenuTableEnd","_EditMenuTableEnd","Computed","Computed","Computed","False","True","True","False","Custom Columns","",,,,""
"Site Assets","795629ca-c15b-498a-b351-0bbdd15ddd15","Name","LinkFilenameNoMenu","LinkFilenameNoMenu","Computed","Computed","Computed","False","False","True","False","Custom Columns","",,,,""
"Site Assets","795629ca-c15b-498a-b351-0bbdd15ddd15","Name","LinkFilename","LinkFilename","Computed","Computed","Computed","False","False","True","False","Custom Columns","",,,,""
"Site Assets","795629ca-c15b-498a-b351-0bbdd15ddd15","Name","LinkFilename2","LinkFilename2","Computed","Computed","Computed","False","True","True","False","Custom Columns","",,,,""
"Site Assets","795629ca-c15b-498a-b351-0bbdd15ddd15","Type","DocIcon","DocIcon","Computed","Computed","Computed","False","False","True","False","Custom Columns","",,,,""
"Site Assets","795629ca-c15b-498a-b351-0bbdd15ddd15","Server Relative URL","ServerUrl","ServerUrl","Computed","Computed","Computed","False","True","True","False","Custom Columns","",,,,""
"Site Assets","795629ca-c15b-498a-b351-0bbdd15ddd15","Encoded Absolute URL","EncodedAbsUrl","EncodedAbsUrl","Computed","Computed","Computed","False","True","True","False","Custom Columns","",,,,""
"Site Assets","795629ca-c15b-498a-b351-0bbdd15ddd15","Name","BaseName","BaseName","Computed","Computed","Computed","False","True","True","False","Custom Columns","",,,,""
"Site Assets","795629ca-c15b-498a-b351-0bbdd15ddd15","File Size","FileSizeDisplay","FileSizeDisplay","Computed","Computed","Computed","False","False","True","False","Custom Columns","",,,,""
"Site Assets","795629ca-c15b-498a-b351-0bbdd15ddd15","Property Bag","MetaInfo","MetaInfo","Lookup","Lookup","Lookup","False","True","False","False","Custom Columns","","","MetaInfo",,""
"Site Assets","795629ca-c15b-498a-b351-0bbdd15ddd15","Level","_Level","_Level","Integer","Integer","Integer","False","True","True","False","Custom Columns","",,,,""
"Site Assets","795629ca-c15b-498a-b351-0bbdd15ddd15","Is Current Version","_IsCurrentVersion","_IsCurrentVersion","Yes/No","Boolean","Boolean","False","True","True","False","Custom Columns","",,,,""
"Site Assets","795629ca-c15b-498a-b351-0bbdd15ddd15","Item Child Count","ItemChildCount","ItemChildCount","Lookup","Lookup","Lookup","False","False","True","False","Custom Columns","","","ItemChildCount",,""
"Site Assets","795629ca-c15b-498a-b351-0bbdd15ddd15","Folder Child Count","FolderChildCount","FolderChildCount","Lookup","Lookup","Lookup","False","False","True","False","Custom Columns","","","FolderChildCount",,""
"Site Assets","795629ca-c15b-498a-b351-0bbdd15ddd15","Restricted","Restricted","Restricted","Lookup","Lookup","Lookup","False","True","True","False","Custom Columns","","","Restricted",,""
"Site Assets","795629ca-c15b-498a-b351-0bbdd15ddd15","Originator Id","OriginatorId","OriginatorId","Lookup","Lookup","Lookup","False","True","True","False","Custom Columns","","","OriginatorId",,""
"Site Assets","795629ca-c15b-498a-b351-0bbdd15ddd15","NoExecute","NoExecute","NoExecute","Lookup","Lookup","Lookup","False","True","True","False","Custom Columns","","","DocFlags",,""
"Site Assets","795629ca-c15b-498a-b351-0bbdd15ddd15","Content Version","ContentVersion","ContentVersion","Lookup","Lookup","Lookup","False","True","True","False","Custom Columns","","","ContentVersion",,""
"Site Assets","795629ca-c15b-498a-b351-0bbdd15ddd15","Label setting","_ComplianceFlags","_ComplianceFlags","Lookup","Lookup","Lookup","False","False","True","False","Custom Columns","","","ComplianceFlags",,""
"Site Assets","795629ca-c15b-498a-b351-0bbdd15ddd15","Retention label","_ComplianceTag","_ComplianceTag","Lookup","Lookup","Lookup","False","False","True","False","Custom Columns","","","ComplianceTag",,""
"Site Assets","795629ca-c15b-498a-b351-0bbdd15ddd15","Retention label Applied","_ComplianceTagWrittenTime","_ComplianceTagWrittenTime","Lookup","Lookup","Lookup","False","False","True","False","Custom Columns","","","ComplianceTagWrittenTime",,""
"Site Assets","795629ca-c15b-498a-b351-0bbdd15ddd15","Label applied by","_ComplianceTagUserId","_ComplianceTagUserId","Lookup","Lookup","Lookup","False","False","True","False","Custom Columns","","","ComplianceTagUserId",,""
"Site Assets","795629ca-c15b-498a-b351-0bbdd15ddd15","Item is a Record","_IsRecord","_IsRecord","Computed","Computed","Computed","False","False","True","False","Custom Columns","",,,,""
"Site Assets","795629ca-c15b-498a-b351-0bbdd15ddd15","BLOB Sequence Number","BSN","BSN","Lookup","Lookup","Lookup","False","True","True","False","Custom Columns","","","BSN",,""
"Site Assets","795629ca-c15b-498a-b351-0bbdd15ddd15","List Schema Version","_ListSchemaVersion","_ListSchemaVersion","Lookup","Lookup","Lookup","False","True","True","False","Custom Columns","","","ListSchemaVersion",,""
"Site Assets","795629ca-c15b-498a-b351-0bbdd15ddd15","Dirty","_Dirty","_Dirty","Lookup","Lookup","Lookup","False","True","True","False","Custom Columns","","","Dirty",,""
"Site Assets","795629ca-c15b-498a-b351-0bbdd15ddd15","Parsable","_Parsable","_Parsable","Lookup","Lookup","Lookup","False","True","True","False","Custom Columns","","","DocFlags",,""
"Site Assets","795629ca-c15b-498a-b351-0bbdd15ddd15","StubFile","_StubFile","_StubFile","Lookup","Lookup","Lookup","False","True","True","False","Custom Columns","","","DocFlags",,""
"Site Assets","795629ca-c15b-498a-b351-0bbdd15ddd15","HasEncryptedContent","_HasEncryptedContent","_HasEncryptedContent","Lookup","Lookup","Lookup","False","True","True","False","Custom Columns","","","DocFlags",,""
"Site Assets","795629ca-c15b-498a-b351-0bbdd15ddd15","HasUserDefinedProtection","_HasUserDefinedProtection","_HasUserDefinedProtection","Lookup","Lookup","Lookup","False","True","True","False","Custom Columns","","","DocFlags",,""
"Site Assets","795629ca-c15b-498a-b351-0bbdd15ddd15","Access Policy","AccessPolicy","AccessPolicy","Lookup","Lookup","Lookup","False","True","True","False","Custom Columns","","","AccessPolicy",,""
"Site Assets","795629ca-c15b-498a-b351-0bbdd15ddd15","VirusStatus","_VirusStatus","_VirusStatus","Lookup","Lookup","Lookup","False","True","True","False","Custom Columns","","","VirusStatus",,""
"Site Assets","795629ca-c15b-498a-b351-0bbdd15ddd15","VirusVendorID","_VirusVendorID","_VirusVendorID","Lookup","Lookup","Lookup","False","True","True","False","Custom Columns","","","VirusVendorID",,""
"Site Assets","795629ca-c15b-498a-b351-0bbdd15ddd15","VirusInfo","_VirusInfo","_VirusInfo","Lookup","Lookup","Lookup","False","True","True","False","Custom Columns","","","VirusInfo",,""
"Site Assets","795629ca-c15b-498a-b351-0bbdd15ddd15","RansomwareAnomalyMetaInfo","_RansomwareAnomalyMetaInfo","_RansomwareAnomalyMetaInfo","Lookup","Lookup","Lookup","False","True","True","False","Custom Columns","","","RansomwareAnomalyMetaInfo",,""
"Site Assets","795629ca-c15b-498a-b351-0bbdd15ddd15","Comment settings","_CommentFlags","_CommentFlags","Lookup","Lookup","Lookup","False","True","True","False","Custom Columns","","","CommentFlags",,""
"Site Assets","795629ca-c15b-498a-b351-0bbdd15ddd15","Comment count","_CommentCount","_CommentCount","Lookup","Lookup","Lookup","False","False","True","False","Custom Columns","","","CommentCount",,""
"Site Assets","795629ca-c15b-498a-b351-0bbdd15ddd15","Like count","_LikeCount","_LikeCount","Lookup","Lookup","Lookup","False","False","True","False","Custom Columns","","","LikeCount",,""
"Site Assets","795629ca-c15b-498a-b351-0bbdd15ddd15","Rights Management Template Id","_RmsTemplateId","_RmsTemplateId","Lookup","Lookup","Lookup","False","True","True","False","Custom Columns","","","RmsTemplateId",,""
"Site Assets","795629ca-c15b-498a-b351-0bbdd15ddd15","Sensitivity Label Id","_IpLabelId","_IpLabelId","Lookup","Lookup","Lookup","False","True","True","False","Custom Columns","","","IpLabelId",,""
"Site Assets","795629ca-c15b-498a-b351-0bbdd15ddd15","Sensitivity","_DisplayName","_DisplayName","Lookup","Lookup","Lookup","False","False","True","False","Custom Columns","","","DisplayName",,""
"Site Assets","795629ca-c15b-498a-b351-0bbdd15ddd15","Sensitivity Label Assignment Method","_IpLabelAssignmentMethod","_IpLabelAssignmentMethod","Lookup","Lookup","Lookup","False","True","True","False","Custom Columns","","","IpLabelAssignmentMethod",,""
"Site Assets","795629ca-c15b-498a-b351-0bbdd15ddd15","A2OD Mount Count","A2ODMountCount","A2ODMountCount","Lookup","Lookup","Lookup","False","True","True","False","Custom Columns","","","A2ODMountCount",,""
"Site Assets","795629ca-c15b-498a-b351-0bbdd15ddd15","Expiration Date","_ExpirationDate","_ExpirationDate","Lookup","Lookup","Lookup","False","True","True","False","Custom Columns","","","ExpirationDate",,""
"Site Assets","795629ca-c15b-498a-b351-0bbdd15ddd15","IpLabelHash","_IpLabelHash","_IpLabelHash","Lookup","Lookup","Lookup","False","True","True","False","Custom Columns","","","IpLabelHash",,""
"Site Assets","795629ca-c15b-498a-b351-0bbdd15ddd15","IpLabelPromotionCtagVersion","_IpLabelPromotionCtagVersion","_IpLabelPromotionCtagVersion","Lookup","Lookup","Lookup","False","True","True","False","Custom Columns","","","IpLabelPromotionCtagVersion",,""
"Site Assets","795629ca-c15b-498a-b351-0bbdd15ddd15","Draft Owner Id","_DraftOwnerId","_DraftOwnerId","Lookup","Lookup","Lookup","False","True","True","False","Custom Columns","","","DraftOwnerId",,""
"Site Assets","795629ca-c15b-498a-b351-0bbdd15ddd15","Sensitivity Label Metadata","_IpLabelMetaInfo","_IpLabelMetaInfo","Lookup","Lookup","Lookup","False","True","True","False","Custom Columns","","","IpLabelMetaInfo",,""
"Site Assets","795629ca-c15b-498a-b351-0bbdd15ddd15","AdditionalStreamSize","_AdditionalStreamSize","_AdditionalStreamSize","Lookup","Lookup","Lookup","False","True","True","False","Custom Columns","","","AdditionalStreamSize",,""
"Site Assets","795629ca-c15b-498a-b351-0bbdd15ddd15","StreamScenarioIds","_StreamScenarioIds","_StreamScenarioIds","Lookup","Lookup","Lookup","False","True","True","False","Custom Columns","","","StreamScenarioIds",,""
"Site Assets","795629ca-c15b-498a-b351-0bbdd15ddd15","Archive Status","_FileArchiveStatus","_FileArchiveStatus","Lookup","Lookup","Lookup","False","True","True","False","Custom Columns","","","FileArchiveStatus",,""
"Site Assets","795629ca-c15b-498a-b351-0bbdd15ddd15","Media file metadata","_ExtractedMetadata","_ExtractedMetadata","Lookup","Lookup","Lookup","False","True","True","False","Custom Columns","","","ExtractedMetadata",,""
"Site Assets","795629ca-c15b-498a-b351-0bbdd15ddd15","Archive State Last Modified Time","_FileArchiveTimeLastModified","_FileArchiveTimeLastModified","Lookup","Lookup","Lookup","False","True","True","False","Custom Columns","","","FileArchiveTimeLastModified",,""
"Site Assets","795629ca-c15b-498a-b351-0bbdd15ddd15","Main Link settings","MainLinkSettings","MainLinkSettings","Computed","Computed","Computed","False","True","True","False","Custom Columns","",,,,""
"Site Assets","795629ca-c15b-498a-b351-0bbdd15ddd15","App Created By","AppAuthor","AppAuthor","Lookup","Lookup","Lookup","False","False","True","False","Custom Columns","","AppPrincipals","Title",,""
"Site Assets","795629ca-c15b-498a-b351-0bbdd15ddd15","App Modified By","AppEditor","AppEditor","Lookup","Lookup","Lookup","False","False","True","False","Custom Columns","","AppPrincipals","Title",,""
"Site Assets","795629ca-c15b-498a-b351-0bbdd15ddd15","Total Size","SMTotalSize","SMTotalSize","Lookup","Lookup","Lookup","False","True","True","False","Custom Columns","","","SMTotalSize",,""
"Site Assets","795629ca-c15b-498a-b351-0bbdd15ddd15","Last Modified Date","SMLastModifiedDate","SMLastModifiedDate","Lookup","Lookup","Lookup","False","True","True","False","Custom Columns","","","SMLastModifiedDate",,""
"Site Assets","795629ca-c15b-498a-b351-0bbdd15ddd15","Total File Stream Size","SMTotalFileStreamSize","SMTotalFileStreamSize","Lookup","Lookup","Lookup","False","True","True","False","Custom Columns","","","SMTotalFileStreamSize",,""
"Site Assets","795629ca-c15b-498a-b351-0bbdd15ddd15","Total File Count","SMTotalFileCount","SMTotalFileCount","Lookup","Lookup","Lookup","False","True","True","False","Custom Columns","","","SMTotalFileCount",,""
"Site Assets","795629ca-c15b-498a-b351-0bbdd15ddd15","Select","SelectTitle","SelectTitle","Computed","Computed","Computed","False","True","True","False","Custom Columns","",,,,""
"Site Assets","795629ca-c15b-498a-b351-0bbdd15ddd15","Select","SelectFilename","SelectFilename","Computed","Computed","Computed","False","True","True","False","Custom Columns","",,,,""
"Site Assets","795629ca-c15b-498a-b351-0bbdd15ddd15","Edit","Edit","Edit","Computed","Computed","Computed","False","False","True","False","Custom Columns","",,,,""
"Site Assets","795629ca-c15b-498a-b351-0bbdd15ddd15","owshiddenversion","owshiddenversion","owshiddenversion","Integer","Integer","Integer","False","True","True","False","Custom Columns","",,,,""
"Site Assets","795629ca-c15b-498a-b351-0bbdd15ddd15","UI Version","_UIVersion","_UIVersion","Integer","Integer","Integer","False","True","True","False","Custom Columns","",,,,""
"Site Assets","795629ca-c15b-498a-b351-0bbdd15ddd15","Version","_UIVersionString","_UIVersionString","Single line of text","Text","Text","False","False","True","False","Custom Columns","",,,,""
"Site Assets","795629ca-c15b-498a-b351-0bbdd15ddd15","Instance ID","InstanceID","InstanceID","Integer","Integer","Integer","False","True","True","False","Custom Columns","",,,,""
"Site Assets","795629ca-c15b-498a-b351-0bbdd15ddd15","Order","Order","Order","Number","Number","Number","False","True","False","False","Custom Columns","",,,,""
"Site Assets","795629ca-c15b-498a-b351-0bbdd15ddd15","GUID","GUID","GUID","Guid","Guid","Guid","False","True","True","False","Custom Columns","",,,,""
"Site Assets","795629ca-c15b-498a-b351-0bbdd15ddd15","Workflow Version","WorkflowVersion","WorkflowVersion","Integer","Integer","Integer","False","True","True","False","Custom Columns","",,,,""
"Site Assets","795629ca-c15b-498a-b351-0bbdd15ddd15","Workflow Instance ID","WorkflowInstanceID","WorkflowInstanceID","Guid","Guid","Guid","False","True","True","False","Custom Columns","",,,,""
"Site Assets","795629ca-c15b-498a-b351-0bbdd15ddd15","Source Version (Converted Document)","ParentVersionString","ParentVersionString","Lookup","Lookup","Lookup","False","False","True","False","Custom Columns","","","ParentVersionString",,""
"Site Assets","795629ca-c15b-498a-b351-0bbdd15ddd15","Source Name (Converted Document)","ParentLeafName","ParentLeafName","Lookup","Lookup","Lookup","False","False","True","False","Custom Columns","","","ParentLeafName",,""
"Site Assets","795629ca-c15b-498a-b351-0bbdd15ddd15","Document Concurrency Number","DocConcurrencyNumber","DocConcurrencyNumber","Lookup","Lookup","Lookup","False","True","True","False","Custom Columns","","","DocConcurrencyNumber",,""
"Site Assets","795629ca-c15b-498a-b351-0bbdd15ddd15","Document Stream Hash","StreamHash","StreamHash","Lookup","Lookup","Lookup","False","True","True","False","Custom Columns","","","StreamHash",,""
"Site Assets","795629ca-c15b-498a-b351-0bbdd15ddd15","Merge","Combine","Combine","Computed","Computed","Computed","False","True","True","False","Custom Columns","",,,,""
"Site Assets","795629ca-c15b-498a-b351-0bbdd15ddd15","Relink","RepairDocument","RepairDocument","Computed","Computed","Computed","False","True","True","False","Custom Columns","",,,,""
"Site Assets","795629ca-c15b-498a-b351-0bbdd15ddd15","Actions Disabled by Policy","PolicyDisabledUICapabilities","PolicyDisabledUICapabilities","Computed","Computed","Computed","False","True","True","False","Custom Columns","",,,,""
"Site Pages","dd3fb5a1-cc14-4eac-a12f-159491636d53","Content Type ID","ContentTypeId","ContentTypeId","Content Type Id","ContentTypeId","ContentTypeId","False","True","True","False","Custom Columns","",,,,""
"Site Pages","dd3fb5a1-cc14-4eac-a12f-159491636d53","Approver Comments","_ModerationComments","_ModerationComments","Multiple lines of text","Note","Note","False","True","True","False","Custom Columns","",,,,""
"Site Pages","dd3fb5a1-cc14-4eac-a12f-159491636d53","Name","FileLeafRef","FileLeafRef","File","File","File","True","False","False","False","Custom Columns","",,,,""
"Site Pages","dd3fb5a1-cc14-4eac-a12f-159491636d53","Document Modified By","Modified_x0020_By","Modified_x0020_By","Single line of text","Text","Text","False","True","True","False","Custom Columns","",,,,""
"Site Pages","dd3fb5a1-cc14-4eac-a12f-159491636d53","Document Created By","Created_x0020_By","Created_x0020_By","Single line of text","Text","Text","False","True","True","False","Custom Columns","",,,,""
"Site Pages","dd3fb5a1-cc14-4eac-a12f-159491636d53","File Type","File_x0020_Type","File_x0020_Type","Single line of text","Text","Text","False","True","True","False","Custom Columns","",,,,""
"Site Pages","dd3fb5a1-cc14-4eac-a12f-159491636d53","HTML File Type","HTML_x0020_File_x0020_Type","HTML_x0020_File_x0020_Type","Single line of text","Text","Text","False","True","True","False","Custom Columns","",,,,""
"Site Pages","dd3fb5a1-cc14-4eac-a12f-159491636d53","Source URL","_SourceUrl","_SourceUrl","Single line of text","Text","Text","False","True","False","False","Custom Columns","",,,,""
"Site Pages","dd3fb5a1-cc14-4eac-a12f-159491636d53","Shared File Index","_SharedFileIndex","_SharedFileIndex","Single line of text","Text","Text","False","True","False","False","Custom Columns","",,,,""
"Site Pages","dd3fb5a1-cc14-4eac-a12f-159491636d53","Color","_ColorHex","_ColorHex","Single line of text","Text","Text","False","True","True","False","Custom Columns","",,,,""
"Site Pages","dd3fb5a1-cc14-4eac-a12f-159491636d53","Color Tag","_ColorTag","_ColorTag","Single line of text","Text","Text","False","False","True","False","Custom Columns","",,,,""
"Site Pages","dd3fb5a1-cc14-4eac-a12f-159491636d53","Emoji","_Emoji","_Emoji","Single line of text","Text","Text","False","True","True","False","Custom Columns","",,,,""
"Site Pages","dd3fb5a1-cc14-4eac-a12f-159491636d53","Media Generated Metadata","MediaGeneratedMetadata","MediaGeneratedMetadata","Multiple lines of text","Note","Note","False","True","True","False","Custom Columns","",,,,""
"Site Pages","dd3fb5a1-cc14-4eac-a12f-159491636d53","Media User Metadata","MediaUserMetadata","MediaUserMetadata","Multiple lines of text","Note","Note","False","True","True","False","Custom Columns","",,,,""
"Site Pages","dd3fb5a1-cc14-4eac-a12f-159491636d53","Media file metadata","ExtractedMetadataComputed","ExtractedMetadataComputed","Computed","Computed","Computed","False","True","True","False","Custom Columns","",,,,""
"Site Pages","dd3fb5a1-cc14-4eac-a12f-159491636d53","Compliance Asset Id","ComplianceAssetId","ComplianceAssetId","Single line of text","Text","Text","False","False","True","False","Custom Columns","",,,,""
"Site Pages","dd3fb5a1-cc14-4eac-a12f-159491636d53","Wiki Content","WikiField","WikiField","Multiple lines of text","Note","Note","False","False","False","False","Custom Columns","",,,,""
"Site Pages","dd3fb5a1-cc14-4eac-a12f-159491636d53","Title","Title","Title","Single line of text","Text","Text","False","False","False","False","_Hidden","",,,,""
"Site Pages","dd3fb5a1-cc14-4eac-a12f-159491636d53","Client Application Page ID","ClientSideApplicationId","ClientSideApplicationId","Guid","Guid","Guid","False","True","False","False","_Hidden","",,,,""
"Site Pages","dd3fb5a1-cc14-4eac-a12f-159491636d53","Page Layout Type","PageLayoutType","PageLayoutType","Single line of text","Text","Text","False","True","False","False","_Hidden","",,,,""
"Site Pages","dd3fb5a1-cc14-4eac-a12f-159491636d53","Authoring Canvas Content","CanvasContent1","CanvasContent1","Publishing HTML","HTML","Invalid","False","False","False","False","_Hidden","",,,,"This column stores the content of the authoring canvas in a site page."
"Site Pages","dd3fb5a1-cc14-4eac-a12f-159491636d53","Banner Image URL","BannerImageUrl","BannerImageUrl","Hyperlink or Picture","URL","URL","False","False","False","False","_Hidden","",,,,""
"Site Pages","dd3fb5a1-cc14-4eac-a12f-159491636d53","Banner Image Offset","BannerImageOffset","BannerImageOffset","Single line of text","Text","Text","False","True","False","False","_Hidden","",,,,""
"Site Pages","dd3fb5a1-cc14-4eac-a12f-159491636d53","Description","Description","Description","Multiple lines of text","Note","Note","False","False","True","False","_Hidden","",,,,""
"Site Pages","dd3fb5a1-cc14-4eac-a12f-159491636d53","Promoted State","PromotedState","PromotedState","Number","Number","Number","False","False","True","False","_Hidden","",,,"0",""
"Site Pages","dd3fb5a1-cc14-4eac-a12f-159491636d53","First Published Date","FirstPublishedDate","FirstPublishedDate","Date and Time","DateTime","DateTime","False","False","True","True","_Hidden","",,,,""
"Site Pages","dd3fb5a1-cc14-4eac-a12f-159491636d53","Page Layout Content","LayoutWebpartsContent","LayoutWebpartsContent","Publishing HTML","HTML","Invalid","False","False","False","False","_Hidden","",,,,"This column stores the content of webparts in page layout in a site page."
"Site Pages","dd3fb5a1-cc14-4eac-a12f-159491636d53","Author Byline","_AuthorByline","_AuthorByline","Person or Group","UserMulti","User","False","False","False","False","_Hidden","","{05970f80-1382-466a-ab40-156b3e727c70}","",,""
"Site Pages","dd3fb5a1-cc14-4eac-a12f-159491636d53","Topic header","_TopicHeader","_TopicHeader","Single line of text","Text","Text","False","False","False","False","_Hidden","",,,,""
"Site Pages","dd3fb5a1-cc14-4eac-a12f-159491636d53","Site Page Flags","_SPSitePageFlags","_SPSitePageFlags","Choice","MultiChoice","MultiChoice","False","False","True","False","_Hidden","Template | MigratedFromServerRendered | TopicPage | PrivateAuthoring | IsFromPrivateAuthoring | IsFromAuthoringCopilot",,,,""
"Site Pages","dd3fb5a1-cc14-4eac-a12f-159491636d53","Asset Folder Id","_SPAssetFolderId","_SPAssetFolderId","Number","Number","Number","False","True","True","False","_Hidden","",,,,""
"Site Pages","dd3fb5a1-cc14-4eac-a12f-159491636d53","Call To Action","_SPCallToAction","_SPCallToAction","Multiple lines of text","Note","Note","False","False","False","False","_Hidden","",,,,""
"Site Pages","dd3fb5a1-cc14-4eac-a12f-159491636d53","Collaborators","_SPCollaborators","_SPCollaborators","Multiple lines of text","Note","Note","False","True","True","False","_Hidden","",,,,""
"Site Pages","dd3fb5a1-cc14-4eac-a12f-159491636d53","Authoring Metadata","_SPAuthoringMetadata","_SPAuthoringMetadata","Multiple lines of text","Note","Note","False","True","True","False","_Hidden","",,,,""
"Site Pages","dd3fb5a1-cc14-4eac-a12f-159491636d53","Title","LinkTitle","LinkTitle","Computed","Computed","Computed","False","False","True","False","Base Columns","",,,,""
"Site Pages","dd3fb5a1-cc14-4eac-a12f-159491636d53","Original Source Url","_OriginalSourceUrl","_OriginalSourceUrl","Single line of text","Text","Text","False","False","True","False","_Hidden","",,,,""
"Site Pages","dd3fb5a1-cc14-4eac-a12f-159491636d53","Original Source Site ID","_OriginalSourceSiteId","_OriginalSourceSiteId","Guid","Guid","Guid","False","False","True","False","_Hidden","",,,,""
"Site Pages","dd3fb5a1-cc14-4eac-a12f-159491636d53","Original Source Web ID","_OriginalSourceWebId","_OriginalSourceWebId","Guid","Guid","Guid","False","False","True","False","_Hidden","",,,,""
"Site Pages","dd3fb5a1-cc14-4eac-a12f-159491636d53","Original Source List ID","_OriginalSourceListId","_OriginalSourceListId","Guid","Guid","Guid","False","False","True","False","_Hidden","",,,,""
"Site Pages","dd3fb5a1-cc14-4eac-a12f-159491636d53","Original Source Item ID","_OriginalSourceItemId","_OriginalSourceItemId","Guid","Guid","Guid","False","False","True","False","_Hidden","",,,,""
"Site Pages","dd3fb5a1-cc14-4eac-a12f-159491636d53","Viva Topics Hidden Highlights","_SPHiddenHighlightsMetadata","_SPHiddenHighlightsMetadata","Multiple lines of text","Note","Note","False","True","False","False","_Hidden","",,,,""
"Site Pages","dd3fb5a1-cc14-4eac-a12f-159491636d53","Hide Highlights List Editor","_SPHideListEditorMetadata","_SPHideListEditorMetadata","Person or Group","User","User","False","True","False","False","_Hidden","","{05970f80-1382-466a-ab40-156b3e727c70}","",,""
"Site Pages","dd3fb5a1-cc14-4eac-a12f-159491636d53","ID","ID","ID","Counter","Counter","Counter","False","False","True","False","Custom Columns","",,,,""
"Site Pages","dd3fb5a1-cc14-4eac-a12f-159491636d53","Content Type","ContentType","ContentType","Computed","Computed","Computed","False","False","False","False","_Hidden","",,,,""
"Site Pages","dd3fb5a1-cc14-4eac-a12f-159491636d53","Created","Created","Created","Date and Time","DateTime","DateTime","False","False","True","False","Custom Columns","",,,,""
"Site Pages","dd3fb5a1-cc14-4eac-a12f-159491636d53","Created By","Author","Author","Person or Group","User","User","False","False","True","False","Custom Columns","","{05970f80-1382-466a-ab40-156b3e727c70}","",,""
"Site Pages","dd3fb5a1-cc14-4eac-a12f-159491636d53","Modified","Modified","Modified","Date and Time","DateTime","DateTime","False","False","True","True","Custom Columns","",,,,""
"Site Pages","dd3fb5a1-cc14-4eac-a12f-159491636d53","Modified By","Editor","Editor","Person or Group","User","User","False","False","True","False","Custom Columns","","{05970f80-1382-466a-ab40-156b3e727c70}","",,""
"Site Pages","dd3fb5a1-cc14-4eac-a12f-159491636d53","Has Copy Destinations","_HasCopyDestinations","_HasCopyDestinations","Yes/No","Boolean","Boolean","False","True","True","False","Custom Columns","",,,,""
"Site Pages","dd3fb5a1-cc14-4eac-a12f-159491636d53","Copy Source","_CopySource","_CopySource","Single line of text","Text","Text","False","False","True","False","Custom Columns","",,,,""
"Site Pages","dd3fb5a1-cc14-4eac-a12f-159491636d53","Approval Status","_ModerationStatus","_ModerationStatus","Moderation Status","ModStat","ModStat","False","True","True","False","Custom Columns","0;#Approved | 1;#Rejected | 2;#Pending | 3;#Draft | 4;#Scheduled",,,"0",""
"Site Pages","dd3fb5a1-cc14-4eac-a12f-159491636d53","URL Path","FileRef","FileRef","Lookup","Lookup","Lookup","False","True","True","False","Custom Columns","","","FullUrl",,""
"Site Pages","dd3fb5a1-cc14-4eac-a12f-159491636d53","Path","FileDirRef","FileDirRef","Lookup","Lookup","Lookup","False","True","True","False","Custom Columns","","","DirName",,""
"Site Pages","dd3fb5a1-cc14-4eac-a12f-159491636d53","Modified","Last_x0020_Modified","Last_x0020_Modified","Lookup","Lookup","Lookup","False","True","True","False","Custom Columns","","","TimeLastModified",,""
"Site Pages","dd3fb5a1-cc14-4eac-a12f-159491636d53","Created","Created_x0020_Date","Created_x0020_Date","Lookup","Lookup","Lookup","False","True","True","False","Custom Columns","","","TimeCreated",,""
"Site Pages","dd3fb5a1-cc14-4eac-a12f-159491636d53","File Size","File_x0020_Size","File_x0020_Size","Lookup","Lookup","Lookup","False","True","True","False","Custom Columns","","","SizeInKB",,""
"Site Pages","dd3fb5a1-cc14-4eac-a12f-159491636d53","Item Type","FSObjType","FSObjType","Lookup","Lookup","Lookup","False","True","True","False","Custom Columns","","","FSType",,""
"Site Pages","dd3fb5a1-cc14-4eac-a12f-159491636d53","Sort Type","SortBehavior","SortBehavior","Lookup","Lookup","Lookup","False","True","True","False","Custom Columns","","","SortBehavior",,""
"Site Pages","dd3fb5a1-cc14-4eac-a12f-159491636d53","Effective Permissions Mask","PermMask","PermMask","Computed","Computed","Computed","False","True","True","False","Custom Columns","",,,,""
"Site Pages","dd3fb5a1-cc14-4eac-a12f-159491636d53","Principal Count","PrincipalCount","PrincipalCount","Computed","Computed","Computed","False","True","True","False","Custom Columns","",,,,""
"Site Pages","dd3fb5a1-cc14-4eac-a12f-159491636d53","ID of the User who has the item Checked Out","CheckedOutUserId","CheckedOutUserId","Lookup","Lookup","Lookup","False","True","True","False","Custom Columns","","","CheckoutUserId",,""
"Site Pages","dd3fb5a1-cc14-4eac-a12f-159491636d53","Is Checked out to local","IsCheckedoutToLocal","IsCheckedoutToLocal","Lookup","Lookup","Lookup","False","True","True","False","Custom Columns","","","IsCheckoutToLocal",,""
"Site Pages","dd3fb5a1-cc14-4eac-a12f-159491636d53","Checked Out To","CheckoutUser","CheckoutUser","Person or Group","User","User","False","False","True","False","Custom Columns","","{05970f80-1382-466a-ab40-156b3e727c70}","",,""
"Site Pages","dd3fb5a1-cc14-4eac-a12f-159491636d53","Unique Id","UniqueId","UniqueId","Lookup","Lookup","Lookup","False","True","True","False","Custom Columns","","","UniqueId",,""
"Site Pages","dd3fb5a1-cc14-4eac-a12f-159491636d53","Document Parent Identifier","ParentUniqueId","ParentUniqueId","Lookup","Lookup","Lookup","False","True","True","False","Custom Columns","","","ParentUniqueId",,""
"Site Pages","dd3fb5a1-cc14-4eac-a12f-159491636d53","Client Id","SyncClientId","SyncClientId","Lookup","Lookup","Lookup","False","True","True","False","Custom Columns","","","SyncClientId",,""
"Site Pages","dd3fb5a1-cc14-4eac-a12f-159491636d53","ProgId","ProgId","ProgId","Lookup","Lookup","Lookup","False","True","True","False","Custom Columns","","","ProgId",,""
"Site Pages","dd3fb5a1-cc14-4eac-a12f-159491636d53","ScopeId","ScopeId","ScopeId","Lookup","Lookup","Lookup","False","True","True","False","Custom Columns","","","ScopeId",,""
"Site Pages","dd3fb5a1-cc14-4eac-a12f-159491636d53","Virus Status","VirusStatus","VirusStatus","Lookup","Lookup","Lookup","False","True","True","False","Custom Columns","","","Size",,""
"Site Pages","dd3fb5a1-cc14-4eac-a12f-159491636d53","Checked Out To","CheckedOutTitle","CheckedOutTitle","Lookup","Lookup","Lookup","False","True","True","False","Custom Columns","","","CheckedOutTitle",,""
"Site Pages","dd3fb5a1-cc14-4eac-a12f-159491636d53","Check In Comment","_CheckinComment","_CheckinComment","Lookup","Lookup","Lookup","False","False","True","False","Custom Columns","","","CheckinComment",,""
"Site Pages","dd3fb5a1-cc14-4eac-a12f-159491636d53","Checked Out To","LinkCheckedOutTitle","LinkCheckedOutTitle","Computed","Computed","Computed","False","True","True","False","Custom Columns","",,,,""
"Site Pages","dd3fb5a1-cc14-4eac-a12f-159491636d53","Edit Menu Table Start","_EditMenuTableStart","_EditMenuTableStart","Computed","Computed","Computed","False","True","True","False","Custom Columns","",,,,""
"Site Pages","dd3fb5a1-cc14-4eac-a12f-159491636d53","Edit Menu Table Start","_EditMenuTableStart2","_EditMenuTableStart2","Computed","Computed","Computed","False","True","True","False","Custom Columns","",,,,""
"Site Pages","dd3fb5a1-cc14-4eac-a12f-159491636d53","Edit Menu Table End","_EditMenuTableEnd","_EditMenuTableEnd","Computed","Computed","Computed","False","True","True","False","Custom Columns","",,,,""
"Site Pages","dd3fb5a1-cc14-4eac-a12f-159491636d53","Name","LinkFilenameNoMenu","LinkFilenameNoMenu","Computed","Computed","Computed","False","False","True","False","Custom Columns","",,,,""
"Site Pages","dd3fb5a1-cc14-4eac-a12f-159491636d53","Name","LinkFilename","LinkFilename","Computed","Computed","Computed","False","False","True","False","Custom Columns","",,,,""
"Site Pages","dd3fb5a1-cc14-4eac-a12f-159491636d53","Name","LinkFilename2","LinkFilename2","Computed","Computed","Computed","False","True","True","False","Custom Columns","",,,,""
"Site Pages","dd3fb5a1-cc14-4eac-a12f-159491636d53","Type","DocIcon","DocIcon","Computed","Computed","Computed","False","False","True","False","Custom Columns","",,,,""
"Site Pages","dd3fb5a1-cc14-4eac-a12f-159491636d53","Server Relative URL","ServerUrl","ServerUrl","Computed","Computed","Computed","False","True","True","False","Custom Columns","",,,,""
"Site Pages","dd3fb5a1-cc14-4eac-a12f-159491636d53","Encoded Absolute URL","EncodedAbsUrl","EncodedAbsUrl","Computed","Computed","Computed","False","True","True","False","Custom Columns","",,,,""
"Site Pages","dd3fb5a1-cc14-4eac-a12f-159491636d53","Name","BaseName","BaseName","Computed","Computed","Computed","False","True","True","False","Custom Columns","",,,,""
"Site Pages","dd3fb5a1-cc14-4eac-a12f-159491636d53","File Size","FileSizeDisplay","FileSizeDisplay","Computed","Computed","Computed","False","False","True","False","Custom Columns","",,,,""
"Site Pages","dd3fb5a1-cc14-4eac-a12f-159491636d53","Property Bag","MetaInfo","MetaInfo","Lookup","Lookup","Lookup","False","True","False","False","Custom Columns","","","MetaInfo",,""
"Site Pages","dd3fb5a1-cc14-4eac-a12f-159491636d53","Level","_Level","_Level","Integer","Integer","Integer","False","True","True","False","Custom Columns","",,,,""
"Site Pages","dd3fb5a1-cc14-4eac-a12f-159491636d53","Is Current Version","_IsCurrentVersion","_IsCurrentVersion","Yes/No","Boolean","Boolean","False","True","True","False","Custom Columns","",,,,""
"Site Pages","dd3fb5a1-cc14-4eac-a12f-159491636d53","Item Child Count","ItemChildCount","ItemChildCount","Lookup","Lookup","Lookup","False","False","True","False","Custom Columns","","","ItemChildCount",,""
"Site Pages","dd3fb5a1-cc14-4eac-a12f-159491636d53","Folder Child Count","FolderChildCount","FolderChildCount","Lookup","Lookup","Lookup","False","False","True","False","Custom Columns","","","FolderChildCount",,""
"Site Pages","dd3fb5a1-cc14-4eac-a12f-159491636d53","Restricted","Restricted","Restricted","Lookup","Lookup","Lookup","False","True","True","False","Custom Columns","","","Restricted",,""
"Site Pages","dd3fb5a1-cc14-4eac-a12f-159491636d53","Originator Id","OriginatorId","OriginatorId","Lookup","Lookup","Lookup","False","True","True","False","Custom Columns","","","OriginatorId",,""
"Site Pages","dd3fb5a1-cc14-4eac-a12f-159491636d53","NoExecute","NoExecute","NoExecute","Lookup","Lookup","Lookup","False","True","True","False","Custom Columns","","","DocFlags",,""
"Site Pages","dd3fb5a1-cc14-4eac-a12f-159491636d53","Content Version","ContentVersion","ContentVersion","Lookup","Lookup","Lookup","False","True","True","False","Custom Columns","","","ContentVersion",,""
"Site Pages","dd3fb5a1-cc14-4eac-a12f-159491636d53","Label setting","_ComplianceFlags","_ComplianceFlags","Lookup","Lookup","Lookup","False","False","True","False","Custom Columns","","","ComplianceFlags",,""
"Site Pages","dd3fb5a1-cc14-4eac-a12f-159491636d53","Retention label","_ComplianceTag","_ComplianceTag","Lookup","Lookup","Lookup","False","False","True","False","Custom Columns","","","ComplianceTag",,""
"Site Pages","dd3fb5a1-cc14-4eac-a12f-159491636d53","Retention label Applied","_ComplianceTagWrittenTime","_ComplianceTagWrittenTime","Lookup","Lookup","Lookup","False","False","True","False","Custom Columns","","","ComplianceTagWrittenTime",,""
"Site Pages","dd3fb5a1-cc14-4eac-a12f-159491636d53","Label applied by","_ComplianceTagUserId","_ComplianceTagUserId","Lookup","Lookup","Lookup","False","False","True","False","Custom Columns","","","ComplianceTagUserId",,""
"Site Pages","dd3fb5a1-cc14-4eac-a12f-159491636d53","Item is a Record","_IsRecord","_IsRecord","Computed","Computed","Computed","False","False","True","False","Custom Columns","",,,,""
"Site Pages","dd3fb5a1-cc14-4eac-a12f-159491636d53","BLOB Sequence Number","BSN","BSN","Lookup","Lookup","Lookup","False","True","True","False","Custom Columns","","","BSN",,""
"Site Pages","dd3fb5a1-cc14-4eac-a12f-159491636d53","List Schema Version","_ListSchemaVersion","_ListSchemaVersion","Lookup","Lookup","Lookup","False","True","True","False","Custom Columns","","","ListSchemaVersion",,""
"Site Pages","dd3fb5a1-cc14-4eac-a12f-159491636d53","Dirty","_Dirty","_Dirty","Lookup","Lookup","Lookup","False","True","True","False","Custom Columns","","","Dirty",,""
"Site Pages","dd3fb5a1-cc14-4eac-a12f-159491636d53","Parsable","_Parsable","_Parsable","Lookup","Lookup","Lookup","False","True","True","False","Custom Columns","","","DocFlags",,""
"Site Pages","dd3fb5a1-cc14-4eac-a12f-159491636d53","StubFile","_StubFile","_StubFile","Lookup","Lookup","Lookup","False","True","True","False","Custom Columns","","","DocFlags",,""
"Site Pages","dd3fb5a1-cc14-4eac-a12f-159491636d53","HasEncryptedContent","_HasEncryptedContent","_HasEncryptedContent","Lookup","Lookup","Lookup","False","True","True","False","Custom Columns","","","DocFlags",,""
"Site Pages","dd3fb5a1-cc14-4eac-a12f-159491636d53","HasUserDefinedProtection","_HasUserDefinedProtection","_HasUserDefinedProtection","Lookup","Lookup","Lookup","False","True","True","False","Custom Columns","","","DocFlags",,""
"Site Pages","dd3fb5a1-cc14-4eac-a12f-159491636d53","Access Policy","AccessPolicy","AccessPolicy","Lookup","Lookup","Lookup","False","True","True","False","Custom Columns","","","AccessPolicy",,""
"Site Pages","dd3fb5a1-cc14-4eac-a12f-159491636d53","VirusStatus","_VirusStatus","_VirusStatus","Lookup","Lookup","Lookup","False","True","True","False","Custom Columns","","","VirusStatus",,""
"Site Pages","dd3fb5a1-cc14-4eac-a12f-159491636d53","VirusVendorID","_VirusVendorID","_VirusVendorID","Lookup","Lookup","Lookup","False","True","True","False","Custom Columns","","","VirusVendorID",,""
"Site Pages","dd3fb5a1-cc14-4eac-a12f-159491636d53","VirusInfo","_VirusInfo","_VirusInfo","Lookup","Lookup","Lookup","False","True","True","False","Custom Columns","","","VirusInfo",,""
"Site Pages","dd3fb5a1-cc14-4eac-a12f-159491636d53","RansomwareAnomalyMetaInfo","_RansomwareAnomalyMetaInfo","_RansomwareAnomalyMetaInfo","Lookup","Lookup","Lookup","False","True","True","False","Custom Columns","","","RansomwareAnomalyMetaInfo",,""
"Site Pages","dd3fb5a1-cc14-4eac-a12f-159491636d53","Comment settings","_CommentFlags","_CommentFlags","Lookup","Lookup","Lookup","False","True","True","False","Custom Columns","","","CommentFlags",,""
"Site Pages","dd3fb5a1-cc14-4eac-a12f-159491636d53","Comment count","_CommentCount","_CommentCount","Lookup","Lookup","Lookup","False","False","True","False","Custom Columns","","","CommentCount",,""
"Site Pages","dd3fb5a1-cc14-4eac-a12f-159491636d53","Like count","_LikeCount","_LikeCount","Lookup","Lookup","Lookup","False","False","True","False","Custom Columns","","","LikeCount",,""
"Site Pages","dd3fb5a1-cc14-4eac-a12f-159491636d53","Rights Management Template Id","_RmsTemplateId","_RmsTemplateId","Lookup","Lookup","Lookup","False","True","True","False","Custom Columns","","","RmsTemplateId",,""
"Site Pages","dd3fb5a1-cc14-4eac-a12f-159491636d53","Sensitivity Label Id","_IpLabelId","_IpLabelId","Lookup","Lookup","Lookup","False","True","True","False","Custom Columns","","","IpLabelId",,""
"Site Pages","dd3fb5a1-cc14-4eac-a12f-159491636d53","Sensitivity","_DisplayName","_DisplayName","Lookup","Lookup","Lookup","False","False","True","False","Custom Columns","","","DisplayName",,""
"Site Pages","dd3fb5a1-cc14-4eac-a12f-159491636d53","Sensitivity Label Assignment Method","_IpLabelAssignmentMethod","_IpLabelAssignmentMethod","Lookup","Lookup","Lookup","False","True","True","False","Custom Columns","","","IpLabelAssignmentMethod",,""
"Site Pages","dd3fb5a1-cc14-4eac-a12f-159491636d53","A2OD Mount Count","A2ODMountCount","A2ODMountCount","Lookup","Lookup","Lookup","False","True","True","False","Custom Columns","","","A2ODMountCount",,""
"Site Pages","dd3fb5a1-cc14-4eac-a12f-159491636d53","Expiration Date","_ExpirationDate","_ExpirationDate","Lookup","Lookup","Lookup","False","True","True","False","Custom Columns","","","ExpirationDate",,""
"Site Pages","dd3fb5a1-cc14-4eac-a12f-159491636d53","IpLabelHash","_IpLabelHash","_IpLabelHash","Lookup","Lookup","Lookup","False","True","True","False","Custom Columns","","","IpLabelHash",,""
"Site Pages","dd3fb5a1-cc14-4eac-a12f-159491636d53","IpLabelPromotionCtagVersion","_IpLabelPromotionCtagVersion","_IpLabelPromotionCtagVersion","Lookup","Lookup","Lookup","False","True","True","False","Custom Columns","","","IpLabelPromotionCtagVersion",,""
"Site Pages","dd3fb5a1-cc14-4eac-a12f-159491636d53","Draft Owner Id","_DraftOwnerId","_DraftOwnerId","Lookup","Lookup","Lookup","False","True","True","False","Custom Columns","","","DraftOwnerId",,""
"Site Pages","dd3fb5a1-cc14-4eac-a12f-159491636d53","Sensitivity Label Metadata","_IpLabelMetaInfo","_IpLabelMetaInfo","Lookup","Lookup","Lookup","False","True","True","False","Custom Columns","","","IpLabelMetaInfo",,""
"Site Pages","dd3fb5a1-cc14-4eac-a12f-159491636d53","AdditionalStreamSize","_AdditionalStreamSize","_AdditionalStreamSize","Lookup","Lookup","Lookup","False","True","True","False","Custom Columns","","","AdditionalStreamSize",,""
"Site Pages","dd3fb5a1-cc14-4eac-a12f-159491636d53","StreamScenarioIds","_StreamScenarioIds","_StreamScenarioIds","Lookup","Lookup","Lookup","False","True","True","False","Custom Columns","","","StreamScenarioIds",,""
"Site Pages","dd3fb5a1-cc14-4eac-a12f-159491636d53","Archive Status","_FileArchiveStatus","_FileArchiveStatus","Lookup","Lookup","Lookup","False","True","True","False","Custom Columns","","","FileArchiveStatus",,""
"Site Pages","dd3fb5a1-cc14-4eac-a12f-159491636d53","Media file metadata","_ExtractedMetadata","_ExtractedMetadata","Lookup","Lookup","Lookup","False","True","True","False","Custom Columns","","","ExtractedMetadata",,""
"Site Pages","dd3fb5a1-cc14-4eac-a12f-159491636d53","Archive State Last Modified Time","_FileArchiveTimeLastModified","_FileArchiveTimeLastModified","Lookup","Lookup","Lookup","False","True","True","False","Custom Columns","","","FileArchiveTimeLastModified",,""
"Site Pages","dd3fb5a1-cc14-4eac-a12f-159491636d53","Main Link settings","MainLinkSettings","MainLinkSettings","Computed","Computed","Computed","False","True","True","False","Custom Columns","",,,,""
"Site Pages","dd3fb5a1-cc14-4eac-a12f-159491636d53","App Created By","AppAuthor","AppAuthor","Lookup","Lookup","Lookup","False","False","True","False","Custom Columns","","AppPrincipals","Title",,""
"Site Pages","dd3fb5a1-cc14-4eac-a12f-159491636d53","App Modified By","AppEditor","AppEditor","Lookup","Lookup","Lookup","False","False","True","False","Custom Columns","","AppPrincipals","Title",,""
"Site Pages","dd3fb5a1-cc14-4eac-a12f-159491636d53","Total Size","SMTotalSize","SMTotalSize","Lookup","Lookup","Lookup","False","True","True","False","Custom Columns","","","SMTotalSize",,""
"Site Pages","dd3fb5a1-cc14-4eac-a12f-159491636d53","Last Modified Date","SMLastModifiedDate","SMLastModifiedDate","Lookup","Lookup","Lookup","False","True","True","False","Custom Columns","","","SMLastModifiedDate",,""
"Site Pages","dd3fb5a1-cc14-4eac-a12f-159491636d53","Total File Stream Size","SMTotalFileStreamSize","SMTotalFileStreamSize","Lookup","Lookup","Lookup","False","True","True","False","Custom Columns","","","SMTotalFileStreamSize",,""
"Site Pages","dd3fb5a1-cc14-4eac-a12f-159491636d53","Total File Count","SMTotalFileCount","SMTotalFileCount","Lookup","Lookup","Lookup","False","True","True","False","Custom Columns","","","SMTotalFileCount",,""
"Site Pages","dd3fb5a1-cc14-4eac-a12f-159491636d53","Select","SelectTitle","SelectTitle","Computed","Computed","Computed","False","True","True","False","Custom Columns","",,,,""
"Site Pages","dd3fb5a1-cc14-4eac-a12f-159491636d53","Select","SelectFilename","SelectFilename","Computed","Computed","Computed","False","True","True","False","Custom Columns","",,,,""
"Site Pages","dd3fb5a1-cc14-4eac-a12f-159491636d53","Edit","Edit","Edit","Computed","Computed","Computed","False","False","True","False","Custom Columns","",,,,""
"Site Pages","dd3fb5a1-cc14-4eac-a12f-159491636d53","owshiddenversion","owshiddenversion","owshiddenversion","Integer","Integer","Integer","False","True","True","False","Custom Columns","",,,,""
"Site Pages","dd3fb5a1-cc14-4eac-a12f-159491636d53","UI Version","_UIVersion","_UIVersion","Integer","Integer","Integer","False","True","True","False","Custom Columns","",,,,""
"Site Pages","dd3fb5a1-cc14-4eac-a12f-159491636d53","Version","_UIVersionString","_UIVersionString","Single line of text","Text","Text","False","False","True","False","Custom Columns","",,,,""
"Site Pages","dd3fb5a1-cc14-4eac-a12f-159491636d53","Instance ID","InstanceID","InstanceID","Integer","Integer","Integer","False","True","True","False","Custom Columns","",,,,""
"Site Pages","dd3fb5a1-cc14-4eac-a12f-159491636d53","Order","Order","Order","Number","Number","Number","False","True","False","False","Custom Columns","",,,,""
"Site Pages","dd3fb5a1-cc14-4eac-a12f-159491636d53","GUID","GUID","GUID","Guid","Guid","Guid","False","True","True","False","Custom Columns","",,,,""
"Site Pages","dd3fb5a1-cc14-4eac-a12f-159491636d53","Workflow Version","WorkflowVersion","WorkflowVersion","Integer","Integer","Integer","False","True","True","False","Custom Columns","",,,,""
"Site Pages","dd3fb5a1-cc14-4eac-a12f-159491636d53","Workflow Instance ID","WorkflowInstanceID","WorkflowInstanceID","Guid","Guid","Guid","False","True","True","False","Custom Columns","",,,,""
"Site Pages","dd3fb5a1-cc14-4eac-a12f-159491636d53","Source Version (Converted Document)","ParentVersionString","ParentVersionString","Lookup","Lookup","Lookup","False","False","True","False","Custom Columns","","","ParentVersionString",,""
"Site Pages","dd3fb5a1-cc14-4eac-a12f-159491636d53","Source Name (Converted Document)","ParentLeafName","ParentLeafName","Lookup","Lookup","Lookup","False","False","True","False","Custom Columns","","","ParentLeafName",,""
"Site Pages","dd3fb5a1-cc14-4eac-a12f-159491636d53","Document Concurrency Number","DocConcurrencyNumber","DocConcurrencyNumber","Lookup","Lookup","Lookup","False","True","True","False","Custom Columns","","","DocConcurrencyNumber",,""
"Site Pages","dd3fb5a1-cc14-4eac-a12f-159491636d53","Document Stream Hash","StreamHash","StreamHash","Lookup","Lookup","Lookup","False","True","True","False","Custom Columns","","","StreamHash",,""
"Style Library","b3a62449-860c-4f53-a854-1233f6bb6a89","ID","ID","ID","Counter","Counter","Counter","False","False","True","False","Custom Columns","",,,,""
"Style Library","b3a62449-860c-4f53-a854-1233f6bb6a89","Content Type ID","ContentTypeId","ContentTypeId","Content Type Id","ContentTypeId","ContentTypeId","False","True","True","False","Custom Columns","",,,,""
"Style Library","b3a62449-860c-4f53-a854-1233f6bb6a89","Content Type","ContentType","ContentType","Computed","Computed","Computed","False","False","False","False","_Hidden","",,,,""
"Style Library","b3a62449-860c-4f53-a854-1233f6bb6a89","Created","Created","Created","Date and Time","DateTime","DateTime","False","False","True","False","Custom Columns","",,,,""
"Style Library","b3a62449-860c-4f53-a854-1233f6bb6a89","Created By","Author","Author","Person or Group","User","User","False","False","True","False","Custom Columns","","{05970f80-1382-466a-ab40-156b3e727c70}","",,""
"Style Library","b3a62449-860c-4f53-a854-1233f6bb6a89","Modified","Modified","Modified","Date and Time","DateTime","DateTime","False","False","True","False","Custom Columns","",,,,""
"Style Library","b3a62449-860c-4f53-a854-1233f6bb6a89","Modified By","Editor","Editor","Person or Group","User","User","False","False","True","False","Custom Columns","","{05970f80-1382-466a-ab40-156b3e727c70}","",,""
"Style Library","b3a62449-860c-4f53-a854-1233f6bb6a89","Has Copy Destinations","_HasCopyDestinations","_HasCopyDestinations","Yes/No","Boolean","Boolean","False","True","True","False","Custom Columns","",,,,""
"Style Library","b3a62449-860c-4f53-a854-1233f6bb6a89","Copy Source","_CopySource","_CopySource","Single line of text","Text","Text","False","False","True","False","Custom Columns","",,,,""
"Style Library","b3a62449-860c-4f53-a854-1233f6bb6a89","Approval Status","_ModerationStatus","_ModerationStatus","Moderation Status","ModStat","ModStat","False","True","True","False","Custom Columns","0;#Approved | 1;#Rejected | 2;#Pending | 3;#Draft | 4;#Scheduled",,,"0",""
"Style Library","b3a62449-860c-4f53-a854-1233f6bb6a89","Approver Comments","_ModerationComments","_ModerationComments","Multiple lines of text","Note","Note","False","True","True","False","Custom Columns","",,,,""
"Style Library","b3a62449-860c-4f53-a854-1233f6bb6a89","URL Path","FileRef","FileRef","Lookup","Lookup","Lookup","False","True","True","False","Custom Columns","","","FullUrl",,""
"Style Library","b3a62449-860c-4f53-a854-1233f6bb6a89","Path","FileDirRef","FileDirRef","Lookup","Lookup","Lookup","False","True","True","False","Custom Columns","","","DirName",,""
"Style Library","b3a62449-860c-4f53-a854-1233f6bb6a89","Modified","Last_x0020_Modified","Last_x0020_Modified","Lookup","Lookup","Lookup","False","True","True","False","Custom Columns","","","TimeLastModified",,""
"Style Library","b3a62449-860c-4f53-a854-1233f6bb6a89","Created","Created_x0020_Date","Created_x0020_Date","Lookup","Lookup","Lookup","False","True","True","False","Custom Columns","","","TimeCreated",,""
"Style Library","b3a62449-860c-4f53-a854-1233f6bb6a89","File Size","File_x0020_Size","File_x0020_Size","Lookup","Lookup","Lookup","False","True","True","False","Custom Columns","","","SizeInKB",,""
"Style Library","b3a62449-860c-4f53-a854-1233f6bb6a89","Item Type","FSObjType","FSObjType","Lookup","Lookup","Lookup","False","True","True","False","Custom Columns","","","FSType",,""
"Style Library","b3a62449-860c-4f53-a854-1233f6bb6a89","Sort Type","SortBehavior","SortBehavior","Lookup","Lookup","Lookup","False","True","True","False","Custom Columns","","","SortBehavior",,""
"Style Library","b3a62449-860c-4f53-a854-1233f6bb6a89","Effective Permissions Mask","PermMask","PermMask","Computed","Computed","Computed","False","True","True","False","Custom Columns","",,,,""
"Style Library","b3a62449-860c-4f53-a854-1233f6bb6a89","Principal Count","PrincipalCount","PrincipalCount","Computed","Computed","Computed","False","True","True","False","Custom Columns","",,,,""
"Style Library","b3a62449-860c-4f53-a854-1233f6bb6a89","ID of the User who has the item Checked Out","CheckedOutUserId","CheckedOutUserId","Lookup","Lookup","Lookup","False","True","True","False","Custom Columns","","","CheckoutUserId",,""
"Style Library","b3a62449-860c-4f53-a854-1233f6bb6a89","Is Checked out to local","IsCheckedoutToLocal","IsCheckedoutToLocal","Lookup","Lookup","Lookup","False","True","True","False","Custom Columns","","","IsCheckoutToLocal",,""
"Style Library","b3a62449-860c-4f53-a854-1233f6bb6a89","Checked Out To","CheckoutUser","CheckoutUser","Person or Group","User","User","False","False","True","False","Custom Columns","","{05970f80-1382-466a-ab40-156b3e727c70}","",,""
"Style Library","b3a62449-860c-4f53-a854-1233f6bb6a89","Name","FileLeafRef","FileLeafRef","File","File","File","True","False","False","False","Custom Columns","",,,,""
"Style Library","b3a62449-860c-4f53-a854-1233f6bb6a89","Unique Id","UniqueId","UniqueId","Lookup","Lookup","Lookup","False","True","True","False","Custom Columns","","","UniqueId",,""
"Style Library","b3a62449-860c-4f53-a854-1233f6bb6a89","Document Parent Identifier","ParentUniqueId","ParentUniqueId","Lookup","Lookup","Lookup","False","True","True","False","Custom Columns","","","ParentUniqueId",,""
"Style Library","b3a62449-860c-4f53-a854-1233f6bb6a89","Client Id","SyncClientId","SyncClientId","Lookup","Lookup","Lookup","False","True","True","False","Custom Columns","","","SyncClientId",,""
"Style Library","b3a62449-860c-4f53-a854-1233f6bb6a89","ProgId","ProgId","ProgId","Lookup","Lookup","Lookup","False","True","True","False","Custom Columns","","","ProgId",,""
"Style Library","b3a62449-860c-4f53-a854-1233f6bb6a89","ScopeId","ScopeId","ScopeId","Lookup","Lookup","Lookup","False","True","True","False","Custom Columns","","","ScopeId",,""
"Style Library","b3a62449-860c-4f53-a854-1233f6bb6a89","Virus Status","VirusStatus","VirusStatus","Lookup","Lookup","Lookup","False","True","True","False","Custom Columns","","","Size",,""
"Style Library","b3a62449-860c-4f53-a854-1233f6bb6a89","Checked Out To","CheckedOutTitle","CheckedOutTitle","Lookup","Lookup","Lookup","False","True","True","False","Custom Columns","","","CheckedOutTitle",,""
"Style Library","b3a62449-860c-4f53-a854-1233f6bb6a89","Check In Comment","_CheckinComment","_CheckinComment","Lookup","Lookup","Lookup","False","False","True","False","Custom Columns","","","CheckinComment",,""
"Style Library","b3a62449-860c-4f53-a854-1233f6bb6a89","Checked Out To","LinkCheckedOutTitle","LinkCheckedOutTitle","Computed","Computed","Computed","False","True","True","False","Custom Columns","",,,,""
"Style Library","b3a62449-860c-4f53-a854-1233f6bb6a89","Document Modified By","Modified_x0020_By","Modified_x0020_By","Single line of text","Text","Text","False","True","True","False","Custom Columns","",,,,""
"Style Library","b3a62449-860c-4f53-a854-1233f6bb6a89","Document Created By","Created_x0020_By","Created_x0020_By","Single line of text","Text","Text","False","True","True","False","Custom Columns","",,,,""
"Style Library","b3a62449-860c-4f53-a854-1233f6bb6a89","File Type","File_x0020_Type","File_x0020_Type","Single line of text","Text","Text","False","True","True","False","Custom Columns","",,,,""
"Style Library","b3a62449-860c-4f53-a854-1233f6bb6a89","HTML File Type","HTML_x0020_File_x0020_Type","HTML_x0020_File_x0020_Type","Single line of text","Text","Text","False","True","True","False","Custom Columns","",,,,""
"Style Library","b3a62449-860c-4f53-a854-1233f6bb6a89","Source URL","_SourceUrl","_SourceUrl","Single line of text","Text","Text","False","True","False","False","Custom Columns","",,,,""
"Style Library","b3a62449-860c-4f53-a854-1233f6bb6a89","Shared File Index","_SharedFileIndex","_SharedFileIndex","Single line of text","Text","Text","False","True","False","False","Custom Columns","",,,,""
"Style Library","b3a62449-860c-4f53-a854-1233f6bb6a89","Edit Menu Table Start","_EditMenuTableStart","_EditMenuTableStart","Computed","Computed","Computed","False","True","True","False","Custom Columns","",,,,""
"Style Library","b3a62449-860c-4f53-a854-1233f6bb6a89","Edit Menu Table Start","_EditMenuTableStart2","_EditMenuTableStart2","Computed","Computed","Computed","False","True","True","False","Custom Columns","",,,,""
"Style Library","b3a62449-860c-4f53-a854-1233f6bb6a89","Edit Menu Table End","_EditMenuTableEnd","_EditMenuTableEnd","Computed","Computed","Computed","False","True","True","False","Custom Columns","",,,,""
"Style Library","b3a62449-860c-4f53-a854-1233f6bb6a89","Name","LinkFilenameNoMenu","LinkFilenameNoMenu","Computed","Computed","Computed","False","False","True","False","Custom Columns","",,,,""
"Style Library","b3a62449-860c-4f53-a854-1233f6bb6a89","Name","LinkFilename","LinkFilename","Computed","Computed","Computed","False","False","True","False","Custom Columns","",,,,""
"Style Library","b3a62449-860c-4f53-a854-1233f6bb6a89","Name","LinkFilename2","LinkFilename2","Computed","Computed","Computed","False","True","True","False","Custom Columns","",,,,""
"Style Library","b3a62449-860c-4f53-a854-1233f6bb6a89","Type","DocIcon","DocIcon","Computed","Computed","Computed","False","False","True","False","Custom Columns","",,,,""
"Style Library","b3a62449-860c-4f53-a854-1233f6bb6a89","Server Relative URL","ServerUrl","ServerUrl","Computed","Computed","Computed","False","True","True","False","Custom Columns","",,,,""
"Style Library","b3a62449-860c-4f53-a854-1233f6bb6a89","Encoded Absolute URL","EncodedAbsUrl","EncodedAbsUrl","Computed","Computed","Computed","False","True","True","False","Custom Columns","",,,,""
"Style Library","b3a62449-860c-4f53-a854-1233f6bb6a89","Name","BaseName","BaseName","Computed","Computed","Computed","False","True","True","False","Custom Columns","",,,,""
"Style Library","b3a62449-860c-4f53-a854-1233f6bb6a89","File Size","FileSizeDisplay","FileSizeDisplay","Computed","Computed","Computed","False","False","True","False","Custom Columns","",,,,""
"Style Library","b3a62449-860c-4f53-a854-1233f6bb6a89","Property Bag","MetaInfo","MetaInfo","Lookup","Lookup","Lookup","False","True","False","False","Custom Columns","","","MetaInfo",,""
"Style Library","b3a62449-860c-4f53-a854-1233f6bb6a89","Level","_Level","_Level","Integer","Integer","Integer","False","True","True","False","Custom Columns","",,,,""
"Style Library","b3a62449-860c-4f53-a854-1233f6bb6a89","Is Current Version","_IsCurrentVersion","_IsCurrentVersion","Yes/No","Boolean","Boolean","False","True","True","False","Custom Columns","",,,,""
"Style Library","b3a62449-860c-4f53-a854-1233f6bb6a89","Item Child Count","ItemChildCount","ItemChildCount","Lookup","Lookup","Lookup","False","False","True","False","Custom Columns","","","ItemChildCount",,""
"Style Library","b3a62449-860c-4f53-a854-1233f6bb6a89","Folder Child Count","FolderChildCount","FolderChildCount","Lookup","Lookup","Lookup","False","False","True","False","Custom Columns","","","FolderChildCount",,""
"Style Library","b3a62449-860c-4f53-a854-1233f6bb6a89","Restricted","Restricted","Restricted","Lookup","Lookup","Lookup","False","True","True","False","Custom Columns","","","Restricted",,""
"Style Library","b3a62449-860c-4f53-a854-1233f6bb6a89","Originator Id","OriginatorId","OriginatorId","Lookup","Lookup","Lookup","False","True","True","False","Custom Columns","","","OriginatorId",,""
"Style Library","b3a62449-860c-4f53-a854-1233f6bb6a89","NoExecute","NoExecute","NoExecute","Lookup","Lookup","Lookup","False","True","True","False","Custom Columns","","","DocFlags",,""
"Style Library","b3a62449-860c-4f53-a854-1233f6bb6a89","Content Version","ContentVersion","ContentVersion","Lookup","Lookup","Lookup","False","True","True","False","Custom Columns","","","ContentVersion",,""
"Style Library","b3a62449-860c-4f53-a854-1233f6bb6a89","Label setting","_ComplianceFlags","_ComplianceFlags","Lookup","Lookup","Lookup","False","False","True","False","Custom Columns","","","ComplianceFlags",,""
"Style Library","b3a62449-860c-4f53-a854-1233f6bb6a89","Retention label","_ComplianceTag","_ComplianceTag","Lookup","Lookup","Lookup","False","False","True","False","Custom Columns","","","ComplianceTag",,""
"Style Library","b3a62449-860c-4f53-a854-1233f6bb6a89","Retention label Applied","_ComplianceTagWrittenTime","_ComplianceTagWrittenTime","Lookup","Lookup","Lookup","False","False","True","False","Custom Columns","","","ComplianceTagWrittenTime",,""
"Style Library","b3a62449-860c-4f53-a854-1233f6bb6a89","Label applied by","_ComplianceTagUserId","_ComplianceTagUserId","Lookup","Lookup","Lookup","False","False","True","False","Custom Columns","","","ComplianceTagUserId",,""
"Style Library","b3a62449-860c-4f53-a854-1233f6bb6a89","Item is a Record","_IsRecord","_IsRecord","Computed","Computed","Computed","False","False","True","False","Custom Columns","",,,,""
"Style Library","b3a62449-860c-4f53-a854-1233f6bb6a89","BLOB Sequence Number","BSN","BSN","Lookup","Lookup","Lookup","False","True","True","False","Custom Columns","","","BSN",,""
"Style Library","b3a62449-860c-4f53-a854-1233f6bb6a89","List Schema Version","_ListSchemaVersion","_ListSchemaVersion","Lookup","Lookup","Lookup","False","True","True","False","Custom Columns","","","ListSchemaVersion",,""
"Style Library","b3a62449-860c-4f53-a854-1233f6bb6a89","Dirty","_Dirty","_Dirty","Lookup","Lookup","Lookup","False","True","True","False","Custom Columns","","","Dirty",,""
"Style Library","b3a62449-860c-4f53-a854-1233f6bb6a89","Parsable","_Parsable","_Parsable","Lookup","Lookup","Lookup","False","True","True","False","Custom Columns","","","DocFlags",,""
"Style Library","b3a62449-860c-4f53-a854-1233f6bb6a89","StubFile","_StubFile","_StubFile","Lookup","Lookup","Lookup","False","True","True","False","Custom Columns","","","DocFlags",,""
"Style Library","b3a62449-860c-4f53-a854-1233f6bb6a89","HasEncryptedContent","_HasEncryptedContent","_HasEncryptedContent","Lookup","Lookup","Lookup","False","True","True","False","Custom Columns","","","DocFlags",,""
"Style Library","b3a62449-860c-4f53-a854-1233f6bb6a89","HasUserDefinedProtection","_HasUserDefinedProtection","_HasUserDefinedProtection","Lookup","Lookup","Lookup","False","True","True","False","Custom Columns","","","DocFlags",,""
"Style Library","b3a62449-860c-4f53-a854-1233f6bb6a89","Access Policy","AccessPolicy","AccessPolicy","Lookup","Lookup","Lookup","False","True","True","False","Custom Columns","","","AccessPolicy",,""
"Style Library","b3a62449-860c-4f53-a854-1233f6bb6a89","VirusStatus","_VirusStatus","_VirusStatus","Lookup","Lookup","Lookup","False","True","True","False","Custom Columns","","","VirusStatus",,""
"Style Library","b3a62449-860c-4f53-a854-1233f6bb6a89","VirusVendorID","_VirusVendorID","_VirusVendorID","Lookup","Lookup","Lookup","False","True","True","False","Custom Columns","","","VirusVendorID",,""
"Style Library","b3a62449-860c-4f53-a854-1233f6bb6a89","VirusInfo","_VirusInfo","_VirusInfo","Lookup","Lookup","Lookup","False","True","True","False","Custom Columns","","","VirusInfo",,""
"Style Library","b3a62449-860c-4f53-a854-1233f6bb6a89","RansomwareAnomalyMetaInfo","_RansomwareAnomalyMetaInfo","_RansomwareAnomalyMetaInfo","Lookup","Lookup","Lookup","False","True","True","False","Custom Columns","","","RansomwareAnomalyMetaInfo",,""
"Style Library","b3a62449-860c-4f53-a854-1233f6bb6a89","Comment settings","_CommentFlags","_CommentFlags","Lookup","Lookup","Lookup","False","True","True","False","Custom Columns","","","CommentFlags",,""
"Style Library","b3a62449-860c-4f53-a854-1233f6bb6a89","Comment count","_CommentCount","_CommentCount","Lookup","Lookup","Lookup","False","False","True","False","Custom Columns","","","CommentCount",,""
"Style Library","b3a62449-860c-4f53-a854-1233f6bb6a89","Like count","_LikeCount","_LikeCount","Lookup","Lookup","Lookup","False","False","True","False","Custom Columns","","","LikeCount",,""
"Style Library","b3a62449-860c-4f53-a854-1233f6bb6a89","Rights Management Template Id","_RmsTemplateId","_RmsTemplateId","Lookup","Lookup","Lookup","False","True","True","False","Custom Columns","","","RmsTemplateId",,""
"Style Library","b3a62449-860c-4f53-a854-1233f6bb6a89","Sensitivity Label Id","_IpLabelId","_IpLabelId","Lookup","Lookup","Lookup","False","True","True","False","Custom Columns","","","IpLabelId",,""
"Style Library","b3a62449-860c-4f53-a854-1233f6bb6a89","Sensitivity","_DisplayName","_DisplayName","Lookup","Lookup","Lookup","False","False","True","False","Custom Columns","","","DisplayName",,""
"Style Library","b3a62449-860c-4f53-a854-1233f6bb6a89","Sensitivity Label Assignment Method","_IpLabelAssignmentMethod","_IpLabelAssignmentMethod","Lookup","Lookup","Lookup","False","True","True","False","Custom Columns","","","IpLabelAssignmentMethod",,""
"Style Library","b3a62449-860c-4f53-a854-1233f6bb6a89","A2OD Mount Count","A2ODMountCount","A2ODMountCount","Lookup","Lookup","Lookup","False","True","True","False","Custom Columns","","","A2ODMountCount",,""
"Style Library","b3a62449-860c-4f53-a854-1233f6bb6a89","Expiration Date","_ExpirationDate","_ExpirationDate","Lookup","Lookup","Lookup","False","True","True","False","Custom Columns","","","ExpirationDate",,""
"Style Library","b3a62449-860c-4f53-a854-1233f6bb6a89","IpLabelHash","_IpLabelHash","_IpLabelHash","Lookup","Lookup","Lookup","False","True","True","False","Custom Columns","","","IpLabelHash",,""
"Style Library","b3a62449-860c-4f53-a854-1233f6bb6a89","IpLabelPromotionCtagVersion","_IpLabelPromotionCtagVersion","_IpLabelPromotionCtagVersion","Lookup","Lookup","Lookup","False","True","True","False","Custom Columns","","","IpLabelPromotionCtagVersion",,""
"Style Library","b3a62449-860c-4f53-a854-1233f6bb6a89","Color","_ColorHex","_ColorHex","Single line of text","Text","Text","False","True","True","False","Custom Columns","",,,,""
"Style Library","b3a62449-860c-4f53-a854-1233f6bb6a89","Color Tag","_ColorTag","_ColorTag","Single line of text","Text","Text","False","False","True","False","Custom Columns","",,,,""
"Style Library","b3a62449-860c-4f53-a854-1233f6bb6a89","Emoji","_Emoji","_Emoji","Single line of text","Text","Text","False","True","True","False","Custom Columns","",,,,""
"Style Library","b3a62449-860c-4f53-a854-1233f6bb6a89","Draft Owner Id","_DraftOwnerId","_DraftOwnerId","Lookup","Lookup","Lookup","False","True","True","False","Custom Columns","","","DraftOwnerId",,""
"Style Library","b3a62449-860c-4f53-a854-1233f6bb6a89","Sensitivity Label Metadata","_IpLabelMetaInfo","_IpLabelMetaInfo","Lookup","Lookup","Lookup","False","True","True","False","Custom Columns","","","IpLabelMetaInfo",,""
"Style Library","b3a62449-860c-4f53-a854-1233f6bb6a89","AdditionalStreamSize","_AdditionalStreamSize","_AdditionalStreamSize","Lookup","Lookup","Lookup","False","True","True","False","Custom Columns","","","AdditionalStreamSize",,""
"Style Library","b3a62449-860c-4f53-a854-1233f6bb6a89","StreamScenarioIds","_StreamScenarioIds","_StreamScenarioIds","Lookup","Lookup","Lookup","False","True","True","False","Custom Columns","","","StreamScenarioIds",,""
"Style Library","b3a62449-860c-4f53-a854-1233f6bb6a89","Media Generated Metadata","MediaGeneratedMetadata","MediaGeneratedMetadata","Multiple lines of text","Note","Note","False","True","True","False","Custom Columns","",,,,""
"Style Library","b3a62449-860c-4f53-a854-1233f6bb6a89","Media User Metadata","MediaUserMetadata","MediaUserMetadata","Multiple lines of text","Note","Note","False","True","True","False","Custom Columns","",,,,""
"Style Library","b3a62449-860c-4f53-a854-1233f6bb6a89","Archive Status","_FileArchiveStatus","_FileArchiveStatus","Lookup","Lookup","Lookup","False","True","True","False","Custom Columns","","","FileArchiveStatus",,""
"Style Library","b3a62449-860c-4f53-a854-1233f6bb6a89","Media file metadata","_ExtractedMetadata","_ExtractedMetadata","Lookup","Lookup","Lookup","False","True","True","False","Custom Columns","","","ExtractedMetadata",,""
"Style Library","b3a62449-860c-4f53-a854-1233f6bb6a89","Media file metadata","ExtractedMetadataComputed","ExtractedMetadataComputed","Computed","Computed","Computed","False","True","True","False","Custom Columns","",,,,""
"Style Library","b3a62449-860c-4f53-a854-1233f6bb6a89","Archive State Last Modified Time","_FileArchiveTimeLastModified","_FileArchiveTimeLastModified","Lookup","Lookup","Lookup","False","True","True","False","Custom Columns","","","FileArchiveTimeLastModified",,""
"Style Library","b3a62449-860c-4f53-a854-1233f6bb6a89","Main Link settings","MainLinkSettings","MainLinkSettings","Computed","Computed","Computed","False","True","True","False","Custom Columns","",,,,""
"Style Library","b3a62449-860c-4f53-a854-1233f6bb6a89","App Created By","AppAuthor","AppAuthor","Lookup","Lookup","Lookup","False","False","True","False","Custom Columns","","AppPrincipals","Title",,""
"Style Library","b3a62449-860c-4f53-a854-1233f6bb6a89","App Modified By","AppEditor","AppEditor","Lookup","Lookup","Lookup","False","False","True","False","Custom Columns","","AppPrincipals","Title",,""
"Style Library","b3a62449-860c-4f53-a854-1233f6bb6a89","Total Size","SMTotalSize","SMTotalSize","Lookup","Lookup","Lookup","False","True","True","False","Custom Columns","","","SMTotalSize",,""
"Style Library","b3a62449-860c-4f53-a854-1233f6bb6a89","Last Modified Date","SMLastModifiedDate","SMLastModifiedDate","Lookup","Lookup","Lookup","False","True","True","False","Custom Columns","","","SMLastModifiedDate",,""
"Style Library","b3a62449-860c-4f53-a854-1233f6bb6a89","Total File Stream Size","SMTotalFileStreamSize","SMTotalFileStreamSize","Lookup","Lookup","Lookup","False","True","True","False","Custom Columns","","","SMTotalFileStreamSize",,""
"Style Library","b3a62449-860c-4f53-a854-1233f6bb6a89","Total File Count","SMTotalFileCount","SMTotalFileCount","Lookup","Lookup","Lookup","False","True","True","False","Custom Columns","","","SMTotalFileCount",,""
"Style Library","b3a62449-860c-4f53-a854-1233f6bb6a89","Select","SelectTitle","SelectTitle","Computed","Computed","Computed","False","True","True","False","Custom Columns","",,,,""
"Style Library","b3a62449-860c-4f53-a854-1233f6bb6a89","Select","SelectFilename","SelectFilename","Computed","Computed","Computed","False","True","True","False","Custom Columns","",,,,""
"Style Library","b3a62449-860c-4f53-a854-1233f6bb6a89","Edit","Edit","Edit","Computed","Computed","Computed","False","False","True","False","Custom Columns","",,,,""
"Style Library","b3a62449-860c-4f53-a854-1233f6bb6a89","owshiddenversion","owshiddenversion","owshiddenversion","Integer","Integer","Integer","False","True","True","False","Custom Columns","",,,,""
"Style Library","b3a62449-860c-4f53-a854-1233f6bb6a89","UI Version","_UIVersion","_UIVersion","Integer","Integer","Integer","False","True","True","False","Custom Columns","",,,,""
"Style Library","b3a62449-860c-4f53-a854-1233f6bb6a89","Version","_UIVersionString","_UIVersionString","Single line of text","Text","Text","False","False","True","False","Custom Columns","",,,,""
"Style Library","b3a62449-860c-4f53-a854-1233f6bb6a89","Instance ID","InstanceID","InstanceID","Integer","Integer","Integer","False","True","True","False","Custom Columns","",,,,""
"Style Library","b3a62449-860c-4f53-a854-1233f6bb6a89","Order","Order","Order","Number","Number","Number","False","True","False","False","Custom Columns","",,,,""
"Style Library","b3a62449-860c-4f53-a854-1233f6bb6a89","GUID","GUID","GUID","Guid","Guid","Guid","False","True","True","False","Custom Columns","",,,,""
"Style Library","b3a62449-860c-4f53-a854-1233f6bb6a89","Workflow Version","WorkflowVersion","WorkflowVersion","Integer","Integer","Integer","False","True","True","False","Custom Columns","",,,,""
"Style Library","b3a62449-860c-4f53-a854-1233f6bb6a89","Workflow Instance ID","WorkflowInstanceID","WorkflowInstanceID","Guid","Guid","Guid","False","True","True","False","Custom Columns","",,,,""
"Style Library","b3a62449-860c-4f53-a854-1233f6bb6a89","Source Version (Converted Document)","ParentVersionString","ParentVersionString","Lookup","Lookup","Lookup","False","False","True","False","Custom Columns","","","ParentVersionString",,""
"Style Library","b3a62449-860c-4f53-a854-1233f6bb6a89","Source Name (Converted Document)","ParentLeafName","ParentLeafName","Lookup","Lookup","Lookup","False","False","True","False","Custom Columns","","","ParentLeafName",,""
"Style Library","b3a62449-860c-4f53-a854-1233f6bb6a89","Document Concurrency Number","DocConcurrencyNumber","DocConcurrencyNumber","Lookup","Lookup","Lookup","False","True","True","False","Custom Columns","","","DocConcurrencyNumber",,""
"Style Library","b3a62449-860c-4f53-a854-1233f6bb6a89","Document Stream Hash","StreamHash","StreamHash","Lookup","Lookup","Lookup","False","True","True","False","Custom Columns","","","StreamHash",,""
"Style Library","b3a62449-860c-4f53-a854-1233f6bb6a89","Compliance Asset Id","ComplianceAssetId","ComplianceAssetId","Single line of text","Text","Text","False","False","True","False","Custom Columns","",,,,""
"Style Library","b3a62449-860c-4f53-a854-1233f6bb6a89","Title","Title","Title","Single line of text","Text","Text","False","False","False","False","Custom Columns","",,,,""
"Style Library","b3a62449-860c-4f53-a854-1233f6bb6a89","Template Link","TemplateUrl","TemplateUrl","Single line of text","Text","Text","False","True","False","False","Custom Columns","",,,,""
"Style Library","b3a62449-860c-4f53-a854-1233f6bb6a89","HTML File Link","xd_ProgID","xd_ProgID","Single line of text","Text","Text","False","True","False","False","Custom Columns","",,,,""
"Style Library","b3a62449-860c-4f53-a854-1233f6bb6a89","Is Signed","xd_Signature","xd_Signature","Yes/No","Boolean","Boolean","False","True","True","False","_Hidden","",,,,""
"Style Library","b3a62449-860c-4f53-a854-1233f6bb6a89","Merge","Combine","Combine","Computed","Computed","Computed","False","True","True","False","Custom Columns","",,,,""
"Style Library","b3a62449-860c-4f53-a854-1233f6bb6a89","Relink","RepairDocument","RepairDocument","Computed","Computed","Computed","False","True","True","False","Custom Columns","",,,,""
"Style Library","b3a62449-860c-4f53-a854-1233f6bb6a89","Actions Disabled by Policy","PolicyDisabledUICapabilities","PolicyDisabledUICapabilities","Computed","Computed","Computed","False","True","True","False","Custom Columns","",,,,""
"Style Library","b3a62449-860c-4f53-a854-1233f6bb6a89","Effective Sensitivity","_EffectiveIpLabelDisplayName","_EffectiveIpLabelDisplayName","Computed","Computed","Computed","False","True","True","False","Custom Columns","",,,,""
"Style Library","b3a62449-860c-4f53-a854-1233f6bb6a89","Shortcut URL","_ShortcutUrl","_ShortcutUrl","Hyperlink or Picture","URL","URL","False","True","False","False","Custom Columns","",,,,""
"Style Library","b3a62449-860c-4f53-a854-1233f6bb6a89","Shortcut Site Id","_ShortcutSiteId","_ShortcutSiteId","Guid","Guid","Guid","False","True","False","False","Custom Columns","",,,,""
"Style Library","b3a62449-860c-4f53-a854-1233f6bb6a89","Shortcut Web Id","_ShortcutWebId","_ShortcutWebId","Guid","Guid","Guid","False","True","False","False","Custom Columns","",,,,""
"Style Library","b3a62449-860c-4f53-a854-1233f6bb6a89","Shortcut Unique Id","_ShortcutUniqueId","_ShortcutUniqueId","Guid","Guid","Guid","False","True","False","False","Custom Columns","",,,,""
"Style Library","b3a62449-860c-4f53-a854-1233f6bb6a89","Description","_ExtendedDescription","_ExtendedDescription","Multiple lines of text","Note","Note","False","False","False","False","Custom Columns","",,,,""
"Style Library","b3a62449-860c-4f53-a854-1233f6bb6a89","Trigger Flow Info","TriggerFlowInfo","TriggerFlowInfo","Single line of text","Text","Text","False","True","True","False","Custom Columns","",,,,""
"Style Library","b3a62449-860c-4f53-a854-1233f6bb6a89","Effective Sensitivity Label Id","_EffectiveIpLabelId","_EffectiveIpLabelId","Computed","Computed","Computed","False","True","True","False","Custom Columns","",,,,""
"Training Delivery","0317d7f9-054e-4df2-8063-c78936d3671f","Content Type ID","ContentTypeId","ContentTypeId","Content Type Id","ContentTypeId","ContentTypeId","False","True","True","False","Custom Columns","",,,,""
"Training Delivery","0317d7f9-054e-4df2-8063-c78936d3671f","Approver Comments","_ModerationComments","_ModerationComments","Multiple lines of text","Note","Note","False","True","True","False","Custom Columns","",,,,""
"Training Delivery","0317d7f9-054e-4df2-8063-c78936d3671f","Name","FileLeafRef","FileLeafRef","File","File","File","True","False","False","False","Custom Columns","",,,,""
"Training Delivery","0317d7f9-054e-4df2-8063-c78936d3671f","Document Modified By","Modified_x0020_By","Modified_x0020_By","Single line of text","Text","Text","False","True","True","False","Custom Columns","",,,,""
"Training Delivery","0317d7f9-054e-4df2-8063-c78936d3671f","Document Created By","Created_x0020_By","Created_x0020_By","Single line of text","Text","Text","False","True","True","False","Custom Columns","",,,,""
"Training Delivery","0317d7f9-054e-4df2-8063-c78936d3671f","File Type","File_x0020_Type","File_x0020_Type","Single line of text","Text","Text","False","True","True","False","Custom Columns","",,,,""
"Training Delivery","0317d7f9-054e-4df2-8063-c78936d3671f","HTML File Type","HTML_x0020_File_x0020_Type","HTML_x0020_File_x0020_Type","Single line of text","Text","Text","False","True","True","False","Custom Columns","",,,,""
"Training Delivery","0317d7f9-054e-4df2-8063-c78936d3671f","Source URL","_SourceUrl","_SourceUrl","Single line of text","Text","Text","False","True","False","False","Custom Columns","",,,,""
"Training Delivery","0317d7f9-054e-4df2-8063-c78936d3671f","Shared File Index","_SharedFileIndex","_SharedFileIndex","Single line of text","Text","Text","False","True","False","False","Custom Columns","",,,,""
"Training Delivery","0317d7f9-054e-4df2-8063-c78936d3671f","Color","_ColorHex","_ColorHex","Single line of text","Text","Text","False","True","True","False","Custom Columns","",,,,""
"Training Delivery","0317d7f9-054e-4df2-8063-c78936d3671f","Color Tag","_ColorTag","_ColorTag","Single line of text","Text","Text","False","False","True","False","Custom Columns","",,,,""
"Training Delivery","0317d7f9-054e-4df2-8063-c78936d3671f","Emoji","_Emoji","_Emoji","Single line of text","Text","Text","False","True","True","False","Custom Columns","",,,,""
"Training Delivery","0317d7f9-054e-4df2-8063-c78936d3671f","Media Generated Metadata","MediaGeneratedMetadata","MediaGeneratedMetadata","Multiple lines of text","Note","Note","False","True","True","False","Custom Columns","",,,,""
"Training Delivery","0317d7f9-054e-4df2-8063-c78936d3671f","Media User Metadata","MediaUserMetadata","MediaUserMetadata","Multiple lines of text","Note","Note","False","True","True","False","Custom Columns","",,,,""
"Training Delivery","0317d7f9-054e-4df2-8063-c78936d3671f","Media file metadata","ExtractedMetadataComputed","ExtractedMetadataComputed","Computed","Computed","Computed","False","True","True","False","Custom Columns","",,,,""
"Training Delivery","0317d7f9-054e-4df2-8063-c78936d3671f","Compliance Asset Id","ComplianceAssetId","ComplianceAssetId","Single line of text","Text","Text","False","False","True","False","Custom Columns","",,,,""
"Training Delivery","0317d7f9-054e-4df2-8063-c78936d3671f","Title","Title","Title","Single line of text","Text","Text","False","False","False","False","Custom Columns","",,,,""
"Training Delivery","0317d7f9-054e-4df2-8063-c78936d3671f","Template Link","TemplateUrl","TemplateUrl","Single line of text","Text","Text","False","True","False","False","Custom Columns","",,,,""
"Training Delivery","0317d7f9-054e-4df2-8063-c78936d3671f","HTML File Link","xd_ProgID","xd_ProgID","Single line of text","Text","Text","False","True","False","False","Custom Columns","",,,,""
"Training Delivery","0317d7f9-054e-4df2-8063-c78936d3671f","Is Signed","xd_Signature","xd_Signature","Yes/No","Boolean","Boolean","False","True","True","False","_Hidden","",,,,""
"Training Delivery","0317d7f9-054e-4df2-8063-c78936d3671f","Effective Sensitivity","_EffectiveIpLabelDisplayName","_EffectiveIpLabelDisplayName","Computed","Computed","Computed","False","True","True","False","Custom Columns","",,,,""
"Training Delivery","0317d7f9-054e-4df2-8063-c78936d3671f","Shortcut URL","_ShortcutUrl","_ShortcutUrl","Hyperlink or Picture","URL","URL","False","True","False","False","Custom Columns","",,,,""
"Training Delivery","0317d7f9-054e-4df2-8063-c78936d3671f","Shortcut Site Id","_ShortcutSiteId","_ShortcutSiteId","Guid","Guid","Guid","False","True","False","False","Custom Columns","",,,,""
"Training Delivery","0317d7f9-054e-4df2-8063-c78936d3671f","Shortcut Web Id","_ShortcutWebId","_ShortcutWebId","Guid","Guid","Guid","False","True","False","False","Custom Columns","",,,,""
"Training Delivery","0317d7f9-054e-4df2-8063-c78936d3671f","Shortcut Unique Id","_ShortcutUniqueId","_ShortcutUniqueId","Guid","Guid","Guid","False","True","False","False","Custom Columns","",,,,""
"Training Delivery","0317d7f9-054e-4df2-8063-c78936d3671f","Description","_ExtendedDescription","_ExtendedDescription","Multiple lines of text","Note","Note","False","False","False","False","Custom Columns","",,,,""
"Training Delivery","0317d7f9-054e-4df2-8063-c78936d3671f","Trigger Flow Info","TriggerFlowInfo","TriggerFlowInfo","Single line of text","Text","Text","False","True","True","False","Custom Columns","",,,,""
"Training Delivery","0317d7f9-054e-4df2-8063-c78936d3671f","Effective Sensitivity Label Id","_EffectiveIpLabelId","_EffectiveIpLabelId","Computed","Computed","Computed","False","True","True","False","Custom Columns","",,,,""
"Training Delivery","0317d7f9-054e-4df2-8063-c78936d3671f","Course Category","CourseCategory","CourseCategory","Choice","Choice","Choice","False","False","False","False","Custom Columns","EUSR | NPORS | Streetworks | NVQ | M4S | Offer | Other",,,,""
"Training Delivery","0317d7f9-054e-4df2-8063-c78936d3671f","Customer Visible","CustomerVisible","CustomerVisible","Yes/No","Boolean","Boolean","False","False","False","False","Custom Columns","",,,"1",""
"Training Delivery","0317d7f9-054e-4df2-8063-c78936d3671f","Short Description","ShortDescription","ShortDescription","Multiple lines of text","Note","Note","False","False","False","False","Custom Columns","",,,,""
"Training Delivery","0317d7f9-054e-4df2-8063-c78936d3671f","ID","ID","ID","Counter","Counter","Counter","False","False","True","False","Custom Columns","",,,,""
"Training Delivery","0317d7f9-054e-4df2-8063-c78936d3671f","Content Type","ContentType","ContentType","Computed","Computed","Computed","False","False","False","False","_Hidden","",,,,""
"Training Delivery","0317d7f9-054e-4df2-8063-c78936d3671f","Created","Created","Created","Date and Time","DateTime","DateTime","False","False","True","False","Custom Columns","",,,,""
"Training Delivery","0317d7f9-054e-4df2-8063-c78936d3671f","Created By","Author","Author","Person or Group","User","User","False","False","True","False","Custom Columns","","{05970f80-1382-466a-ab40-156b3e727c70}","",,""
"Training Delivery","0317d7f9-054e-4df2-8063-c78936d3671f","Modified","Modified","Modified","Date and Time","DateTime","DateTime","False","False","True","False","Custom Columns","",,,,""
"Training Delivery","0317d7f9-054e-4df2-8063-c78936d3671f","Modified By","Editor","Editor","Person or Group","User","User","False","False","True","False","Custom Columns","","{05970f80-1382-466a-ab40-156b3e727c70}","",,""
"Training Delivery","0317d7f9-054e-4df2-8063-c78936d3671f","Has Copy Destinations","_HasCopyDestinations","_HasCopyDestinations","Yes/No","Boolean","Boolean","False","True","True","False","Custom Columns","",,,,""
"Training Delivery","0317d7f9-054e-4df2-8063-c78936d3671f","Copy Source","_CopySource","_CopySource","Single line of text","Text","Text","False","False","True","False","Custom Columns","",,,,""
"Training Delivery","0317d7f9-054e-4df2-8063-c78936d3671f","Approval Status","_ModerationStatus","_ModerationStatus","Moderation Status","ModStat","ModStat","False","True","True","False","Custom Columns","0;#Approved | 1;#Rejected | 2;#Pending | 3;#Draft | 4;#Scheduled",,,"0",""
"Training Delivery","0317d7f9-054e-4df2-8063-c78936d3671f","URL Path","FileRef","FileRef","Lookup","Lookup","Lookup","False","True","True","False","Custom Columns","","","FullUrl",,""
"Training Delivery","0317d7f9-054e-4df2-8063-c78936d3671f","Path","FileDirRef","FileDirRef","Lookup","Lookup","Lookup","False","True","True","False","Custom Columns","","","DirName",,""
"Training Delivery","0317d7f9-054e-4df2-8063-c78936d3671f","Modified","Last_x0020_Modified","Last_x0020_Modified","Lookup","Lookup","Lookup","False","True","True","False","Custom Columns","","","TimeLastModified",,""
"Training Delivery","0317d7f9-054e-4df2-8063-c78936d3671f","Created","Created_x0020_Date","Created_x0020_Date","Lookup","Lookup","Lookup","False","True","True","False","Custom Columns","","","TimeCreated",,""
"Training Delivery","0317d7f9-054e-4df2-8063-c78936d3671f","File Size","File_x0020_Size","File_x0020_Size","Lookup","Lookup","Lookup","False","True","True","False","Custom Columns","","","SizeInKB",,""
"Training Delivery","0317d7f9-054e-4df2-8063-c78936d3671f","Item Type","FSObjType","FSObjType","Lookup","Lookup","Lookup","False","True","True","False","Custom Columns","","","FSType",,""
"Training Delivery","0317d7f9-054e-4df2-8063-c78936d3671f","Sort Type","SortBehavior","SortBehavior","Lookup","Lookup","Lookup","False","True","True","False","Custom Columns","","","SortBehavior",,""
"Training Delivery","0317d7f9-054e-4df2-8063-c78936d3671f","Effective Permissions Mask","PermMask","PermMask","Computed","Computed","Computed","False","True","True","False","Custom Columns","",,,,""
"Training Delivery","0317d7f9-054e-4df2-8063-c78936d3671f","Principal Count","PrincipalCount","PrincipalCount","Computed","Computed","Computed","False","True","True","False","Custom Columns","",,,,""
"Training Delivery","0317d7f9-054e-4df2-8063-c78936d3671f","ID of the User who has the item Checked Out","CheckedOutUserId","CheckedOutUserId","Lookup","Lookup","Lookup","False","True","True","False","Custom Columns","","","CheckoutUserId",,""
"Training Delivery","0317d7f9-054e-4df2-8063-c78936d3671f","Is Checked out to local","IsCheckedoutToLocal","IsCheckedoutToLocal","Lookup","Lookup","Lookup","False","True","True","False","Custom Columns","","","IsCheckoutToLocal",,""
"Training Delivery","0317d7f9-054e-4df2-8063-c78936d3671f","Checked Out To","CheckoutUser","CheckoutUser","Person or Group","User","User","False","False","True","False","Custom Columns","","{05970f80-1382-466a-ab40-156b3e727c70}","",,""
"Training Delivery","0317d7f9-054e-4df2-8063-c78936d3671f","Unique Id","UniqueId","UniqueId","Lookup","Lookup","Lookup","False","True","True","False","Custom Columns","","","UniqueId",,""
"Training Delivery","0317d7f9-054e-4df2-8063-c78936d3671f","Document Parent Identifier","ParentUniqueId","ParentUniqueId","Lookup","Lookup","Lookup","False","True","True","False","Custom Columns","","","ParentUniqueId",,""
"Training Delivery","0317d7f9-054e-4df2-8063-c78936d3671f","Client Id","SyncClientId","SyncClientId","Lookup","Lookup","Lookup","False","True","True","False","Custom Columns","","","SyncClientId",,""
"Training Delivery","0317d7f9-054e-4df2-8063-c78936d3671f","ProgId","ProgId","ProgId","Lookup","Lookup","Lookup","False","True","True","False","Custom Columns","","","ProgId",,""
"Training Delivery","0317d7f9-054e-4df2-8063-c78936d3671f","ScopeId","ScopeId","ScopeId","Lookup","Lookup","Lookup","False","True","True","False","Custom Columns","","","ScopeId",,""
"Training Delivery","0317d7f9-054e-4df2-8063-c78936d3671f","Virus Status","VirusStatus","VirusStatus","Lookup","Lookup","Lookup","False","True","True","False","Custom Columns","","","Size",,""
"Training Delivery","0317d7f9-054e-4df2-8063-c78936d3671f","Checked Out To","CheckedOutTitle","CheckedOutTitle","Lookup","Lookup","Lookup","False","True","True","False","Custom Columns","","","CheckedOutTitle",,""
"Training Delivery","0317d7f9-054e-4df2-8063-c78936d3671f","Check In Comment","_CheckinComment","_CheckinComment","Lookup","Lookup","Lookup","False","False","True","False","Custom Columns","","","CheckinComment",,""
"Training Delivery","0317d7f9-054e-4df2-8063-c78936d3671f","Checked Out To","LinkCheckedOutTitle","LinkCheckedOutTitle","Computed","Computed","Computed","False","True","True","False","Custom Columns","",,,,""
"Training Delivery","0317d7f9-054e-4df2-8063-c78936d3671f","Edit Menu Table Start","_EditMenuTableStart","_EditMenuTableStart","Computed","Computed","Computed","False","True","True","False","Custom Columns","",,,,""
"Training Delivery","0317d7f9-054e-4df2-8063-c78936d3671f","Edit Menu Table Start","_EditMenuTableStart2","_EditMenuTableStart2","Computed","Computed","Computed","False","True","True","False","Custom Columns","",,,,""
"Training Delivery","0317d7f9-054e-4df2-8063-c78936d3671f","Edit Menu Table End","_EditMenuTableEnd","_EditMenuTableEnd","Computed","Computed","Computed","False","True","True","False","Custom Columns","",,,,""
"Training Delivery","0317d7f9-054e-4df2-8063-c78936d3671f","Name","LinkFilenameNoMenu","LinkFilenameNoMenu","Computed","Computed","Computed","False","False","True","False","Custom Columns","",,,,""
"Training Delivery","0317d7f9-054e-4df2-8063-c78936d3671f","Name","LinkFilename","LinkFilename","Computed","Computed","Computed","False","False","True","False","Custom Columns","",,,,""
"Training Delivery","0317d7f9-054e-4df2-8063-c78936d3671f","Name","LinkFilename2","LinkFilename2","Computed","Computed","Computed","False","True","True","False","Custom Columns","",,,,""
"Training Delivery","0317d7f9-054e-4df2-8063-c78936d3671f","Type","DocIcon","DocIcon","Computed","Computed","Computed","False","False","True","False","Custom Columns","",,,,""
"Training Delivery","0317d7f9-054e-4df2-8063-c78936d3671f","Server Relative URL","ServerUrl","ServerUrl","Computed","Computed","Computed","False","True","True","False","Custom Columns","",,,,""
"Training Delivery","0317d7f9-054e-4df2-8063-c78936d3671f","Encoded Absolute URL","EncodedAbsUrl","EncodedAbsUrl","Computed","Computed","Computed","False","True","True","False","Custom Columns","",,,,""
"Training Delivery","0317d7f9-054e-4df2-8063-c78936d3671f","Name","BaseName","BaseName","Computed","Computed","Computed","False","True","True","False","Custom Columns","",,,,""
"Training Delivery","0317d7f9-054e-4df2-8063-c78936d3671f","File Size","FileSizeDisplay","FileSizeDisplay","Computed","Computed","Computed","False","False","True","False","Custom Columns","",,,,""
"Training Delivery","0317d7f9-054e-4df2-8063-c78936d3671f","Property Bag","MetaInfo","MetaInfo","Lookup","Lookup","Lookup","False","True","False","False","Custom Columns","","","MetaInfo",,""
"Training Delivery","0317d7f9-054e-4df2-8063-c78936d3671f","Level","_Level","_Level","Integer","Integer","Integer","False","True","True","False","Custom Columns","",,,,""
"Training Delivery","0317d7f9-054e-4df2-8063-c78936d3671f","Is Current Version","_IsCurrentVersion","_IsCurrentVersion","Yes/No","Boolean","Boolean","False","True","True","False","Custom Columns","",,,,""
"Training Delivery","0317d7f9-054e-4df2-8063-c78936d3671f","Item Child Count","ItemChildCount","ItemChildCount","Lookup","Lookup","Lookup","False","False","True","False","Custom Columns","","","ItemChildCount",,""
"Training Delivery","0317d7f9-054e-4df2-8063-c78936d3671f","Folder Child Count","FolderChildCount","FolderChildCount","Lookup","Lookup","Lookup","False","False","True","False","Custom Columns","","","FolderChildCount",,""
"Training Delivery","0317d7f9-054e-4df2-8063-c78936d3671f","Restricted","Restricted","Restricted","Lookup","Lookup","Lookup","False","True","True","False","Custom Columns","","","Restricted",,""
"Training Delivery","0317d7f9-054e-4df2-8063-c78936d3671f","Originator Id","OriginatorId","OriginatorId","Lookup","Lookup","Lookup","False","True","True","False","Custom Columns","","","OriginatorId",,""
"Training Delivery","0317d7f9-054e-4df2-8063-c78936d3671f","NoExecute","NoExecute","NoExecute","Lookup","Lookup","Lookup","False","True","True","False","Custom Columns","","","DocFlags",,""
"Training Delivery","0317d7f9-054e-4df2-8063-c78936d3671f","Content Version","ContentVersion","ContentVersion","Lookup","Lookup","Lookup","False","True","True","False","Custom Columns","","","ContentVersion",,""
"Training Delivery","0317d7f9-054e-4df2-8063-c78936d3671f","Label setting","_ComplianceFlags","_ComplianceFlags","Lookup","Lookup","Lookup","False","False","True","False","Custom Columns","","","ComplianceFlags",,""
"Training Delivery","0317d7f9-054e-4df2-8063-c78936d3671f","Retention label","_ComplianceTag","_ComplianceTag","Lookup","Lookup","Lookup","False","False","True","False","Custom Columns","","","ComplianceTag",,""
"Training Delivery","0317d7f9-054e-4df2-8063-c78936d3671f","Retention label Applied","_ComplianceTagWrittenTime","_ComplianceTagWrittenTime","Lookup","Lookup","Lookup","False","False","True","False","Custom Columns","","","ComplianceTagWrittenTime",,""
"Training Delivery","0317d7f9-054e-4df2-8063-c78936d3671f","Label applied by","_ComplianceTagUserId","_ComplianceTagUserId","Lookup","Lookup","Lookup","False","False","True","False","Custom Columns","","","ComplianceTagUserId",,""
"Training Delivery","0317d7f9-054e-4df2-8063-c78936d3671f","Item is a Record","_IsRecord","_IsRecord","Computed","Computed","Computed","False","False","True","False","Custom Columns","",,,,""
"Training Delivery","0317d7f9-054e-4df2-8063-c78936d3671f","BLOB Sequence Number","BSN","BSN","Lookup","Lookup","Lookup","False","True","True","False","Custom Columns","","","BSN",,""
"Training Delivery","0317d7f9-054e-4df2-8063-c78936d3671f","List Schema Version","_ListSchemaVersion","_ListSchemaVersion","Lookup","Lookup","Lookup","False","True","True","False","Custom Columns","","","ListSchemaVersion",,""
"Training Delivery","0317d7f9-054e-4df2-8063-c78936d3671f","Dirty","_Dirty","_Dirty","Lookup","Lookup","Lookup","False","True","True","False","Custom Columns","","","Dirty",,""
"Training Delivery","0317d7f9-054e-4df2-8063-c78936d3671f","Parsable","_Parsable","_Parsable","Lookup","Lookup","Lookup","False","True","True","False","Custom Columns","","","DocFlags",,""
"Training Delivery","0317d7f9-054e-4df2-8063-c78936d3671f","StubFile","_StubFile","_StubFile","Lookup","Lookup","Lookup","False","True","True","False","Custom Columns","","","DocFlags",,""
"Training Delivery","0317d7f9-054e-4df2-8063-c78936d3671f","HasEncryptedContent","_HasEncryptedContent","_HasEncryptedContent","Lookup","Lookup","Lookup","False","True","True","False","Custom Columns","","","DocFlags",,""
"Training Delivery","0317d7f9-054e-4df2-8063-c78936d3671f","HasUserDefinedProtection","_HasUserDefinedProtection","_HasUserDefinedProtection","Lookup","Lookup","Lookup","False","True","True","False","Custom Columns","","","DocFlags",,""
"Training Delivery","0317d7f9-054e-4df2-8063-c78936d3671f","Access Policy","AccessPolicy","AccessPolicy","Lookup","Lookup","Lookup","False","True","True","False","Custom Columns","","","AccessPolicy",,""
"Training Delivery","0317d7f9-054e-4df2-8063-c78936d3671f","VirusStatus","_VirusStatus","_VirusStatus","Lookup","Lookup","Lookup","False","True","True","False","Custom Columns","","","VirusStatus",,""
"Training Delivery","0317d7f9-054e-4df2-8063-c78936d3671f","VirusVendorID","_VirusVendorID","_VirusVendorID","Lookup","Lookup","Lookup","False","True","True","False","Custom Columns","","","VirusVendorID",,""
"Training Delivery","0317d7f9-054e-4df2-8063-c78936d3671f","VirusInfo","_VirusInfo","_VirusInfo","Lookup","Lookup","Lookup","False","True","True","False","Custom Columns","","","VirusInfo",,""
"Training Delivery","0317d7f9-054e-4df2-8063-c78936d3671f","RansomwareAnomalyMetaInfo","_RansomwareAnomalyMetaInfo","_RansomwareAnomalyMetaInfo","Lookup","Lookup","Lookup","False","True","True","False","Custom Columns","","","RansomwareAnomalyMetaInfo",,""
"Training Delivery","0317d7f9-054e-4df2-8063-c78936d3671f","Comment settings","_CommentFlags","_CommentFlags","Lookup","Lookup","Lookup","False","True","True","False","Custom Columns","","","CommentFlags",,""
"Training Delivery","0317d7f9-054e-4df2-8063-c78936d3671f","Comment count","_CommentCount","_CommentCount","Lookup","Lookup","Lookup","False","False","True","False","Custom Columns","","","CommentCount",,""
"Training Delivery","0317d7f9-054e-4df2-8063-c78936d3671f","Like count","_LikeCount","_LikeCount","Lookup","Lookup","Lookup","False","False","True","False","Custom Columns","","","LikeCount",,""
"Training Delivery","0317d7f9-054e-4df2-8063-c78936d3671f","Rights Management Template Id","_RmsTemplateId","_RmsTemplateId","Lookup","Lookup","Lookup","False","True","True","False","Custom Columns","","","RmsTemplateId",,""
"Training Delivery","0317d7f9-054e-4df2-8063-c78936d3671f","Sensitivity Label Id","_IpLabelId","_IpLabelId","Lookup","Lookup","Lookup","False","True","True","False","Custom Columns","","","IpLabelId",,""
"Training Delivery","0317d7f9-054e-4df2-8063-c78936d3671f","Sensitivity","_DisplayName","_DisplayName","Lookup","Lookup","Lookup","False","False","True","False","Custom Columns","","","DisplayName",,""
"Training Delivery","0317d7f9-054e-4df2-8063-c78936d3671f","Sensitivity Label Assignment Method","_IpLabelAssignmentMethod","_IpLabelAssignmentMethod","Lookup","Lookup","Lookup","False","True","True","False","Custom Columns","","","IpLabelAssignmentMethod",,""
"Training Delivery","0317d7f9-054e-4df2-8063-c78936d3671f","A2OD Mount Count","A2ODMountCount","A2ODMountCount","Lookup","Lookup","Lookup","False","True","True","False","Custom Columns","","","A2ODMountCount",,""
"Training Delivery","0317d7f9-054e-4df2-8063-c78936d3671f","Expiration Date","_ExpirationDate","_ExpirationDate","Lookup","Lookup","Lookup","False","True","True","False","Custom Columns","","","ExpirationDate",,""
"Training Delivery","0317d7f9-054e-4df2-8063-c78936d3671f","IpLabelHash","_IpLabelHash","_IpLabelHash","Lookup","Lookup","Lookup","False","True","True","False","Custom Columns","","","IpLabelHash",,""
"Training Delivery","0317d7f9-054e-4df2-8063-c78936d3671f","IpLabelPromotionCtagVersion","_IpLabelPromotionCtagVersion","_IpLabelPromotionCtagVersion","Lookup","Lookup","Lookup","False","True","True","False","Custom Columns","","","IpLabelPromotionCtagVersion",,""
"Training Delivery","0317d7f9-054e-4df2-8063-c78936d3671f","Draft Owner Id","_DraftOwnerId","_DraftOwnerId","Lookup","Lookup","Lookup","False","True","True","False","Custom Columns","","","DraftOwnerId",,""
"Training Delivery","0317d7f9-054e-4df2-8063-c78936d3671f","Sensitivity Label Metadata","_IpLabelMetaInfo","_IpLabelMetaInfo","Lookup","Lookup","Lookup","False","True","True","False","Custom Columns","","","IpLabelMetaInfo",,""
"Training Delivery","0317d7f9-054e-4df2-8063-c78936d3671f","AdditionalStreamSize","_AdditionalStreamSize","_AdditionalStreamSize","Lookup","Lookup","Lookup","False","True","True","False","Custom Columns","","","AdditionalStreamSize",,""
"Training Delivery","0317d7f9-054e-4df2-8063-c78936d3671f","StreamScenarioIds","_StreamScenarioIds","_StreamScenarioIds","Lookup","Lookup","Lookup","False","True","True","False","Custom Columns","","","StreamScenarioIds",,""
"Training Delivery","0317d7f9-054e-4df2-8063-c78936d3671f","Archive Status","_FileArchiveStatus","_FileArchiveStatus","Lookup","Lookup","Lookup","False","True","True","False","Custom Columns","","","FileArchiveStatus",,""
"Training Delivery","0317d7f9-054e-4df2-8063-c78936d3671f","Media file metadata","_ExtractedMetadata","_ExtractedMetadata","Lookup","Lookup","Lookup","False","True","True","False","Custom Columns","","","ExtractedMetadata",,""
"Training Delivery","0317d7f9-054e-4df2-8063-c78936d3671f","Archive State Last Modified Time","_FileArchiveTimeLastModified","_FileArchiveTimeLastModified","Lookup","Lookup","Lookup","False","True","True","False","Custom Columns","","","FileArchiveTimeLastModified",,""
"Training Delivery","0317d7f9-054e-4df2-8063-c78936d3671f","Main Link settings","MainLinkSettings","MainLinkSettings","Computed","Computed","Computed","False","True","True","False","Custom Columns","",,,,""
"Training Delivery","0317d7f9-054e-4df2-8063-c78936d3671f","App Created By","AppAuthor","AppAuthor","Lookup","Lookup","Lookup","False","False","True","False","Custom Columns","","AppPrincipals","Title",,""
"Training Delivery","0317d7f9-054e-4df2-8063-c78936d3671f","App Modified By","AppEditor","AppEditor","Lookup","Lookup","Lookup","False","False","True","False","Custom Columns","","AppPrincipals","Title",,""
"Training Delivery","0317d7f9-054e-4df2-8063-c78936d3671f","Total Size","SMTotalSize","SMTotalSize","Lookup","Lookup","Lookup","False","True","True","False","Custom Columns","","","SMTotalSize",,""
"Training Delivery","0317d7f9-054e-4df2-8063-c78936d3671f","Last Modified Date","SMLastModifiedDate","SMLastModifiedDate","Lookup","Lookup","Lookup","False","True","True","False","Custom Columns","","","SMLastModifiedDate",,""
"Training Delivery","0317d7f9-054e-4df2-8063-c78936d3671f","Total File Stream Size","SMTotalFileStreamSize","SMTotalFileStreamSize","Lookup","Lookup","Lookup","False","True","True","False","Custom Columns","","","SMTotalFileStreamSize",,""
"Training Delivery","0317d7f9-054e-4df2-8063-c78936d3671f","Total File Count","SMTotalFileCount","SMTotalFileCount","Lookup","Lookup","Lookup","False","True","True","False","Custom Columns","","","SMTotalFileCount",,""
"Training Delivery","0317d7f9-054e-4df2-8063-c78936d3671f","Select","SelectTitle","SelectTitle","Computed","Computed","Computed","False","True","True","False","Custom Columns","",,,,""
"Training Delivery","0317d7f9-054e-4df2-8063-c78936d3671f","Select","SelectFilename","SelectFilename","Computed","Computed","Computed","False","True","True","False","Custom Columns","",,,,""
"Training Delivery","0317d7f9-054e-4df2-8063-c78936d3671f","Edit","Edit","Edit","Computed","Computed","Computed","False","False","True","False","Custom Columns","",,,,""
"Training Delivery","0317d7f9-054e-4df2-8063-c78936d3671f","owshiddenversion","owshiddenversion","owshiddenversion","Integer","Integer","Integer","False","True","True","False","Custom Columns","",,,,""
"Training Delivery","0317d7f9-054e-4df2-8063-c78936d3671f","UI Version","_UIVersion","_UIVersion","Integer","Integer","Integer","False","True","True","False","Custom Columns","",,,,""
"Training Delivery","0317d7f9-054e-4df2-8063-c78936d3671f","Version","_UIVersionString","_UIVersionString","Single line of text","Text","Text","False","False","True","False","Custom Columns","",,,,""
"Training Delivery","0317d7f9-054e-4df2-8063-c78936d3671f","Instance ID","InstanceID","InstanceID","Integer","Integer","Integer","False","True","True","False","Custom Columns","",,,,""
"Training Delivery","0317d7f9-054e-4df2-8063-c78936d3671f","Order","Order","Order","Number","Number","Number","False","True","False","False","Custom Columns","",,,,""
"Training Delivery","0317d7f9-054e-4df2-8063-c78936d3671f","GUID","GUID","GUID","Guid","Guid","Guid","False","True","True","False","Custom Columns","",,,,""
"Training Delivery","0317d7f9-054e-4df2-8063-c78936d3671f","Workflow Version","WorkflowVersion","WorkflowVersion","Integer","Integer","Integer","False","True","True","False","Custom Columns","",,,,""
"Training Delivery","0317d7f9-054e-4df2-8063-c78936d3671f","Workflow Instance ID","WorkflowInstanceID","WorkflowInstanceID","Guid","Guid","Guid","False","True","True","False","Custom Columns","",,,,""
"Training Delivery","0317d7f9-054e-4df2-8063-c78936d3671f","Source Version (Converted Document)","ParentVersionString","ParentVersionString","Lookup","Lookup","Lookup","False","False","True","False","Custom Columns","","","ParentVersionString",,""
"Training Delivery","0317d7f9-054e-4df2-8063-c78936d3671f","Source Name (Converted Document)","ParentLeafName","ParentLeafName","Lookup","Lookup","Lookup","False","False","True","False","Custom Columns","","","ParentLeafName",,""
"Training Delivery","0317d7f9-054e-4df2-8063-c78936d3671f","Document Concurrency Number","DocConcurrencyNumber","DocConcurrencyNumber","Lookup","Lookup","Lookup","False","True","True","False","Custom Columns","","","DocConcurrencyNumber",,""
"Training Delivery","0317d7f9-054e-4df2-8063-c78936d3671f","Document Stream Hash","StreamHash","StreamHash","Lookup","Lookup","Lookup","False","True","True","False","Custom Columns","","","StreamHash",,""
"Training Delivery","0317d7f9-054e-4df2-8063-c78936d3671f","Merge","Combine","Combine","Computed","Computed","Computed","False","True","True","False","Custom Columns","",,,,""
"Training Delivery","0317d7f9-054e-4df2-8063-c78936d3671f","Relink","RepairDocument","RepairDocument","Computed","Computed","Computed","False","True","True","False","Custom Columns","",,,,""
"Training Delivery","0317d7f9-054e-4df2-8063-c78936d3671f","Actions Disabled by Policy","PolicyDisabledUICapabilities","PolicyDisabledUICapabilities","Computed","Computed","Computed","False","True","True","False","Custom Columns","",,,,""
"Training Manager Logs","fb63ea17-5d7e-4c0e-9715-f180d27b492b","Content Type ID","ContentTypeId","ContentTypeId","Content Type Id","ContentTypeId","ContentTypeId","False","True","True","False","Custom Columns","",,,,""
"Training Manager Logs","fb63ea17-5d7e-4c0e-9715-f180d27b492b","Title","Title","Title","Single line of text","Text","Text","False","False","False","False","Custom Columns","",,,,""
"Training Manager Logs","fb63ea17-5d7e-4c0e-9715-f180d27b492b","Approver Comments","_ModerationComments","_ModerationComments","Multiple lines of text","Note","Note","False","True","True","False","Custom Columns","",,,,""
"Training Manager Logs","fb63ea17-5d7e-4c0e-9715-f180d27b492b","File Type","File_x0020_Type","File_x0020_Type","Single line of text","Text","Text","False","True","True","False","Custom Columns","",,,,""
"Training Manager Logs","fb63ea17-5d7e-4c0e-9715-f180d27b492b","Color","_ColorHex","_ColorHex","Single line of text","Text","Text","False","True","True","False","Custom Columns","",,,,""
"Training Manager Logs","fb63ea17-5d7e-4c0e-9715-f180d27b492b","Color Tag","_ColorTag","_ColorTag","Single line of text","Text","Text","False","False","True","False","Custom Columns","",,,,""
"Training Manager Logs","fb63ea17-5d7e-4c0e-9715-f180d27b492b","Emoji","_Emoji","_Emoji","Single line of text","Text","Text","False","True","True","False","Custom Columns","",,,,""
"Training Manager Logs","fb63ea17-5d7e-4c0e-9715-f180d27b492b","Compliance Asset Id","ComplianceAssetId","ComplianceAssetId","Single line of text","Text","Text","False","False","True","False","Custom Columns","",,,,""
"Training Manager Logs","fb63ea17-5d7e-4c0e-9715-f180d27b492b","List Name","ListName","ListName","Single line of text","Text","Text","False","False","False","False","Custom Columns","",,,,""
"Training Manager Logs","fb63ea17-5d7e-4c0e-9715-f180d27b492b","Items Id","ItemsId","ItemsId","Single line of text","Text","Text","False","False","False","False","Custom Columns","",,,,""
"Training Manager Logs","fb63ea17-5d7e-4c0e-9715-f180d27b492b","Training Manager","TrainingManager","TrainingManager","Single line of text","Text","Text","False","False","False","False","Custom Columns","",,,,""
"Training Manager Logs","fb63ea17-5d7e-4c0e-9715-f180d27b492b","Supervisor","Supervisor","Supervisor","Single line of text","Text","Text","False","False","False","False","Custom Columns","",,,,""
"Training Manager Logs","fb63ea17-5d7e-4c0e-9715-f180d27b492b","User Name","User_x0020_Name","UserName","Single line of text","Text","Text","False","False","False","False","PAVE Schema","",,,,""
"Training Manager Logs","fb63ea17-5d7e-4c0e-9715-f180d27b492b","User Email","User_x0020_Email","UserEmail","Single line of text","Text","Text","False","False","False","False","PAVE Schema","",,,,""
"Training Manager Logs","fb63ea17-5d7e-4c0e-9715-f180d27b492b","Company","Company","Company","Single line of text","Text","Text","False","False","False","False","PAVE Schema","",,,,""
"Training Manager Logs","fb63ea17-5d7e-4c0e-9715-f180d27b492b","Role","Role","Role","Single line of text","Text","Text","False","False","False","False","PAVE Schema","",,,,""
"Training Manager Logs","fb63ea17-5d7e-4c0e-9715-f180d27b492b","Action Type","Action_x0020_Type","ActionType","Choice","Choice","Choice","False","False","False","False","PAVE Schema","Viewed Portal | Viewed Training Matrix | Opened Document | Viewed Candidate | Updated Matrix | Updated NVQ | Created Event | Updated Offer",,,,""
"Training Manager Logs","fb63ea17-5d7e-4c0e-9715-f180d27b492b","Area Viewed","Area_x0020_Viewed","AreaViewed","Single line of text","Text","Text","False","False","False","False","PAVE Schema","",,,,""
"Training Manager Logs","fb63ea17-5d7e-4c0e-9715-f180d27b492b","Related Candidate","Related_x0020_Candidate","RelatedCandidate","Single line of text","Text","Text","False","False","False","False","PAVE Schema","",,,,""
"Training Manager Logs","fb63ea17-5d7e-4c0e-9715-f180d27b492b","Timestamp","Timestamp","LogTimestamp","Date and Time","DateTime","DateTime","False","False","False","False","PAVE Schema","",,,,""
"Training Manager Logs","fb63ea17-5d7e-4c0e-9715-f180d27b492b","Notes","Notes","LogNotes","Multiple lines of text","Note","Note","False","False","False","False","PAVE Schema","",,,,""
"Training Manager Logs","fb63ea17-5d7e-4c0e-9715-f180d27b492b","ID","ID","ID","Counter","Counter","Counter","False","False","True","False","Custom Columns","",,,,""
"Training Manager Logs","fb63ea17-5d7e-4c0e-9715-f180d27b492b","Content Type","ContentType","ContentType","Computed","Computed","Computed","False","False","False","False","_Hidden","",,,,""
"Training Manager Logs","fb63ea17-5d7e-4c0e-9715-f180d27b492b","Modified","Modified","Modified","Date and Time","DateTime","DateTime","False","False","True","False","Custom Columns","",,,,""
"Training Manager Logs","fb63ea17-5d7e-4c0e-9715-f180d27b492b","Created","Created","Created","Date and Time","DateTime","DateTime","False","False","True","False","Custom Columns","",,,,""
"Training Manager Logs","fb63ea17-5d7e-4c0e-9715-f180d27b492b","Created By","Author","Author","Person or Group","User","User","False","False","True","False","Custom Columns","","{05970f80-1382-466a-ab40-156b3e727c70}","",,""
"Training Manager Logs","fb63ea17-5d7e-4c0e-9715-f180d27b492b","Modified By","Editor","Editor","Person or Group","User","User","False","False","True","False","Custom Columns","","{05970f80-1382-466a-ab40-156b3e727c70}","",,""
"Training Manager Logs","fb63ea17-5d7e-4c0e-9715-f180d27b492b","Has Copy Destinations","_HasCopyDestinations","_HasCopyDestinations","Yes/No","Boolean","Boolean","False","True","True","False","Custom Columns","",,,,""
"Training Manager Logs","fb63ea17-5d7e-4c0e-9715-f180d27b492b","Copy Source","_CopySource","_CopySource","Single line of text","Text","Text","False","True","True","False","Custom Columns","",,,,""
"Training Manager Logs","fb63ea17-5d7e-4c0e-9715-f180d27b492b","owshiddenversion","owshiddenversion","owshiddenversion","Integer","Integer","Integer","False","True","True","False","Custom Columns","",,,,""
"Training Manager Logs","fb63ea17-5d7e-4c0e-9715-f180d27b492b","Workflow Version","WorkflowVersion","WorkflowVersion","Integer","Integer","Integer","False","True","True","False","Custom Columns","",,,,""
"Training Manager Logs","fb63ea17-5d7e-4c0e-9715-f180d27b492b","UI Version","_UIVersion","_UIVersion","Integer","Integer","Integer","False","True","True","False","Custom Columns","",,,,""
"Training Manager Logs","fb63ea17-5d7e-4c0e-9715-f180d27b492b","Version","_UIVersionString","_UIVersionString","Single line of text","Text","Text","False","False","True","False","Custom Columns","",,,,""
"Training Manager Logs","fb63ea17-5d7e-4c0e-9715-f180d27b492b","Attachments","Attachments","Attachments","Attachments","Attachments","Attachments","False","False","False","False","Custom Columns","",,,,""
"Training Manager Logs","fb63ea17-5d7e-4c0e-9715-f180d27b492b","Approval Status","_ModerationStatus","_ModerationStatus","Moderation Status","ModStat","ModStat","False","True","True","False","Custom Columns","0;#Approved | 1;#Rejected | 2;#Pending | 3;#Draft | 4;#Scheduled",,,"0",""
"Training Manager Logs","fb63ea17-5d7e-4c0e-9715-f180d27b492b","Edit","Edit","Edit","Computed","Computed","Computed","False","False","True","False","Custom Columns","",,,,""
"Training Manager Logs","fb63ea17-5d7e-4c0e-9715-f180d27b492b","Title","LinkTitleNoMenu","LinkTitleNoMenu","Computed","Computed","Computed","False","False","True","False","Custom Columns","",,,,""
"Training Manager Logs","fb63ea17-5d7e-4c0e-9715-f180d27b492b","Title","LinkTitle","LinkTitle","Computed","Computed","Computed","False","False","True","False","Custom Columns","",,,,""
"Training Manager Logs","fb63ea17-5d7e-4c0e-9715-f180d27b492b","Title","LinkTitle2","LinkTitle2","Computed","Computed","Computed","False","True","True","False","Custom Columns","",,,,""
"Training Manager Logs","fb63ea17-5d7e-4c0e-9715-f180d27b492b","Select","SelectTitle","SelectTitle","Computed","Computed","Computed","False","True","True","False","Custom Columns","",,,,""
"Training Manager Logs","fb63ea17-5d7e-4c0e-9715-f180d27b492b","Instance ID","InstanceID","InstanceID","Integer","Integer","Integer","False","True","True","False","Custom Columns","",,,,""
"Training Manager Logs","fb63ea17-5d7e-4c0e-9715-f180d27b492b","Order","Order","Order","Number","Number","Number","False","True","False","False","Custom Columns","",,,,""
"Training Manager Logs","fb63ea17-5d7e-4c0e-9715-f180d27b492b","GUID","GUID","GUID","Guid","Guid","Guid","False","True","True","False","Custom Columns","",,,,""
"Training Manager Logs","fb63ea17-5d7e-4c0e-9715-f180d27b492b","Workflow Instance ID","WorkflowInstanceID","WorkflowInstanceID","Guid","Guid","Guid","False","True","True","False","Custom Columns","",,,,""
"Training Manager Logs","fb63ea17-5d7e-4c0e-9715-f180d27b492b","URL Path","FileRef","FileRef","Lookup","Lookup","Lookup","False","True","True","False","Custom Columns","","","FullUrl",,""
"Training Manager Logs","fb63ea17-5d7e-4c0e-9715-f180d27b492b","Path","FileDirRef","FileDirRef","Lookup","Lookup","Lookup","False","True","True","False","Custom Columns","","","DirName",,""
"Training Manager Logs","fb63ea17-5d7e-4c0e-9715-f180d27b492b","Modified","Last_x0020_Modified","Last_x0020_Modified","Lookup","Lookup","Lookup","False","True","True","False","Custom Columns","","","TimeLastModified",,""
"Training Manager Logs","fb63ea17-5d7e-4c0e-9715-f180d27b492b","Created","Created_x0020_Date","Created_x0020_Date","Lookup","Lookup","Lookup","False","True","True","False","Custom Columns","","","TimeCreated",,""
"Training Manager Logs","fb63ea17-5d7e-4c0e-9715-f180d27b492b","Item Type","FSObjType","FSObjType","Lookup","Lookup","Lookup","False","True","True","False","Custom Columns","","","FSType",,""
"Training Manager Logs","fb63ea17-5d7e-4c0e-9715-f180d27b492b","Sort Type","SortBehavior","SortBehavior","Lookup","Lookup","Lookup","False","True","True","False","Custom Columns","","","SortBehavior",,""
"Training Manager Logs","fb63ea17-5d7e-4c0e-9715-f180d27b492b","Effective Permissions Mask","PermMask","PermMask","Computed","Computed","Computed","False","True","True","False","Custom Columns","",,,,""
"Training Manager Logs","fb63ea17-5d7e-4c0e-9715-f180d27b492b","Principal Count","PrincipalCount","PrincipalCount","Computed","Computed","Computed","False","True","True","False","Custom Columns","",,,,""
"Training Manager Logs","fb63ea17-5d7e-4c0e-9715-f180d27b492b","Name","FileLeafRef","FileLeafRef","File","File","File","False","True","False","False","Custom Columns","",,,,""
"Training Manager Logs","fb63ea17-5d7e-4c0e-9715-f180d27b492b","Unique Id","UniqueId","UniqueId","Lookup","Lookup","Lookup","False","True","True","False","Custom Columns","","","UniqueId",,""
"Training Manager Logs","fb63ea17-5d7e-4c0e-9715-f180d27b492b","Document Parent Identifier","ParentUniqueId","ParentUniqueId","Lookup","Lookup","Lookup","False","True","True","False","Custom Columns","","","ParentUniqueId",,""
"Training Manager Logs","fb63ea17-5d7e-4c0e-9715-f180d27b492b","Client Id","SyncClientId","SyncClientId","Lookup","Lookup","Lookup","False","True","True","False","Custom Columns","","","SyncClientId",,""
"Training Manager Logs","fb63ea17-5d7e-4c0e-9715-f180d27b492b","ProgId","ProgId","ProgId","Lookup","Lookup","Lookup","False","True","True","False","Custom Columns","","","ProgId",,""
"Training Manager Logs","fb63ea17-5d7e-4c0e-9715-f180d27b492b","ScopeId","ScopeId","ScopeId","Lookup","Lookup","Lookup","False","True","True","False","Custom Columns","","","ScopeId",,""
"Training Manager Logs","fb63ea17-5d7e-4c0e-9715-f180d27b492b","HTML File Type","HTML_x0020_File_x0020_Type","HTML_x0020_File_x0020_Type","Computed","Computed","Computed","False","True","True","False","Custom Columns","",,,,""
"Training Manager Logs","fb63ea17-5d7e-4c0e-9715-f180d27b492b","Edit Menu Table Start","_EditMenuTableStart","_EditMenuTableStart","Computed","Computed","Computed","False","True","True","False","Custom Columns","",,,,""
"Training Manager Logs","fb63ea17-5d7e-4c0e-9715-f180d27b492b","Edit Menu Table Start","_EditMenuTableStart2","_EditMenuTableStart2","Computed","Computed","Computed","False","True","True","False","Custom Columns","",,,,""
"Training Manager Logs","fb63ea17-5d7e-4c0e-9715-f180d27b492b","Edit Menu Table End","_EditMenuTableEnd","_EditMenuTableEnd","Computed","Computed","Computed","False","True","True","False","Custom Columns","",,,,""
"Training Manager Logs","fb63ea17-5d7e-4c0e-9715-f180d27b492b","Name","LinkFilenameNoMenu","LinkFilenameNoMenu","Computed","Computed","Computed","False","True","True","False","Custom Columns","",,,,""
"Training Manager Logs","fb63ea17-5d7e-4c0e-9715-f180d27b492b","Name","LinkFilename","LinkFilename","Computed","Computed","Computed","False","True","True","False","Custom Columns","",,,,""
"Training Manager Logs","fb63ea17-5d7e-4c0e-9715-f180d27b492b","Name","LinkFilename2","LinkFilename2","Computed","Computed","Computed","False","True","True","False","Custom Columns","",,,,""
"Training Manager Logs","fb63ea17-5d7e-4c0e-9715-f180d27b492b","Type","DocIcon","DocIcon","Computed","Computed","Computed","False","False","True","False","Custom Columns","",,,,""
"Training Manager Logs","fb63ea17-5d7e-4c0e-9715-f180d27b492b","Server Relative URL","ServerUrl","ServerUrl","Computed","Computed","Computed","False","True","True","False","Custom Columns","",,,,""
"Training Manager Logs","fb63ea17-5d7e-4c0e-9715-f180d27b492b","Encoded Absolute URL","EncodedAbsUrl","EncodedAbsUrl","Computed","Computed","Computed","False","True","True","False","Custom Columns","",,,,""
"Training Manager Logs","fb63ea17-5d7e-4c0e-9715-f180d27b492b","File Name","BaseName","BaseName","Computed","Computed","Computed","False","True","True","False","Custom Columns","",,,,""
"Training Manager Logs","fb63ea17-5d7e-4c0e-9715-f180d27b492b","Property Bag","MetaInfo","MetaInfo","Lookup","Lookup","Lookup","False","True","False","False","Custom Columns","","","MetaInfo",,""
"Training Manager Logs","fb63ea17-5d7e-4c0e-9715-f180d27b492b","Level","_Level","_Level","Integer","Integer","Integer","False","True","True","False","Custom Columns","",,,,""
"Training Manager Logs","fb63ea17-5d7e-4c0e-9715-f180d27b492b","Is Current Version","_IsCurrentVersion","_IsCurrentVersion","Yes/No","Boolean","Boolean","False","True","True","False","Custom Columns","",,,,""
"Training Manager Logs","fb63ea17-5d7e-4c0e-9715-f180d27b492b","Item Child Count","ItemChildCount","ItemChildCount","Lookup","Lookup","Lookup","False","False","True","False","Custom Columns","","","ItemChildCount",,""
"Training Manager Logs","fb63ea17-5d7e-4c0e-9715-f180d27b492b","Folder Child Count","FolderChildCount","FolderChildCount","Lookup","Lookup","Lookup","False","False","True","False","Custom Columns","","","FolderChildCount",,""
"Training Manager Logs","fb63ea17-5d7e-4c0e-9715-f180d27b492b","Restricted","Restricted","Restricted","Lookup","Lookup","Lookup","False","True","True","False","Custom Columns","","","Restricted",,""
"Training Manager Logs","fb63ea17-5d7e-4c0e-9715-f180d27b492b","Originator Id","OriginatorId","OriginatorId","Lookup","Lookup","Lookup","False","True","True","False","Custom Columns","","","OriginatorId",,""
"Training Manager Logs","fb63ea17-5d7e-4c0e-9715-f180d27b492b","NoExecute","NoExecute","NoExecute","Lookup","Lookup","Lookup","False","True","True","False","Custom Columns","","","DocFlags",,""
"Training Manager Logs","fb63ea17-5d7e-4c0e-9715-f180d27b492b","Content Version","ContentVersion","ContentVersion","Lookup","Lookup","Lookup","False","True","True","False","Custom Columns","","","ContentVersion",,""
"Training Manager Logs","fb63ea17-5d7e-4c0e-9715-f180d27b492b","Label setting","_ComplianceFlags","_ComplianceFlags","Lookup","Lookup","Lookup","False","False","True","False","Custom Columns","","","ComplianceFlags",,""
"Training Manager Logs","fb63ea17-5d7e-4c0e-9715-f180d27b492b","Retention label","_ComplianceTag","_ComplianceTag","Lookup","Lookup","Lookup","False","False","True","False","Custom Columns","","","ComplianceTag",,""
"Training Manager Logs","fb63ea17-5d7e-4c0e-9715-f180d27b492b","Retention label Applied","_ComplianceTagWrittenTime","_ComplianceTagWrittenTime","Lookup","Lookup","Lookup","False","False","True","False","Custom Columns","","","ComplianceTagWrittenTime",,""
"Training Manager Logs","fb63ea17-5d7e-4c0e-9715-f180d27b492b","Label applied by","_ComplianceTagUserId","_ComplianceTagUserId","Lookup","Lookup","Lookup","False","False","True","False","Custom Columns","","","ComplianceTagUserId",,""
"Training Manager Logs","fb63ea17-5d7e-4c0e-9715-f180d27b492b","Item is a Record","_IsRecord","_IsRecord","Computed","Computed","Computed","False","False","True","False","Custom Columns","",,,,""
"Training Manager Logs","fb63ea17-5d7e-4c0e-9715-f180d27b492b","Access Policy","AccessPolicy","AccessPolicy","Lookup","Lookup","Lookup","False","True","True","False","Custom Columns","","","AccessPolicy",,""
"Training Manager Logs","fb63ea17-5d7e-4c0e-9715-f180d27b492b","VirusStatus","_VirusStatus","_VirusStatus","Lookup","Lookup","Lookup","False","True","True","False","Custom Columns","","","VirusStatus",,""
"Training Manager Logs","fb63ea17-5d7e-4c0e-9715-f180d27b492b","VirusVendorID","_VirusVendorID","_VirusVendorID","Lookup","Lookup","Lookup","False","True","True","False","Custom Columns","","","VirusVendorID",,""
"Training Manager Logs","fb63ea17-5d7e-4c0e-9715-f180d27b492b","VirusInfo","_VirusInfo","_VirusInfo","Lookup","Lookup","Lookup","False","True","True","False","Custom Columns","","","VirusInfo",,""
"Training Manager Logs","fb63ea17-5d7e-4c0e-9715-f180d27b492b","RansomwareAnomalyMetaInfo","_RansomwareAnomalyMetaInfo","_RansomwareAnomalyMetaInfo","Lookup","Lookup","Lookup","False","True","True","False","Custom Columns","","","RansomwareAnomalyMetaInfo",,""
"Training Manager Logs","fb63ea17-5d7e-4c0e-9715-f180d27b492b","Draft Owner Id","_DraftOwnerId","_DraftOwnerId","Lookup","Lookup","Lookup","False","True","True","False","Custom Columns","","","DraftOwnerId",,""
"Training Manager Logs","fb63ea17-5d7e-4c0e-9715-f180d27b492b","Main Link settings","MainLinkSettings","MainLinkSettings","Computed","Computed","Computed","False","True","True","False","Custom Columns","",,,,""
"Training Manager Logs","fb63ea17-5d7e-4c0e-9715-f180d27b492b","App Created By","AppAuthor","AppAuthor","Lookup","Lookup","Lookup","False","False","True","False","Custom Columns","","AppPrincipals","Title",,""
"Training Manager Logs","fb63ea17-5d7e-4c0e-9715-f180d27b492b","App Modified By","AppEditor","AppEditor","Lookup","Lookup","Lookup","False","False","True","False","Custom Columns","","AppPrincipals","Title",,""
"Training Manager Logs","fb63ea17-5d7e-4c0e-9715-f180d27b492b","Total Size","SMTotalSize","SMTotalSize","Lookup","Lookup","Lookup","False","True","True","False","Custom Columns","","","SMTotalSize",,""
"Training Manager Logs","fb63ea17-5d7e-4c0e-9715-f180d27b492b","Last Modified Date","SMLastModifiedDate","SMLastModifiedDate","Lookup","Lookup","Lookup","False","True","True","False","Custom Columns","","","SMLastModifiedDate",,""
"Training Manager Logs","fb63ea17-5d7e-4c0e-9715-f180d27b492b","Total File Stream Size","SMTotalFileStreamSize","SMTotalFileStreamSize","Lookup","Lookup","Lookup","False","True","True","False","Custom Columns","","","SMTotalFileStreamSize",,""
"Training Manager Logs","fb63ea17-5d7e-4c0e-9715-f180d27b492b","Total File Count","SMTotalFileCount","SMTotalFileCount","Lookup","Lookup","Lookup","False","True","True","False","Custom Columns","","","SMTotalFileCount",,""
"Training Manager Logs","fb63ea17-5d7e-4c0e-9715-f180d27b492b","Comment settings","_CommentFlags","_CommentFlags","Lookup","Lookup","Lookup","False","True","True","False","Custom Columns","","","CommentFlags",,""
"Training Manager Logs","fb63ea17-5d7e-4c0e-9715-f180d27b492b","Comment count","_CommentCount","_CommentCount","Lookup","Lookup","Lookup","False","True","True","False","Custom Columns","","","CommentCount",,""
"Training Matrix","4d565241-0574-4d0d-90e6-51a637fcf7cb","Content Type ID","ContentTypeId","ContentTypeId","Content Type Id","ContentTypeId","ContentTypeId","False","True","True","False","Custom Columns","",,,,""
"Training Matrix","4d565241-0574-4d0d-90e6-51a637fcf7cb","Title","Title","Title","Single line of text","Text","Text","False","False","False","False","Custom Columns","",,,,""
"Training Matrix","4d565241-0574-4d0d-90e6-51a637fcf7cb","Approver Comments","_ModerationComments","_ModerationComments","Multiple lines of text","Note","Note","False","True","True","False","Custom Columns","",,,,""
"Training Matrix","4d565241-0574-4d0d-90e6-51a637fcf7cb","File Type","File_x0020_Type","File_x0020_Type","Single line of text","Text","Text","False","True","True","False","Custom Columns","",,,,""
"Training Matrix","4d565241-0574-4d0d-90e6-51a637fcf7cb","Color","_ColorHex","_ColorHex","Single line of text","Text","Text","False","True","True","False","Custom Columns","",,,,""
"Training Matrix","4d565241-0574-4d0d-90e6-51a637fcf7cb","Color Tag","_ColorTag","_ColorTag","Single line of text","Text","Text","False","False","True","False","Custom Columns","",,,,""
"Training Matrix","4d565241-0574-4d0d-90e6-51a637fcf7cb","Emoji","_Emoji","_Emoji","Single line of text","Text","Text","False","True","True","False","Custom Columns","",,,,""
"Training Matrix","4d565241-0574-4d0d-90e6-51a637fcf7cb","Compliance Asset Id","ComplianceAssetId","ComplianceAssetId","Single line of text","Text","Text","False","False","True","False","Custom Columns","",,,,""
"Training Matrix","4d565241-0574-4d0d-90e6-51a637fcf7cb","Candidate Name","CandidateName","CandidateName","Lookup","Lookup","Lookup","True","False","False","False","Custom Columns","","dd110a2d-a447-4b0e-aec7-c3ff9980bfc9","CandidateName",,""
"Training Matrix","4d565241-0574-4d0d-90e6-51a637fcf7cb","Workforce Number","Candidate_x0020_Name_x003a__x002","Candidate_x0020_Name_x003a__x002","Lookup","Lookup","Lookup","True","False","True","False","Custom Columns","","dd110a2d-a447-4b0e-aec7-c3ff9980bfc9","WorkforceNumber",,""
"Training Matrix","4d565241-0574-4d0d-90e6-51a637fcf7cb","Date of birth","Candidate_x0020_Name_x003a__x0020","Candidate_x0020_Name_x003a__x0020","Lookup","Lookup","Lookup","True","False","True","False","Custom Columns","","dd110a2d-a447-4b0e-aec7-c3ff9980bfc9","Dateofbirth",,""
"Training Matrix","4d565241-0574-4d0d-90e6-51a637fcf7cb","Cscs Expiry","Candidate_x0020_Name_x003a__x0021","Candidate_x0020_Name_x003a__x0021","Lookup","Lookup","Lookup","True","False","True","False","Custom Columns","","dd110a2d-a447-4b0e-aec7-c3ff9980bfc9","CscsExpiry",,""
"Training Matrix","4d565241-0574-4d0d-90e6-51a637fcf7cb","Swqr Expiry","Candidate_x0020_Name_x003a__x0022","Candidate_x0020_Name_x003a__x0022","Lookup","Lookup","Lookup","True","False","True","False","Custom Columns","","dd110a2d-a447-4b0e-aec7-c3ff9980bfc9","SwqrExpiry",,""
"Training Matrix","4d565241-0574-4d0d-90e6-51a637fcf7cb","Eusr Expiry","Candidate_x0020_Name_x003a__x0023","Candidate_x0020_Name_x003a__x0023","Lookup","Lookup","Lookup","True","False","True","False","Custom Columns","","dd110a2d-a447-4b0e-aec7-c3ff9980bfc9","EusrExpiry",,""
"Training Matrix","4d565241-0574-4d0d-90e6-51a637fcf7cb","CSCS Number","Candidate_x0020_Name_x003a__x0024","Candidate_x0020_Name_x003a__x0024","Lookup","Lookup","Lookup","True","False","True","False","Custom Columns","","dd110a2d-a447-4b0e-aec7-c3ff9980bfc9","CSCSNumber",,""
"Training Matrix","4d565241-0574-4d0d-90e6-51a637fcf7cb","SWQR Number","Candidate_x0020_Name_x003a__x0025","Candidate_x0020_Name_x003a__x0025","Lookup","Lookup","Lookup","True","False","True","False","Custom Columns","","dd110a2d-a447-4b0e-aec7-c3ff9980bfc9","SWQRNumber",,""
"Training Matrix","4d565241-0574-4d0d-90e6-51a637fcf7cb","EUSR Number","Candidate_x0020_Name_x003a__x0026","Candidate_x0020_Name_x003a__x0026","Lookup","Lookup","Lookup","True","False","True","False","Custom Columns","","dd110a2d-a447-4b0e-aec7-c3ff9980bfc9","EUSRNumber",,""
"Training Matrix","4d565241-0574-4d0d-90e6-51a637fcf7cb","NPORS Number","Candidate_x0020_Name_x003a__x0027","Candidate_x0020_Name_x003a__x0027","Lookup","Lookup","Lookup","True","False","True","False","Custom Columns","","dd110a2d-a447-4b0e-aec7-c3ff9980bfc9","NPORSNumbers",,""
"Training Matrix","4d565241-0574-4d0d-90e6-51a637fcf7cb","In House Certification Number","Candidate_x0020_Name_x003a__x0028","Candidate_x0020_Name_x003a__x0028","Lookup","Lookup","Lookup","True","False","True","False","Custom Columns","","dd110a2d-a447-4b0e-aec7-c3ff9980bfc9","InHouseCertificationNumber",,""
"Training Matrix","4d565241-0574-4d0d-90e6-51a637fcf7cb","N001 Expiry","N001Expiry","N001Expiry","Date and Time","DateTime","DateTime","False","False","False","False","Custom Columns","",,,,""
"Training Matrix","4d565241-0574-4d0d-90e6-51a637fcf7cb","N003 Expiry","N003Expiry","N003Expiry","Date and Time","DateTime","DateTime","False","False","False","False","Custom Columns","",,,,""
"Training Matrix","4d565241-0574-4d0d-90e6-51a637fcf7cb","N004 Expiry","N004Expiry","N004Expiry","Date and Time","DateTime","DateTime","False","False","False","False","Custom Columns","",,,,""
"Training Matrix","4d565241-0574-4d0d-90e6-51a637fcf7cb","N010 Expiry","N010Expiry","N010Expiry","Date and Time","DateTime","DateTime","False","False","False","False","Custom Columns","",,,,""
"Training Matrix","4d565241-0574-4d0d-90e6-51a637fcf7cb","N020 Expiry","N020Expiry","N020Expiry","Date and Time","DateTime","DateTime","False","False","False","False","Custom Columns","",,,,""
"Training Matrix","4d565241-0574-4d0d-90e6-51a637fcf7cb","N021 Expiry","N021Expiry","N021Expiry","Date and Time","DateTime","DateTime","False","False","False","False","Custom Columns","",,,,""
"Training Matrix","4d565241-0574-4d0d-90e6-51a637fcf7cb","N027 Expiry","N027Expiry","N027Expiry","Date and Time","DateTime","DateTime","False","False","False","False","Custom Columns","",,,,""
"Training Matrix","4d565241-0574-4d0d-90e6-51a637fcf7cb","N100 Expiry","N100Expiry","N100Expiry","Date and Time","DateTime","DateTime","False","False","False","False","Custom Columns","",,,,""
"Training Matrix","4d565241-0574-4d0d-90e6-51a637fcf7cb","Overall Status","OverallStatus","OverallStatus","Choice","Choice","Choice","False","False","False","False","Custom Columns","Valid | Expiring Soon | Expired | Missing Data",,,,""
"Training Matrix","4d565241-0574-4d0d-90e6-51a637fcf7cb","Needs Review","NeedsReview","NeedsReview","Yes/No","Boolean","Boolean","False","False","False","False","Custom Columns","",,,"1",""
"Training Matrix","4d565241-0574-4d0d-90e6-51a637fcf7cb","Matrix Notes","MatrixNotes","MatrixNotes","Multiple lines of text","Note","Note","False","False","False","False","Custom Columns","",,,,""
"Training Matrix","4d565241-0574-4d0d-90e6-51a637fcf7cb","Next Expiry Date","NextExpiryDate","NextExpiryDate","Date and Time","DateTime","DateTime","False","False","False","False","Custom Columns","",,,,""
"Training Matrix","4d565241-0574-4d0d-90e6-51a637fcf7cb","Matrix Company","MatrixCompany","MatrixCompany","Lookup","Lookup","Lookup","False","False","False","False","Custom Columns","","6079c6aa-d657-42a8-9a7b-9c8e074386b4","CompanyName",,""
"Training Matrix","4d565241-0574-4d0d-90e6-51a637fcf7cb","Company Name","Company_x0020_Name","CompanyNameLookup","Lookup","Lookup","Lookup","False","False","False","False","PAVE Schema","","{6079c6aa-d657-42a8-9a7b-9c8e074386b4}","Title",,""
"Training Matrix","4d565241-0574-4d0d-90e6-51a637fcf7cb","Department","Department","Department","Single line of text","Text","Text","False","False","False","False","PAVE Schema","",,,,""
"Training Matrix","4d565241-0574-4d0d-90e6-51a637fcf7cb","ID","ID","ID","Counter","Counter","Counter","False","False","True","False","Custom Columns","",,,,""
"Training Matrix","4d565241-0574-4d0d-90e6-51a637fcf7cb","Content Type","ContentType","ContentType","Computed","Computed","Computed","False","False","False","False","_Hidden","",,,,""
"Training Matrix","4d565241-0574-4d0d-90e6-51a637fcf7cb","Modified","Modified","Modified","Date and Time","DateTime","DateTime","False","False","True","False","Custom Columns","",,,,""
"Training Matrix","4d565241-0574-4d0d-90e6-51a637fcf7cb","Created","Created","Created","Date and Time","DateTime","DateTime","False","False","True","False","Custom Columns","",,,,""
"Training Matrix","4d565241-0574-4d0d-90e6-51a637fcf7cb","Created By","Author","Author","Person or Group","User","User","False","False","True","False","Custom Columns","","{05970f80-1382-466a-ab40-156b3e727c70}","",,""
"Training Matrix","4d565241-0574-4d0d-90e6-51a637fcf7cb","Modified By","Editor","Editor","Person or Group","User","User","False","False","True","False","Custom Columns","","{05970f80-1382-466a-ab40-156b3e727c70}","",,""
"Training Matrix","4d565241-0574-4d0d-90e6-51a637fcf7cb","Has Copy Destinations","_HasCopyDestinations","_HasCopyDestinations","Yes/No","Boolean","Boolean","False","True","True","False","Custom Columns","",,,,""
"Training Matrix","4d565241-0574-4d0d-90e6-51a637fcf7cb","Copy Source","_CopySource","_CopySource","Single line of text","Text","Text","False","True","True","False","Custom Columns","",,,,""
"Training Matrix","4d565241-0574-4d0d-90e6-51a637fcf7cb","owshiddenversion","owshiddenversion","owshiddenversion","Integer","Integer","Integer","False","True","True","False","Custom Columns","",,,,""
"Training Matrix","4d565241-0574-4d0d-90e6-51a637fcf7cb","Workflow Version","WorkflowVersion","WorkflowVersion","Integer","Integer","Integer","False","True","True","False","Custom Columns","",,,,""
"Training Matrix","4d565241-0574-4d0d-90e6-51a637fcf7cb","UI Version","_UIVersion","_UIVersion","Integer","Integer","Integer","False","True","True","False","Custom Columns","",,,,""
"Training Matrix","4d565241-0574-4d0d-90e6-51a637fcf7cb","Version","_UIVersionString","_UIVersionString","Single line of text","Text","Text","False","False","True","False","Custom Columns","",,,,""
"Training Matrix","4d565241-0574-4d0d-90e6-51a637fcf7cb","Attachments","Attachments","Attachments","Attachments","Attachments","Attachments","False","False","False","False","Custom Columns","",,,,""
"Training Matrix","4d565241-0574-4d0d-90e6-51a637fcf7cb","Approval Status","_ModerationStatus","_ModerationStatus","Moderation Status","ModStat","ModStat","False","True","True","False","Custom Columns","0;#Approved | 1;#Rejected | 2;#Pending | 3;#Draft | 4;#Scheduled",,,"0",""
"Training Matrix","4d565241-0574-4d0d-90e6-51a637fcf7cb","Edit","Edit","Edit","Computed","Computed","Computed","False","False","True","False","Custom Columns","",,,,""
"Training Matrix","4d565241-0574-4d0d-90e6-51a637fcf7cb","Title","LinkTitleNoMenu","LinkTitleNoMenu","Computed","Computed","Computed","False","False","True","False","Custom Columns","",,,,""
"Training Matrix","4d565241-0574-4d0d-90e6-51a637fcf7cb","Title","LinkTitle","LinkTitle","Computed","Computed","Computed","False","False","True","False","Custom Columns","",,,,""
"Training Matrix","4d565241-0574-4d0d-90e6-51a637fcf7cb","Title","LinkTitle2","LinkTitle2","Computed","Computed","Computed","False","True","True","False","Custom Columns","",,,,""
"Training Matrix","4d565241-0574-4d0d-90e6-51a637fcf7cb","Select","SelectTitle","SelectTitle","Computed","Computed","Computed","False","True","True","False","Custom Columns","",,,,""
"Training Matrix","4d565241-0574-4d0d-90e6-51a637fcf7cb","Instance ID","InstanceID","InstanceID","Integer","Integer","Integer","False","True","True","False","Custom Columns","",,,,""
"Training Matrix","4d565241-0574-4d0d-90e6-51a637fcf7cb","Order","Order","Order","Number","Number","Number","False","True","False","False","Custom Columns","",,,,""
"Training Matrix","4d565241-0574-4d0d-90e6-51a637fcf7cb","GUID","GUID","GUID","Guid","Guid","Guid","False","True","True","False","Custom Columns","",,,,""
"Training Matrix","4d565241-0574-4d0d-90e6-51a637fcf7cb","Workflow Instance ID","WorkflowInstanceID","WorkflowInstanceID","Guid","Guid","Guid","False","True","True","False","Custom Columns","",,,,""
"Training Matrix","4d565241-0574-4d0d-90e6-51a637fcf7cb","URL Path","FileRef","FileRef","Lookup","Lookup","Lookup","False","True","True","False","Custom Columns","","","FullUrl",,""
"Training Matrix","4d565241-0574-4d0d-90e6-51a637fcf7cb","Path","FileDirRef","FileDirRef","Lookup","Lookup","Lookup","False","True","True","False","Custom Columns","","","DirName",,""
"Training Matrix","4d565241-0574-4d0d-90e6-51a637fcf7cb","Modified","Last_x0020_Modified","Last_x0020_Modified","Lookup","Lookup","Lookup","False","True","True","False","Custom Columns","","","TimeLastModified",,""
"Training Matrix","4d565241-0574-4d0d-90e6-51a637fcf7cb","Created","Created_x0020_Date","Created_x0020_Date","Lookup","Lookup","Lookup","False","True","True","False","Custom Columns","","","TimeCreated",,""
"Training Matrix","4d565241-0574-4d0d-90e6-51a637fcf7cb","Item Type","FSObjType","FSObjType","Lookup","Lookup","Lookup","False","True","True","False","Custom Columns","","","FSType",,""
"Training Matrix","4d565241-0574-4d0d-90e6-51a637fcf7cb","Sort Type","SortBehavior","SortBehavior","Lookup","Lookup","Lookup","False","True","True","False","Custom Columns","","","SortBehavior",,""
"Training Matrix","4d565241-0574-4d0d-90e6-51a637fcf7cb","Effective Permissions Mask","PermMask","PermMask","Computed","Computed","Computed","False","True","True","False","Custom Columns","",,,,""
"Training Matrix","4d565241-0574-4d0d-90e6-51a637fcf7cb","Principal Count","PrincipalCount","PrincipalCount","Computed","Computed","Computed","False","True","True","False","Custom Columns","",,,,""
"Training Matrix","4d565241-0574-4d0d-90e6-51a637fcf7cb","Name","FileLeafRef","FileLeafRef","File","File","File","False","True","False","False","Custom Columns","",,,,""
"Training Matrix","4d565241-0574-4d0d-90e6-51a637fcf7cb","Unique Id","UniqueId","UniqueId","Lookup","Lookup","Lookup","False","True","True","False","Custom Columns","","","UniqueId",,""
"Training Matrix","4d565241-0574-4d0d-90e6-51a637fcf7cb","Document Parent Identifier","ParentUniqueId","ParentUniqueId","Lookup","Lookup","Lookup","False","True","True","False","Custom Columns","","","ParentUniqueId",,""
"Training Matrix","4d565241-0574-4d0d-90e6-51a637fcf7cb","Client Id","SyncClientId","SyncClientId","Lookup","Lookup","Lookup","False","True","True","False","Custom Columns","","","SyncClientId",,""
"Training Matrix","4d565241-0574-4d0d-90e6-51a637fcf7cb","ProgId","ProgId","ProgId","Lookup","Lookup","Lookup","False","True","True","False","Custom Columns","","","ProgId",,""
"Training Matrix","4d565241-0574-4d0d-90e6-51a637fcf7cb","ScopeId","ScopeId","ScopeId","Lookup","Lookup","Lookup","False","True","True","False","Custom Columns","","","ScopeId",,""
"Training Matrix","4d565241-0574-4d0d-90e6-51a637fcf7cb","HTML File Type","HTML_x0020_File_x0020_Type","HTML_x0020_File_x0020_Type","Computed","Computed","Computed","False","True","True","False","Custom Columns","",,,,""
"Training Matrix","4d565241-0574-4d0d-90e6-51a637fcf7cb","Edit Menu Table Start","_EditMenuTableStart","_EditMenuTableStart","Computed","Computed","Computed","False","True","True","False","Custom Columns","",,,,""
"Training Matrix","4d565241-0574-4d0d-90e6-51a637fcf7cb","Edit Menu Table Start","_EditMenuTableStart2","_EditMenuTableStart2","Computed","Computed","Computed","False","True","True","False","Custom Columns","",,,,""
"Training Matrix","4d565241-0574-4d0d-90e6-51a637fcf7cb","Edit Menu Table End","_EditMenuTableEnd","_EditMenuTableEnd","Computed","Computed","Computed","False","True","True","False","Custom Columns","",,,,""
"Training Matrix","4d565241-0574-4d0d-90e6-51a637fcf7cb","Name","LinkFilenameNoMenu","LinkFilenameNoMenu","Computed","Computed","Computed","False","True","True","False","Custom Columns","",,,,""
"Training Matrix","4d565241-0574-4d0d-90e6-51a637fcf7cb","Name","LinkFilename","LinkFilename","Computed","Computed","Computed","False","True","True","False","Custom Columns","",,,,""
"Training Matrix","4d565241-0574-4d0d-90e6-51a637fcf7cb","Name","LinkFilename2","LinkFilename2","Computed","Computed","Computed","False","True","True","False","Custom Columns","",,,,""
"Training Matrix","4d565241-0574-4d0d-90e6-51a637fcf7cb","Type","DocIcon","DocIcon","Computed","Computed","Computed","False","False","True","False","Custom Columns","",,,,""
"Training Matrix","4d565241-0574-4d0d-90e6-51a637fcf7cb","Server Relative URL","ServerUrl","ServerUrl","Computed","Computed","Computed","False","True","True","False","Custom Columns","",,,,""
"Training Matrix","4d565241-0574-4d0d-90e6-51a637fcf7cb","Encoded Absolute URL","EncodedAbsUrl","EncodedAbsUrl","Computed","Computed","Computed","False","True","True","False","Custom Columns","",,,,""
"Training Matrix","4d565241-0574-4d0d-90e6-51a637fcf7cb","File Name","BaseName","BaseName","Computed","Computed","Computed","False","True","True","False","Custom Columns","",,,,""
"Training Matrix","4d565241-0574-4d0d-90e6-51a637fcf7cb","Property Bag","MetaInfo","MetaInfo","Lookup","Lookup","Lookup","False","True","False","False","Custom Columns","","","MetaInfo",,""
"Training Matrix","4d565241-0574-4d0d-90e6-51a637fcf7cb","Level","_Level","_Level","Integer","Integer","Integer","False","True","True","False","Custom Columns","",,,,""
"Training Matrix","4d565241-0574-4d0d-90e6-51a637fcf7cb","Is Current Version","_IsCurrentVersion","_IsCurrentVersion","Yes/No","Boolean","Boolean","False","True","True","False","Custom Columns","",,,,""
"Training Matrix","4d565241-0574-4d0d-90e6-51a637fcf7cb","Item Child Count","ItemChildCount","ItemChildCount","Lookup","Lookup","Lookup","False","False","True","False","Custom Columns","","","ItemChildCount",,""
"Training Matrix","4d565241-0574-4d0d-90e6-51a637fcf7cb","Folder Child Count","FolderChildCount","FolderChildCount","Lookup","Lookup","Lookup","False","False","True","False","Custom Columns","","","FolderChildCount",,""
"Training Matrix","4d565241-0574-4d0d-90e6-51a637fcf7cb","Restricted","Restricted","Restricted","Lookup","Lookup","Lookup","False","True","True","False","Custom Columns","","","Restricted",,""
"Training Matrix","4d565241-0574-4d0d-90e6-51a637fcf7cb","Originator Id","OriginatorId","OriginatorId","Lookup","Lookup","Lookup","False","True","True","False","Custom Columns","","","OriginatorId",,""
"Training Matrix","4d565241-0574-4d0d-90e6-51a637fcf7cb","NoExecute","NoExecute","NoExecute","Lookup","Lookup","Lookup","False","True","True","False","Custom Columns","","","DocFlags",,""
"Training Matrix","4d565241-0574-4d0d-90e6-51a637fcf7cb","Content Version","ContentVersion","ContentVersion","Lookup","Lookup","Lookup","False","True","True","False","Custom Columns","","","ContentVersion",,""
"Training Matrix","4d565241-0574-4d0d-90e6-51a637fcf7cb","Label setting","_ComplianceFlags","_ComplianceFlags","Lookup","Lookup","Lookup","False","False","True","False","Custom Columns","","","ComplianceFlags",,""
"Training Matrix","4d565241-0574-4d0d-90e6-51a637fcf7cb","Retention label","_ComplianceTag","_ComplianceTag","Lookup","Lookup","Lookup","False","False","True","False","Custom Columns","","","ComplianceTag",,""
"Training Matrix","4d565241-0574-4d0d-90e6-51a637fcf7cb","Retention label Applied","_ComplianceTagWrittenTime","_ComplianceTagWrittenTime","Lookup","Lookup","Lookup","False","False","True","False","Custom Columns","","","ComplianceTagWrittenTime",,""
"Training Matrix","4d565241-0574-4d0d-90e6-51a637fcf7cb","Label applied by","_ComplianceTagUserId","_ComplianceTagUserId","Lookup","Lookup","Lookup","False","False","True","False","Custom Columns","","","ComplianceTagUserId",,""
"Training Matrix","4d565241-0574-4d0d-90e6-51a637fcf7cb","Item is a Record","_IsRecord","_IsRecord","Computed","Computed","Computed","False","False","True","False","Custom Columns","",,,,""
"Training Matrix","4d565241-0574-4d0d-90e6-51a637fcf7cb","Access Policy","AccessPolicy","AccessPolicy","Lookup","Lookup","Lookup","False","True","True","False","Custom Columns","","","AccessPolicy",,""
"Training Matrix","4d565241-0574-4d0d-90e6-51a637fcf7cb","VirusStatus","_VirusStatus","_VirusStatus","Lookup","Lookup","Lookup","False","True","True","False","Custom Columns","","","VirusStatus",,""
"Training Matrix","4d565241-0574-4d0d-90e6-51a637fcf7cb","VirusVendorID","_VirusVendorID","_VirusVendorID","Lookup","Lookup","Lookup","False","True","True","False","Custom Columns","","","VirusVendorID",,""
"Training Matrix","4d565241-0574-4d0d-90e6-51a637fcf7cb","VirusInfo","_VirusInfo","_VirusInfo","Lookup","Lookup","Lookup","False","True","True","False","Custom Columns","","","VirusInfo",,""
"Training Matrix","4d565241-0574-4d0d-90e6-51a637fcf7cb","RansomwareAnomalyMetaInfo","_RansomwareAnomalyMetaInfo","_RansomwareAnomalyMetaInfo","Lookup","Lookup","Lookup","False","True","True","False","Custom Columns","","","RansomwareAnomalyMetaInfo",,""
"Training Matrix","4d565241-0574-4d0d-90e6-51a637fcf7cb","Draft Owner Id","_DraftOwnerId","_DraftOwnerId","Lookup","Lookup","Lookup","False","True","True","False","Custom Columns","","","DraftOwnerId",,""
"Training Matrix","4d565241-0574-4d0d-90e6-51a637fcf7cb","Main Link settings","MainLinkSettings","MainLinkSettings","Computed","Computed","Computed","False","True","True","False","Custom Columns","",,,,""
"Training Matrix","4d565241-0574-4d0d-90e6-51a637fcf7cb","App Created By","AppAuthor","AppAuthor","Lookup","Lookup","Lookup","False","False","True","False","Custom Columns","","AppPrincipals","Title",,""
"Training Matrix","4d565241-0574-4d0d-90e6-51a637fcf7cb","App Modified By","AppEditor","AppEditor","Lookup","Lookup","Lookup","False","False","True","False","Custom Columns","","AppPrincipals","Title",,""
"Training Matrix","4d565241-0574-4d0d-90e6-51a637fcf7cb","Total Size","SMTotalSize","SMTotalSize","Lookup","Lookup","Lookup","False","True","True","False","Custom Columns","","","SMTotalSize",,""
"Training Matrix","4d565241-0574-4d0d-90e6-51a637fcf7cb","Last Modified Date","SMLastModifiedDate","SMLastModifiedDate","Lookup","Lookup","Lookup","False","True","True","False","Custom Columns","","","SMLastModifiedDate",,""
"Training Matrix","4d565241-0574-4d0d-90e6-51a637fcf7cb","Total File Stream Size","SMTotalFileStreamSize","SMTotalFileStreamSize","Lookup","Lookup","Lookup","False","True","True","False","Custom Columns","","","SMTotalFileStreamSize",,""
"Training Matrix","4d565241-0574-4d0d-90e6-51a637fcf7cb","Total File Count","SMTotalFileCount","SMTotalFileCount","Lookup","Lookup","Lookup","False","True","True","False","Custom Columns","","","SMTotalFileCount",,""
"Training Matrix","4d565241-0574-4d0d-90e6-51a637fcf7cb","Comment settings","_CommentFlags","_CommentFlags","Lookup","Lookup","Lookup","False","True","True","False","Custom Columns","","","CommentFlags",,""
"Training Matrix","4d565241-0574-4d0d-90e6-51a637fcf7cb","Comment count","_CommentCount","_CommentCount","Lookup","Lookup","Lookup","False","True","True","False","Custom Columns","","","CommentCount",,""
"Training Matrix Category Records","c27d8582-f6b7-4f57-8589-55c8925f2e42","Content Type ID","ContentTypeId","ContentTypeId","Content Type Id","ContentTypeId","ContentTypeId","False","True","True","False","Custom Columns","",,,,""
"Training Matrix Category Records","c27d8582-f6b7-4f57-8589-55c8925f2e42","Title","Title","Title","Single line of text","Text","Text","False","False","False","False","Custom Columns","",,,,""
"Training Matrix Category Records","c27d8582-f6b7-4f57-8589-55c8925f2e42","Approver Comments","_ModerationComments","_ModerationComments","Multiple lines of text","Note","Note","False","True","True","False","Custom Columns","",,,,""
"Training Matrix Category Records","c27d8582-f6b7-4f57-8589-55c8925f2e42","Title","LinkTitle","LinkTitle","Computed","Computed","Computed","False","False","True","False","Custom Columns","",,,,""
"Training Matrix Category Records","c27d8582-f6b7-4f57-8589-55c8925f2e42","File Type","File_x0020_Type","File_x0020_Type","Single line of text","Text","Text","False","True","True","False","Custom Columns","",,,,""
"Training Matrix Category Records","c27d8582-f6b7-4f57-8589-55c8925f2e42","Color","_ColorHex","_ColorHex","Single line of text","Text","Text","False","True","True","False","Custom Columns","",,,,""
"Training Matrix Category Records","c27d8582-f6b7-4f57-8589-55c8925f2e42","Color Tag","_ColorTag","_ColorTag","Single line of text","Text","Text","False","False","True","False","Custom Columns","",,,,""
"Training Matrix Category Records","c27d8582-f6b7-4f57-8589-55c8925f2e42","Emoji","_Emoji","_Emoji","Single line of text","Text","Text","False","True","True","False","Custom Columns","",,,,""
"Training Matrix Category Records","c27d8582-f6b7-4f57-8589-55c8925f2e42","Compliance Asset Id","ComplianceAssetId","ComplianceAssetId","Single line of text","Text","Text","False","False","True","False","Custom Columns","",,,,""
"Training Matrix Category Records","c27d8582-f6b7-4f57-8589-55c8925f2e42","Candidate Name","Candidate_x0020_Name","CandidateNameLookup","Lookup","Lookup","Lookup","False","False","False","False","PAVE Schema","","{dd110a2d-a447-4b0e-aec7-c3ff9980bfc9}","Title",,""
"Training Matrix Category Records","c27d8582-f6b7-4f57-8589-55c8925f2e42","Company Name","Company_x0020_Name","CompanyNameLookup","Lookup","Lookup","Lookup","False","False","False","False","PAVE Schema","","{6079c6aa-d657-42a8-9a7b-9c8e074386b4}","Title",,""
"Training Matrix Category Records","c27d8582-f6b7-4f57-8589-55c8925f2e42","Category Code","Category_x0020_Code","CategoryCodeLookup","Lookup","Lookup","Lookup","False","False","False","False","PAVE Schema","","{663428f3-d7a8-4ec6-af6f-a22a1a7af36f}","Title",,""
"Training Matrix Category Records","c27d8582-f6b7-4f57-8589-55c8925f2e42","Category Name","Category_x0020_Name","CategoryName","Single line of text","Text","Text","False","False","False","False","PAVE Schema","",,,,""
"Training Matrix Category Records","c27d8582-f6b7-4f57-8589-55c8925f2e42","Expiry Date","Expiry_x0020_Date","ExpiryDate","Date and Time","DateTime","DateTime","False","False","False","False","PAVE Schema","",,,,""
"Training Matrix Category Records","c27d8582-f6b7-4f57-8589-55c8925f2e42","Card Number","Card_x0020_Number","CardNumber","Single line of text","Text","Text","False","False","False","False","PAVE Schema","",,,,""
"Training Matrix Category Records","c27d8582-f6b7-4f57-8589-55c8925f2e42","Status","Status","Status","Choice","Choice","Choice","False","False","False","False","PAVE Schema","Valid | Expiring Soon | Expired | Missing Data",,,,""
"Training Matrix Category Records","c27d8582-f6b7-4f57-8589-55c8925f2e42","Needs Review","Needs_x0020_Review","NeedsReview","Yes/No","Boolean","Boolean","False","False","False","False","PAVE Schema","",,,"1",""
"Training Matrix Category Records","c27d8582-f6b7-4f57-8589-55c8925f2e42","Customer Visible","Customer_x0020_Visible","CustomerVisible","Yes/No","Boolean","Boolean","False","False","False","False","PAVE Schema","",,,"1",""
"Training Matrix Category Records","c27d8582-f6b7-4f57-8589-55c8925f2e42","Notes","Notes","Notes","Multiple lines of text","Note","Note","False","False","False","False","PAVE Schema","",,,,""
"Training Matrix Category Records","c27d8582-f6b7-4f57-8589-55c8925f2e42","ID","ID","ID","Counter","Counter","Counter","False","False","True","False","Custom Columns","",,,,""
"Training Matrix Category Records","c27d8582-f6b7-4f57-8589-55c8925f2e42","Content Type","ContentType","ContentType","Computed","Computed","Computed","False","False","False","False","_Hidden","",,,,""
"Training Matrix Category Records","c27d8582-f6b7-4f57-8589-55c8925f2e42","Modified","Modified","Modified","Date and Time","DateTime","DateTime","False","False","True","False","Custom Columns","",,,,""
"Training Matrix Category Records","c27d8582-f6b7-4f57-8589-55c8925f2e42","Created","Created","Created","Date and Time","DateTime","DateTime","False","False","True","False","Custom Columns","",,,,""
"Training Matrix Category Records","c27d8582-f6b7-4f57-8589-55c8925f2e42","Created By","Author","Author","Person or Group","User","User","False","False","True","False","Custom Columns","","{05970f80-1382-466a-ab40-156b3e727c70}","",,""
"Training Matrix Category Records","c27d8582-f6b7-4f57-8589-55c8925f2e42","Modified By","Editor","Editor","Person or Group","User","User","False","False","True","False","Custom Columns","","{05970f80-1382-466a-ab40-156b3e727c70}","",,""
"Training Matrix Category Records","c27d8582-f6b7-4f57-8589-55c8925f2e42","Has Copy Destinations","_HasCopyDestinations","_HasCopyDestinations","Yes/No","Boolean","Boolean","False","True","True","False","Custom Columns","",,,,""
"Training Matrix Category Records","c27d8582-f6b7-4f57-8589-55c8925f2e42","Copy Source","_CopySource","_CopySource","Single line of text","Text","Text","False","True","True","False","Custom Columns","",,,,""
"Training Matrix Category Records","c27d8582-f6b7-4f57-8589-55c8925f2e42","owshiddenversion","owshiddenversion","owshiddenversion","Integer","Integer","Integer","False","True","True","False","Custom Columns","",,,,""
"Training Matrix Category Records","c27d8582-f6b7-4f57-8589-55c8925f2e42","Workflow Version","WorkflowVersion","WorkflowVersion","Integer","Integer","Integer","False","True","True","False","Custom Columns","",,,,""
"Training Matrix Category Records","c27d8582-f6b7-4f57-8589-55c8925f2e42","UI Version","_UIVersion","_UIVersion","Integer","Integer","Integer","False","True","True","False","Custom Columns","",,,,""
"Training Matrix Category Records","c27d8582-f6b7-4f57-8589-55c8925f2e42","Version","_UIVersionString","_UIVersionString","Single line of text","Text","Text","False","False","True","False","Custom Columns","",,,,""
"Training Matrix Category Records","c27d8582-f6b7-4f57-8589-55c8925f2e42","Attachments","Attachments","Attachments","Attachments","Attachments","Attachments","False","False","False","False","Custom Columns","",,,,""
"Training Matrix Category Records","c27d8582-f6b7-4f57-8589-55c8925f2e42","Approval Status","_ModerationStatus","_ModerationStatus","Moderation Status","ModStat","ModStat","False","True","True","False","Custom Columns","0;#Approved | 1;#Rejected | 2;#Pending | 3;#Draft | 4;#Scheduled",,,"0",""
"Training Matrix Category Records","c27d8582-f6b7-4f57-8589-55c8925f2e42","Edit","Edit","Edit","Computed","Computed","Computed","False","False","True","False","Custom Columns","",,,,""
"Training Matrix Category Records","c27d8582-f6b7-4f57-8589-55c8925f2e42","Title","LinkTitleNoMenu","LinkTitleNoMenu","Computed","Computed","Computed","False","False","True","False","Custom Columns","",,,,""
"Training Matrix Category Records","c27d8582-f6b7-4f57-8589-55c8925f2e42","Title","LinkTitle2","LinkTitle2","Computed","Computed","Computed","False","True","True","False","Custom Columns","",,,,""
"Training Matrix Category Records","c27d8582-f6b7-4f57-8589-55c8925f2e42","Select","SelectTitle","SelectTitle","Computed","Computed","Computed","False","True","True","False","Custom Columns","",,,,""
"Training Matrix Category Records","c27d8582-f6b7-4f57-8589-55c8925f2e42","Instance ID","InstanceID","InstanceID","Integer","Integer","Integer","False","True","True","False","Custom Columns","",,,,""
"Training Matrix Category Records","c27d8582-f6b7-4f57-8589-55c8925f2e42","Order","Order","Order","Number","Number","Number","False","True","False","False","Custom Columns","",,,,""
"Training Matrix Category Records","c27d8582-f6b7-4f57-8589-55c8925f2e42","GUID","GUID","GUID","Guid","Guid","Guid","False","True","True","False","Custom Columns","",,,,""
"Training Matrix Category Records","c27d8582-f6b7-4f57-8589-55c8925f2e42","Workflow Instance ID","WorkflowInstanceID","WorkflowInstanceID","Guid","Guid","Guid","False","True","True","False","Custom Columns","",,,,""
"Training Matrix Category Records","c27d8582-f6b7-4f57-8589-55c8925f2e42","URL Path","FileRef","FileRef","Lookup","Lookup","Lookup","False","True","True","False","Custom Columns","","","FullUrl",,""
"Training Matrix Category Records","c27d8582-f6b7-4f57-8589-55c8925f2e42","Path","FileDirRef","FileDirRef","Lookup","Lookup","Lookup","False","True","True","False","Custom Columns","","","DirName",,""
"Training Matrix Category Records","c27d8582-f6b7-4f57-8589-55c8925f2e42","Modified","Last_x0020_Modified","Last_x0020_Modified","Lookup","Lookup","Lookup","False","True","True","False","Custom Columns","","","TimeLastModified",,""
"Training Matrix Category Records","c27d8582-f6b7-4f57-8589-55c8925f2e42","Created","Created_x0020_Date","Created_x0020_Date","Lookup","Lookup","Lookup","False","True","True","False","Custom Columns","","","TimeCreated",,""
"Training Matrix Category Records","c27d8582-f6b7-4f57-8589-55c8925f2e42","Item Type","FSObjType","FSObjType","Lookup","Lookup","Lookup","False","True","True","False","Custom Columns","","","FSType",,""
"Training Matrix Category Records","c27d8582-f6b7-4f57-8589-55c8925f2e42","Sort Type","SortBehavior","SortBehavior","Lookup","Lookup","Lookup","False","True","True","False","Custom Columns","","","SortBehavior",,""
"Training Matrix Category Records","c27d8582-f6b7-4f57-8589-55c8925f2e42","Effective Permissions Mask","PermMask","PermMask","Computed","Computed","Computed","False","True","True","False","Custom Columns","",,,,""
"Training Matrix Category Records","c27d8582-f6b7-4f57-8589-55c8925f2e42","Principal Count","PrincipalCount","PrincipalCount","Computed","Computed","Computed","False","True","True","False","Custom Columns","",,,,""
"Training Matrix Category Records","c27d8582-f6b7-4f57-8589-55c8925f2e42","Name","FileLeafRef","FileLeafRef","File","File","File","False","True","False","False","Custom Columns","",,,,""
"Training Matrix Category Records","c27d8582-f6b7-4f57-8589-55c8925f2e42","Unique Id","UniqueId","UniqueId","Lookup","Lookup","Lookup","False","True","True","False","Custom Columns","","","UniqueId",,""
"Training Matrix Category Records","c27d8582-f6b7-4f57-8589-55c8925f2e42","Document Parent Identifier","ParentUniqueId","ParentUniqueId","Lookup","Lookup","Lookup","False","True","True","False","Custom Columns","","","ParentUniqueId",,""
"Training Matrix Category Records","c27d8582-f6b7-4f57-8589-55c8925f2e42","Client Id","SyncClientId","SyncClientId","Lookup","Lookup","Lookup","False","True","True","False","Custom Columns","","","SyncClientId",,""
"Training Matrix Category Records","c27d8582-f6b7-4f57-8589-55c8925f2e42","ProgId","ProgId","ProgId","Lookup","Lookup","Lookup","False","True","True","False","Custom Columns","","","ProgId",,""
"Training Matrix Category Records","c27d8582-f6b7-4f57-8589-55c8925f2e42","ScopeId","ScopeId","ScopeId","Lookup","Lookup","Lookup","False","True","True","False","Custom Columns","","","ScopeId",,""
"Training Matrix Category Records","c27d8582-f6b7-4f57-8589-55c8925f2e42","HTML File Type","HTML_x0020_File_x0020_Type","HTML_x0020_File_x0020_Type","Computed","Computed","Computed","False","True","True","False","Custom Columns","",,,,""
"Training Matrix Category Records","c27d8582-f6b7-4f57-8589-55c8925f2e42","Edit Menu Table Start","_EditMenuTableStart","_EditMenuTableStart","Computed","Computed","Computed","False","True","True","False","Custom Columns","",,,,""
"Training Matrix Category Records","c27d8582-f6b7-4f57-8589-55c8925f2e42","Edit Menu Table Start","_EditMenuTableStart2","_EditMenuTableStart2","Computed","Computed","Computed","False","True","True","False","Custom Columns","",,,,""
"Training Matrix Category Records","c27d8582-f6b7-4f57-8589-55c8925f2e42","Edit Menu Table End","_EditMenuTableEnd","_EditMenuTableEnd","Computed","Computed","Computed","False","True","True","False","Custom Columns","",,,,""
"Training Matrix Category Records","c27d8582-f6b7-4f57-8589-55c8925f2e42","Name","LinkFilenameNoMenu","LinkFilenameNoMenu","Computed","Computed","Computed","False","True","True","False","Custom Columns","",,,,""
"Training Matrix Category Records","c27d8582-f6b7-4f57-8589-55c8925f2e42","Name","LinkFilename","LinkFilename","Computed","Computed","Computed","False","True","True","False","Custom Columns","",,,,""
"Training Matrix Category Records","c27d8582-f6b7-4f57-8589-55c8925f2e42","Name","LinkFilename2","LinkFilename2","Computed","Computed","Computed","False","True","True","False","Custom Columns","",,,,""
"Training Matrix Category Records","c27d8582-f6b7-4f57-8589-55c8925f2e42","Type","DocIcon","DocIcon","Computed","Computed","Computed","False","False","True","False","Custom Columns","",,,,""
"Training Matrix Category Records","c27d8582-f6b7-4f57-8589-55c8925f2e42","Server Relative URL","ServerUrl","ServerUrl","Computed","Computed","Computed","False","True","True","False","Custom Columns","",,,,""
"Training Matrix Category Records","c27d8582-f6b7-4f57-8589-55c8925f2e42","Encoded Absolute URL","EncodedAbsUrl","EncodedAbsUrl","Computed","Computed","Computed","False","True","True","False","Custom Columns","",,,,""
"Training Matrix Category Records","c27d8582-f6b7-4f57-8589-55c8925f2e42","File Name","BaseName","BaseName","Computed","Computed","Computed","False","True","True","False","Custom Columns","",,,,""
"Training Matrix Category Records","c27d8582-f6b7-4f57-8589-55c8925f2e42","Property Bag","MetaInfo","MetaInfo","Lookup","Lookup","Lookup","False","True","False","False","Custom Columns","","","MetaInfo",,""
"Training Matrix Category Records","c27d8582-f6b7-4f57-8589-55c8925f2e42","Level","_Level","_Level","Integer","Integer","Integer","False","True","True","False","Custom Columns","",,,,""
"Training Matrix Category Records","c27d8582-f6b7-4f57-8589-55c8925f2e42","Is Current Version","_IsCurrentVersion","_IsCurrentVersion","Yes/No","Boolean","Boolean","False","True","True","False","Custom Columns","",,,,""
"Training Matrix Category Records","c27d8582-f6b7-4f57-8589-55c8925f2e42","Item Child Count","ItemChildCount","ItemChildCount","Lookup","Lookup","Lookup","False","False","True","False","Custom Columns","","","ItemChildCount",,""
"Training Matrix Category Records","c27d8582-f6b7-4f57-8589-55c8925f2e42","Folder Child Count","FolderChildCount","FolderChildCount","Lookup","Lookup","Lookup","False","False","True","False","Custom Columns","","","FolderChildCount",,""
"Training Matrix Category Records","c27d8582-f6b7-4f57-8589-55c8925f2e42","Restricted","Restricted","Restricted","Lookup","Lookup","Lookup","False","True","True","False","Custom Columns","","","Restricted",,""
"Training Matrix Category Records","c27d8582-f6b7-4f57-8589-55c8925f2e42","Originator Id","OriginatorId","OriginatorId","Lookup","Lookup","Lookup","False","True","True","False","Custom Columns","","","OriginatorId",,""
"Training Matrix Category Records","c27d8582-f6b7-4f57-8589-55c8925f2e42","NoExecute","NoExecute","NoExecute","Lookup","Lookup","Lookup","False","True","True","False","Custom Columns","","","DocFlags",,""
"Training Matrix Category Records","c27d8582-f6b7-4f57-8589-55c8925f2e42","Content Version","ContentVersion","ContentVersion","Lookup","Lookup","Lookup","False","True","True","False","Custom Columns","","","ContentVersion",,""
"Training Matrix Category Records","c27d8582-f6b7-4f57-8589-55c8925f2e42","Label setting","_ComplianceFlags","_ComplianceFlags","Lookup","Lookup","Lookup","False","False","True","False","Custom Columns","","","ComplianceFlags",,""
"Training Matrix Category Records","c27d8582-f6b7-4f57-8589-55c8925f2e42","Retention label","_ComplianceTag","_ComplianceTag","Lookup","Lookup","Lookup","False","False","True","False","Custom Columns","","","ComplianceTag",,""
"Training Matrix Category Records","c27d8582-f6b7-4f57-8589-55c8925f2e42","Retention label Applied","_ComplianceTagWrittenTime","_ComplianceTagWrittenTime","Lookup","Lookup","Lookup","False","False","True","False","Custom Columns","","","ComplianceTagWrittenTime",,""
"Training Matrix Category Records","c27d8582-f6b7-4f57-8589-55c8925f2e42","Label applied by","_ComplianceTagUserId","_ComplianceTagUserId","Lookup","Lookup","Lookup","False","False","True","False","Custom Columns","","","ComplianceTagUserId",,""
"Training Matrix Category Records","c27d8582-f6b7-4f57-8589-55c8925f2e42","Item is a Record","_IsRecord","_IsRecord","Computed","Computed","Computed","False","False","True","False","Custom Columns","",,,,""
"Training Matrix Category Records","c27d8582-f6b7-4f57-8589-55c8925f2e42","Access Policy","AccessPolicy","AccessPolicy","Lookup","Lookup","Lookup","False","True","True","False","Custom Columns","","","AccessPolicy",,""
"Training Matrix Category Records","c27d8582-f6b7-4f57-8589-55c8925f2e42","VirusStatus","_VirusStatus","_VirusStatus","Lookup","Lookup","Lookup","False","True","True","False","Custom Columns","","","VirusStatus",,""
"Training Matrix Category Records","c27d8582-f6b7-4f57-8589-55c8925f2e42","VirusVendorID","_VirusVendorID","_VirusVendorID","Lookup","Lookup","Lookup","False","True","True","False","Custom Columns","","","VirusVendorID",,""
"Training Matrix Category Records","c27d8582-f6b7-4f57-8589-55c8925f2e42","VirusInfo","_VirusInfo","_VirusInfo","Lookup","Lookup","Lookup","False","True","True","False","Custom Columns","","","VirusInfo",,""
"Training Matrix Category Records","c27d8582-f6b7-4f57-8589-55c8925f2e42","RansomwareAnomalyMetaInfo","_RansomwareAnomalyMetaInfo","_RansomwareAnomalyMetaInfo","Lookup","Lookup","Lookup","False","True","True","False","Custom Columns","","","RansomwareAnomalyMetaInfo",,""
"Training Matrix Category Records","c27d8582-f6b7-4f57-8589-55c8925f2e42","Draft Owner Id","_DraftOwnerId","_DraftOwnerId","Lookup","Lookup","Lookup","False","True","True","False","Custom Columns","","","DraftOwnerId",,""
"Training Matrix Category Records","c27d8582-f6b7-4f57-8589-55c8925f2e42","Main Link settings","MainLinkSettings","MainLinkSettings","Computed","Computed","Computed","False","True","True","False","Custom Columns","",,,,""
"Training Matrix Category Records","c27d8582-f6b7-4f57-8589-55c8925f2e42","App Created By","AppAuthor","AppAuthor","Lookup","Lookup","Lookup","False","False","True","False","Custom Columns","","AppPrincipals","Title",,""
"Training Matrix Category Records","c27d8582-f6b7-4f57-8589-55c8925f2e42","App Modified By","AppEditor","AppEditor","Lookup","Lookup","Lookup","False","False","True","False","Custom Columns","","AppPrincipals","Title",,""
"Training Matrix Category Records","c27d8582-f6b7-4f57-8589-55c8925f2e42","Total Size","SMTotalSize","SMTotalSize","Lookup","Lookup","Lookup","False","True","True","False","Custom Columns","","","SMTotalSize",,""
"Training Matrix Category Records","c27d8582-f6b7-4f57-8589-55c8925f2e42","Last Modified Date","SMLastModifiedDate","SMLastModifiedDate","Lookup","Lookup","Lookup","False","True","True","False","Custom Columns","","","SMLastModifiedDate",,""
"Training Matrix Category Records","c27d8582-f6b7-4f57-8589-55c8925f2e42","Total File Stream Size","SMTotalFileStreamSize","SMTotalFileStreamSize","Lookup","Lookup","Lookup","False","True","True","False","Custom Columns","","","SMTotalFileStreamSize",,""
"Training Matrix Category Records","c27d8582-f6b7-4f57-8589-55c8925f2e42","Total File Count","SMTotalFileCount","SMTotalFileCount","Lookup","Lookup","Lookup","False","True","True","False","Custom Columns","","","SMTotalFileCount",,""
"Training Matrix Category Records","c27d8582-f6b7-4f57-8589-55c8925f2e42","Comment settings","_CommentFlags","_CommentFlags","Lookup","Lookup","Lookup","False","True","True","False","Custom Columns","","","CommentFlags",,""
"Training Matrix Category Records","c27d8582-f6b7-4f57-8589-55c8925f2e42","Comment count","_CommentCount","_CommentCount","Lookup","Lookup","Lookup","False","True","True","False","Custom Columns","","","CommentCount",,""
"Workforce List","dd110a2d-a447-4b0e-aec7-c3ff9980bfc9","Content Type ID","ContentTypeId","ContentTypeId","Content Type Id","ContentTypeId","ContentTypeId","False","True","True","False","Custom Columns","",,,,""
"Workforce List","dd110a2d-a447-4b0e-aec7-c3ff9980bfc9","Title","Title","Title","Single line of text","Text","Text","False","False","False","False","Custom Columns","",,,,""
"Workforce List","dd110a2d-a447-4b0e-aec7-c3ff9980bfc9","Approver Comments","_ModerationComments","_ModerationComments","Multiple lines of text","Note","Note","False","True","True","False","Custom Columns","",,,,""
"Workforce List","dd110a2d-a447-4b0e-aec7-c3ff9980bfc9","File Type","File_x0020_Type","File_x0020_Type","Single line of text","Text","Text","False","True","True","False","Custom Columns","",,,,""
"Workforce List","dd110a2d-a447-4b0e-aec7-c3ff9980bfc9","Color","_ColorHex","_ColorHex","Single line of text","Text","Text","False","True","True","False","Custom Columns","",,,,""
"Workforce List","dd110a2d-a447-4b0e-aec7-c3ff9980bfc9","Color Tag","_ColorTag","_ColorTag","Single line of text","Text","Text","False","False","True","False","Custom Columns","",,,,""
"Workforce List","dd110a2d-a447-4b0e-aec7-c3ff9980bfc9","Emoji","_Emoji","_Emoji","Single line of text","Text","Text","False","True","True","False","Custom Columns","",,,,""
"Workforce List","dd110a2d-a447-4b0e-aec7-c3ff9980bfc9","Compliance Asset Id","ComplianceAssetId","ComplianceAssetId","Single line of text","Text","Text","False","False","True","False","Custom Columns","",,,,""
"Workforce List","dd110a2d-a447-4b0e-aec7-c3ff9980bfc9","Workforce Number","WorkforceNumber","WorkforceNumber","Single line of text","Text","Text","False","False","False","False","Custom Columns","",,,,""
"Workforce List","dd110a2d-a447-4b0e-aec7-c3ff9980bfc9","Candidate Name","CandidateName","CandidateName","Single line of text","Text","Text","True","False","False","False","Custom Columns","",,,,""
"Workforce List","dd110a2d-a447-4b0e-aec7-c3ff9980bfc9","Department","Department","Department","Choice","MultiChoice","MultiChoice","False","False","False","False","Custom Columns","Choice 1",,,,""
"Workforce List","dd110a2d-a447-4b0e-aec7-c3ff9980bfc9","Candidate Address","CandidateAddress","CandidateAddress","Single line of text","Text","Text","False","False","False","False","Custom Columns","",,,,""
"Workforce List","dd110a2d-a447-4b0e-aec7-c3ff9980bfc9","Company Name","CompanyName","CompanyName","Lookup","Lookup","Lookup","True","False","False","True","Custom Columns","","6079c6aa-d657-42a8-9a7b-9c8e074386b4","CompanyName",,""
"Workforce List","dd110a2d-a447-4b0e-aec7-c3ff9980bfc9","Email","Email","Email","Single line of text","Text","Text","True","False","False","False","Custom Columns","",,,,""
"Workforce List","dd110a2d-a447-4b0e-aec7-c3ff9980bfc9","Contact number","Contactnumber","Contactnumber","Single line of text","Text","Text","False","False","False","False","Custom Columns","",,,,""
"Workforce List","dd110a2d-a447-4b0e-aec7-c3ff9980bfc9","Date of birth","Dateofbirth","Dateofbirth","Date and Time","DateTime","DateTime","False","False","False","False","Custom Columns","",,,,""
"Workforce List","dd110a2d-a447-4b0e-aec7-c3ff9980bfc9","Ni Number","NiNumber","NiNumber","Single line of text","Text","Text","False","False","False","False","Custom Columns","",,,,""
"Workforce List","dd110a2d-a447-4b0e-aec7-c3ff9980bfc9","Cscs Expiry","CscsExpiry","CscsExpiry","Date and Time","DateTime","DateTime","False","False","False","False","Custom Columns","",,,,""
"Workforce List","dd110a2d-a447-4b0e-aec7-c3ff9980bfc9","Swqr Expiry","SwqrExpiry","SwqrExpiry","Date and Time","DateTime","DateTime","False","False","False","False","Custom Columns","",,,,""
"Workforce List","dd110a2d-a447-4b0e-aec7-c3ff9980bfc9","Eusr Expiry","EusrExpiry","EusrExpiry","Date and Time","DateTime","DateTime","False","False","False","False","Custom Columns","",,,,""
"Workforce List","dd110a2d-a447-4b0e-aec7-c3ff9980bfc9","Training manager","Trainingmanager","Trainingmanager","Lookup","Lookup","Lookup","False","False","False","True","Custom Columns","","68ca20bb-5246-4dd0-89ea-9f0ea382d99d","Name",,""
"Workforce List","dd110a2d-a447-4b0e-aec7-c3ff9980bfc9","Supervisor","Supervisor","Supervisor","Lookup","Lookup","Lookup","False","False","False","True","Custom Columns","","68ca20bb-5246-4dd0-89ea-9f0ea382d99d","Name",,""
"Workforce List","dd110a2d-a447-4b0e-aec7-c3ff9980bfc9","Company Number","Company_x0020_Name_x003a__x0020_","Company_x0020_Name_x003a__x0020_","Lookup","Lookup","Lookup","True","False","True","False","Custom Columns","","6079c6aa-d657-42a8-9a7b-9c8e074386b4","CompanyNumber",,""
"Workforce List","dd110a2d-a447-4b0e-aec7-c3ff9980bfc9","CSCS Number","CSCSNumber","CSCSNumber","Single line of text","Text","Text","False","False","False","False","Custom Columns","",,,,""
"Workforce List","dd110a2d-a447-4b0e-aec7-c3ff9980bfc9","SWQR Number","SWQRNumber","SWQRNumber","Single line of text","Text","Text","False","False","False","False","Custom Columns","",,,,""
"Workforce List","dd110a2d-a447-4b0e-aec7-c3ff9980bfc9","EUSR Number","EUSRNumber","EUSRNumber","Single line of text","Text","Text","False","False","False","False","Custom Columns","",,,,""
"Workforce List","dd110a2d-a447-4b0e-aec7-c3ff9980bfc9","NPORS Number","NPORSNumbers","NPORSNumbers","Single line of text","Text","Text","False","False","False","False","Custom Columns","",,,,""
"Workforce List","dd110a2d-a447-4b0e-aec7-c3ff9980bfc9","In House Certification Number","InHouseCertificationNumber","InHouseCertificationNumber","Single line of text","Text","Text","False","False","False","False","Custom Columns","",,,,""
"Workforce List","dd110a2d-a447-4b0e-aec7-c3ff9980bfc9"," Department","Department0","Department0","Lookup","Lookup","Lookup","False","False","False","False","Custom Columns","","6138bc88-b49e-4c46-b4de-5f02fd8da8b0","Name",,""
"Workforce List","dd110a2d-a447-4b0e-aec7-c3ff9980bfc9","Candidate Photo","Photo","Photo","Thumbnail","Thumbnail","Thumbnail","False","False","False","False","Custom Columns","",,,,""
"Workforce List","dd110a2d-a447-4b0e-aec7-c3ff9980bfc9","Status","Status","Status","Choice","Choice","Choice","False","False","False","False","Custom Columns","Active | inactive",,,"Active",""
"Workforce List","dd110a2d-a447-4b0e-aec7-c3ff9980bfc9","Notes","Notes","Notes","Multiple lines of text","Note","Note","False","False","False","False","Custom Columns","",,,,""
"Workforce List","dd110a2d-a447-4b0e-aec7-c3ff9980bfc9","ID","ID","ID","Counter","Counter","Counter","False","False","True","False","Custom Columns","",,,,""
"Workforce List","dd110a2d-a447-4b0e-aec7-c3ff9980bfc9","Content Type","ContentType","ContentType","Computed","Computed","Computed","False","False","False","False","_Hidden","",,,,""
"Workforce List","dd110a2d-a447-4b0e-aec7-c3ff9980bfc9","Modified","Modified","Modified","Date and Time","DateTime","DateTime","False","False","True","False","Custom Columns","",,,,""
"Workforce List","dd110a2d-a447-4b0e-aec7-c3ff9980bfc9","Created","Created","Created","Date and Time","DateTime","DateTime","False","False","True","False","Custom Columns","",,,,""
"Workforce List","dd110a2d-a447-4b0e-aec7-c3ff9980bfc9","Created By","Author","Author","Person or Group","User","User","False","False","True","False","Custom Columns","","{05970f80-1382-466a-ab40-156b3e727c70}","",,""
"Workforce List","dd110a2d-a447-4b0e-aec7-c3ff9980bfc9","Modified By","Editor","Editor","Person or Group","User","User","False","False","True","False","Custom Columns","","{05970f80-1382-466a-ab40-156b3e727c70}","",,""
"Workforce List","dd110a2d-a447-4b0e-aec7-c3ff9980bfc9","Has Copy Destinations","_HasCopyDestinations","_HasCopyDestinations","Yes/No","Boolean","Boolean","False","True","True","False","Custom Columns","",,,,""
"Workforce List","dd110a2d-a447-4b0e-aec7-c3ff9980bfc9","Copy Source","_CopySource","_CopySource","Single line of text","Text","Text","False","True","True","False","Custom Columns","",,,,""
"Workforce List","dd110a2d-a447-4b0e-aec7-c3ff9980bfc9","owshiddenversion","owshiddenversion","owshiddenversion","Integer","Integer","Integer","False","True","True","False","Custom Columns","",,,,""
"Workforce List","dd110a2d-a447-4b0e-aec7-c3ff9980bfc9","Workflow Version","WorkflowVersion","WorkflowVersion","Integer","Integer","Integer","False","True","True","False","Custom Columns","",,,,""
"Workforce List","dd110a2d-a447-4b0e-aec7-c3ff9980bfc9","UI Version","_UIVersion","_UIVersion","Integer","Integer","Integer","False","True","True","False","Custom Columns","",,,,""
"Workforce List","dd110a2d-a447-4b0e-aec7-c3ff9980bfc9","Version","_UIVersionString","_UIVersionString","Single line of text","Text","Text","False","False","True","False","Custom Columns","",,,,""
"Workforce List","dd110a2d-a447-4b0e-aec7-c3ff9980bfc9","Attachments","Attachments","Attachments","Attachments","Attachments","Attachments","False","False","False","False","Custom Columns","",,,,""
"Workforce List","dd110a2d-a447-4b0e-aec7-c3ff9980bfc9","Approval Status","_ModerationStatus","_ModerationStatus","Moderation Status","ModStat","ModStat","False","True","True","False","Custom Columns","0;#Approved | 1;#Rejected | 2;#Pending | 3;#Draft | 4;#Scheduled",,,"0",""
"Workforce List","dd110a2d-a447-4b0e-aec7-c3ff9980bfc9","Edit","Edit","Edit","Computed","Computed","Computed","False","False","True","False","Custom Columns","",,,,""
"Workforce List","dd110a2d-a447-4b0e-aec7-c3ff9980bfc9","Title","LinkTitleNoMenu","LinkTitleNoMenu","Computed","Computed","Computed","False","False","True","False","Custom Columns","",,,,""
"Workforce List","dd110a2d-a447-4b0e-aec7-c3ff9980bfc9","Title","LinkTitle","LinkTitle","Computed","Computed","Computed","False","False","True","False","Custom Columns","",,,,""
"Workforce List","dd110a2d-a447-4b0e-aec7-c3ff9980bfc9","Title","LinkTitle2","LinkTitle2","Computed","Computed","Computed","False","True","True","False","Custom Columns","",,,,""
"Workforce List","dd110a2d-a447-4b0e-aec7-c3ff9980bfc9","Select","SelectTitle","SelectTitle","Computed","Computed","Computed","False","True","True","False","Custom Columns","",,,,""
"Workforce List","dd110a2d-a447-4b0e-aec7-c3ff9980bfc9","Instance ID","InstanceID","InstanceID","Integer","Integer","Integer","False","True","True","False","Custom Columns","",,,,""
"Workforce List","dd110a2d-a447-4b0e-aec7-c3ff9980bfc9","Order","Order","Order","Number","Number","Number","False","True","False","False","Custom Columns","",,,,""
"Workforce List","dd110a2d-a447-4b0e-aec7-c3ff9980bfc9","GUID","GUID","GUID","Guid","Guid","Guid","False","True","True","False","Custom Columns","",,,,""
"Workforce List","dd110a2d-a447-4b0e-aec7-c3ff9980bfc9","Workflow Instance ID","WorkflowInstanceID","WorkflowInstanceID","Guid","Guid","Guid","False","True","True","False","Custom Columns","",,,,""
"Workforce List","dd110a2d-a447-4b0e-aec7-c3ff9980bfc9","URL Path","FileRef","FileRef","Lookup","Lookup","Lookup","False","True","True","False","Custom Columns","","","FullUrl",,""
"Workforce List","dd110a2d-a447-4b0e-aec7-c3ff9980bfc9","Path","FileDirRef","FileDirRef","Lookup","Lookup","Lookup","False","True","True","False","Custom Columns","","","DirName",,""
"Workforce List","dd110a2d-a447-4b0e-aec7-c3ff9980bfc9","Modified","Last_x0020_Modified","Last_x0020_Modified","Lookup","Lookup","Lookup","False","True","True","False","Custom Columns","","","TimeLastModified",,""
"Workforce List","dd110a2d-a447-4b0e-aec7-c3ff9980bfc9","Created","Created_x0020_Date","Created_x0020_Date","Lookup","Lookup","Lookup","False","True","True","False","Custom Columns","","","TimeCreated",,""
"Workforce List","dd110a2d-a447-4b0e-aec7-c3ff9980bfc9","Item Type","FSObjType","FSObjType","Lookup","Lookup","Lookup","False","True","True","False","Custom Columns","","","FSType",,""
"Workforce List","dd110a2d-a447-4b0e-aec7-c3ff9980bfc9","Sort Type","SortBehavior","SortBehavior","Lookup","Lookup","Lookup","False","True","True","False","Custom Columns","","","SortBehavior",,""
"Workforce List","dd110a2d-a447-4b0e-aec7-c3ff9980bfc9","Effective Permissions Mask","PermMask","PermMask","Computed","Computed","Computed","False","True","True","False","Custom Columns","",,,,""
"Workforce List","dd110a2d-a447-4b0e-aec7-c3ff9980bfc9","Principal Count","PrincipalCount","PrincipalCount","Computed","Computed","Computed","False","True","True","False","Custom Columns","",,,,""
"Workforce List","dd110a2d-a447-4b0e-aec7-c3ff9980bfc9","Name","FileLeafRef","FileLeafRef","File","File","File","False","True","False","False","Custom Columns","",,,,""
"Workforce List","dd110a2d-a447-4b0e-aec7-c3ff9980bfc9","Unique Id","UniqueId","UniqueId","Lookup","Lookup","Lookup","False","True","True","False","Custom Columns","","","UniqueId",,""
"Workforce List","dd110a2d-a447-4b0e-aec7-c3ff9980bfc9","Document Parent Identifier","ParentUniqueId","ParentUniqueId","Lookup","Lookup","Lookup","False","True","True","False","Custom Columns","","","ParentUniqueId",,""
"Workforce List","dd110a2d-a447-4b0e-aec7-c3ff9980bfc9","Client Id","SyncClientId","SyncClientId","Lookup","Lookup","Lookup","False","True","True","False","Custom Columns","","","SyncClientId",,""
"Workforce List","dd110a2d-a447-4b0e-aec7-c3ff9980bfc9","ProgId","ProgId","ProgId","Lookup","Lookup","Lookup","False","True","True","False","Custom Columns","","","ProgId",,""
"Workforce List","dd110a2d-a447-4b0e-aec7-c3ff9980bfc9","ScopeId","ScopeId","ScopeId","Lookup","Lookup","Lookup","False","True","True","False","Custom Columns","","","ScopeId",,""
"Workforce List","dd110a2d-a447-4b0e-aec7-c3ff9980bfc9","HTML File Type","HTML_x0020_File_x0020_Type","HTML_x0020_File_x0020_Type","Computed","Computed","Computed","False","True","True","False","Custom Columns","",,,,""
"Workforce List","dd110a2d-a447-4b0e-aec7-c3ff9980bfc9","Edit Menu Table Start","_EditMenuTableStart","_EditMenuTableStart","Computed","Computed","Computed","False","True","True","False","Custom Columns","",,,,""
"Workforce List","dd110a2d-a447-4b0e-aec7-c3ff9980bfc9","Edit Menu Table Start","_EditMenuTableStart2","_EditMenuTableStart2","Computed","Computed","Computed","False","True","True","False","Custom Columns","",,,,""
"Workforce List","dd110a2d-a447-4b0e-aec7-c3ff9980bfc9","Edit Menu Table End","_EditMenuTableEnd","_EditMenuTableEnd","Computed","Computed","Computed","False","True","True","False","Custom Columns","",,,,""
"Workforce List","dd110a2d-a447-4b0e-aec7-c3ff9980bfc9","Name","LinkFilenameNoMenu","LinkFilenameNoMenu","Computed","Computed","Computed","False","True","True","False","Custom Columns","",,,,""
"Workforce List","dd110a2d-a447-4b0e-aec7-c3ff9980bfc9","Name","LinkFilename","LinkFilename","Computed","Computed","Computed","False","True","True","False","Custom Columns","",,,,""
"Workforce List","dd110a2d-a447-4b0e-aec7-c3ff9980bfc9","Name","LinkFilename2","LinkFilename2","Computed","Computed","Computed","False","True","True","False","Custom Columns","",,,,""
"Workforce List","dd110a2d-a447-4b0e-aec7-c3ff9980bfc9","Type","DocIcon","DocIcon","Computed","Computed","Computed","False","False","True","False","Custom Columns","",,,,""
"Workforce List","dd110a2d-a447-4b0e-aec7-c3ff9980bfc9","Server Relative URL","ServerUrl","ServerUrl","Computed","Computed","Computed","False","True","True","False","Custom Columns","",,,,""
"Workforce List","dd110a2d-a447-4b0e-aec7-c3ff9980bfc9","Encoded Absolute URL","EncodedAbsUrl","EncodedAbsUrl","Computed","Computed","Computed","False","True","True","False","Custom Columns","",,,,""
"Workforce List","dd110a2d-a447-4b0e-aec7-c3ff9980bfc9","File Name","BaseName","BaseName","Computed","Computed","Computed","False","True","True","False","Custom Columns","",,,,""
"Workforce List","dd110a2d-a447-4b0e-aec7-c3ff9980bfc9","Property Bag","MetaInfo","MetaInfo","Lookup","Lookup","Lookup","False","True","False","False","Custom Columns","","","MetaInfo",,""
"Workforce List","dd110a2d-a447-4b0e-aec7-c3ff9980bfc9","Level","_Level","_Level","Integer","Integer","Integer","False","True","True","False","Custom Columns","",,,,""
"Workforce List","dd110a2d-a447-4b0e-aec7-c3ff9980bfc9","Is Current Version","_IsCurrentVersion","_IsCurrentVersion","Yes/No","Boolean","Boolean","False","True","True","False","Custom Columns","",,,,""
"Workforce List","dd110a2d-a447-4b0e-aec7-c3ff9980bfc9","Item Child Count","ItemChildCount","ItemChildCount","Lookup","Lookup","Lookup","False","False","True","False","Custom Columns","","","ItemChildCount",,""
"Workforce List","dd110a2d-a447-4b0e-aec7-c3ff9980bfc9","Folder Child Count","FolderChildCount","FolderChildCount","Lookup","Lookup","Lookup","False","False","True","False","Custom Columns","","","FolderChildCount",,""
"Workforce List","dd110a2d-a447-4b0e-aec7-c3ff9980bfc9","Restricted","Restricted","Restricted","Lookup","Lookup","Lookup","False","True","True","False","Custom Columns","","","Restricted",,""
"Workforce List","dd110a2d-a447-4b0e-aec7-c3ff9980bfc9","Originator Id","OriginatorId","OriginatorId","Lookup","Lookup","Lookup","False","True","True","False","Custom Columns","","","OriginatorId",,""
"Workforce List","dd110a2d-a447-4b0e-aec7-c3ff9980bfc9","NoExecute","NoExecute","NoExecute","Lookup","Lookup","Lookup","False","True","True","False","Custom Columns","","","DocFlags",,""
"Workforce List","dd110a2d-a447-4b0e-aec7-c3ff9980bfc9","Content Version","ContentVersion","ContentVersion","Lookup","Lookup","Lookup","False","True","True","False","Custom Columns","","","ContentVersion",,""
"Workforce List","dd110a2d-a447-4b0e-aec7-c3ff9980bfc9","Label setting","_ComplianceFlags","_ComplianceFlags","Lookup","Lookup","Lookup","False","False","True","False","Custom Columns","","","ComplianceFlags",,""
"Workforce List","dd110a2d-a447-4b0e-aec7-c3ff9980bfc9","Retention label","_ComplianceTag","_ComplianceTag","Lookup","Lookup","Lookup","False","False","True","False","Custom Columns","","","ComplianceTag",,""
"Workforce List","dd110a2d-a447-4b0e-aec7-c3ff9980bfc9","Retention label Applied","_ComplianceTagWrittenTime","_ComplianceTagWrittenTime","Lookup","Lookup","Lookup","False","False","True","False","Custom Columns","","","ComplianceTagWrittenTime",,""
"Workforce List","dd110a2d-a447-4b0e-aec7-c3ff9980bfc9","Label applied by","_ComplianceTagUserId","_ComplianceTagUserId","Lookup","Lookup","Lookup","False","False","True","False","Custom Columns","","","ComplianceTagUserId",,""
"Workforce List","dd110a2d-a447-4b0e-aec7-c3ff9980bfc9","Item is a Record","_IsRecord","_IsRecord","Computed","Computed","Computed","False","False","True","False","Custom Columns","",,,,""
"Workforce List","dd110a2d-a447-4b0e-aec7-c3ff9980bfc9","Access Policy","AccessPolicy","AccessPolicy","Lookup","Lookup","Lookup","False","True","True","False","Custom Columns","","","AccessPolicy",,""
"Workforce List","dd110a2d-a447-4b0e-aec7-c3ff9980bfc9","VirusStatus","_VirusStatus","_VirusStatus","Lookup","Lookup","Lookup","False","True","True","False","Custom Columns","","","VirusStatus",,""
"Workforce List","dd110a2d-a447-4b0e-aec7-c3ff9980bfc9","VirusVendorID","_VirusVendorID","_VirusVendorID","Lookup","Lookup","Lookup","False","True","True","False","Custom Columns","","","VirusVendorID",,""
"Workforce List","dd110a2d-a447-4b0e-aec7-c3ff9980bfc9","VirusInfo","_VirusInfo","_VirusInfo","Lookup","Lookup","Lookup","False","True","True","False","Custom Columns","","","VirusInfo",,""
"Workforce List","dd110a2d-a447-4b0e-aec7-c3ff9980bfc9","RansomwareAnomalyMetaInfo","_RansomwareAnomalyMetaInfo","_RansomwareAnomalyMetaInfo","Lookup","Lookup","Lookup","False","True","True","False","Custom Columns","","","RansomwareAnomalyMetaInfo",,""
"Workforce List","dd110a2d-a447-4b0e-aec7-c3ff9980bfc9","Draft Owner Id","_DraftOwnerId","_DraftOwnerId","Lookup","Lookup","Lookup","False","True","True","False","Custom Columns","","","DraftOwnerId",,""
"Workforce List","dd110a2d-a447-4b0e-aec7-c3ff9980bfc9","Main Link settings","MainLinkSettings","MainLinkSettings","Computed","Computed","Computed","False","True","True","False","Custom Columns","",,,,""
"Workforce List","dd110a2d-a447-4b0e-aec7-c3ff9980bfc9","App Created By","AppAuthor","AppAuthor","Lookup","Lookup","Lookup","False","False","True","False","Custom Columns","","AppPrincipals","Title",,""
"Workforce List","dd110a2d-a447-4b0e-aec7-c3ff9980bfc9","App Modified By","AppEditor","AppEditor","Lookup","Lookup","Lookup","False","False","True","False","Custom Columns","","AppPrincipals","Title",,""
"Workforce List","dd110a2d-a447-4b0e-aec7-c3ff9980bfc9","Total Size","SMTotalSize","SMTotalSize","Lookup","Lookup","Lookup","False","True","True","False","Custom Columns","","","SMTotalSize",,""
"Workforce List","dd110a2d-a447-4b0e-aec7-c3ff9980bfc9","Last Modified Date","SMLastModifiedDate","SMLastModifiedDate","Lookup","Lookup","Lookup","False","True","True","False","Custom Columns","","","SMLastModifiedDate",,""
"Workforce List","dd110a2d-a447-4b0e-aec7-c3ff9980bfc9","Total File Stream Size","SMTotalFileStreamSize","SMTotalFileStreamSize","Lookup","Lookup","Lookup","False","True","True","False","Custom Columns","","","SMTotalFileStreamSize",,""
"Workforce List","dd110a2d-a447-4b0e-aec7-c3ff9980bfc9","Total File Count","SMTotalFileCount","SMTotalFileCount","Lookup","Lookup","Lookup","False","True","True","False","Custom Columns","","","SMTotalFileCount",,""
"Workforce List","dd110a2d-a447-4b0e-aec7-c3ff9980bfc9","Comment settings","_CommentFlags","_CommentFlags","Lookup","Lookup","Lookup","False","True","True","False","Custom Columns","","","CommentFlags",,""
"Workforce List","dd110a2d-a447-4b0e-aec7-c3ff9980bfc9","Comment count","_CommentCount","_CommentCount","Lookup","Lookup","Lookup","False","True","True","False","Custom Columns","","","CommentCount",,""
